Tag;English_Source
Gameplay_Lang;English
ATOW_Preparations_Title;<b>Preparations</b>
ATOW_Preparations_Content;Have the contents of the 'A Time of War' Scenario Box <icon=S3_ScenarioIcon> nearby:<br /><sprite=ScenarioBox3D_War><br />Retrieve the Scenario cards, Estates Upgrades, and the tokens featuring the Scenario Icon. Leave all the other components in the scenario box until instructed.<br /><br />Take the Disease <icon=S3_DiseaseCard> deck of cards and the Time Machine Repairs <icon=S3_TimeMachineRepairs> cards and place them back into the scenario box for now.<br /><br />Take the remaining scenario cards and shuffle them in with the appropriate decks based on their card backs.<br /><br />Take the Estate Upgrades and shuffle them in with their respective types.<br /><br />The scenario tokens can be separated by image and placed into a general supply within reach of all players.<br /><br />Remove one A Experiment from the top of the A Experiment deck for each player in the game. Shuffle the 'Time Machine' A Experiment from the Scenario Box into these cards. Then, deal one A Experiment to each player and discard the remaining card. Players keep this card face-down near their play area as their starting Experiment.<br /><br />Deal each player 1 starting <icon=CompulsionBack> card, 1 Servant, 1 Caretaker and $5 from the general supply. Players place the Servant and Caretaker in the Quarters of their Estate.<br /><br />Each player takes the matching 4 Player Order tokens of their color and places 1 on the 0 space of the VP Track, and 3 on the 0 spaces of the Knowledge Track.<br /><br />Each player takes 1 'Hubris' token (they all have the same backs) and places it in the 'Study' of their Estate with the 'Hubris' side face-up.<br /><br />Turn the Village Chronicle to page <b>1</b>.<br /><br />Place the Angry Mob token on the '{{0=|5|6|7}}' space of the Insanity Track.<br /><br />Return the remaining Scenario Boxes to the main game box.
ForewordScen2_Title;<b>A Time of War : A Memoir Across Three Generations</b>
ForewordScen2_Content;The air hangs heavy with the scent of gunpowder and fear. Across the continent, old alliances fracture as the Unified Monarchists and the Separatists clash for supremacy. Even in our quiet corner of the world, the drumbeat of war grows louder with every passing day.<br /><br />Our father's work does not pause for the petty squabbles of kings and rebels, yet we cannot ignore the storm gathering at our doorstep. Whether we profit from the conflict or shield our estates from its fury, the choices we make in the coming years will echo across generations.
ATimeofWarIntro_SubTitle;Taking Sides
ATimeofWarIntro_Content;Word has reached the village that armies are marching through the neighboring provinces. In the taverns and the Town Hall, whispers of espionage, conscription, and fortune-making dominate every conversation.<br /><br />Representatives from both factions have been spotted in the region, each seeking coin, supplies, and loyalty. Soon, our village will be forced to declare where it stands.
IntroConflict_Title;<b>War on the Horizon</b>
IntroConflict_Content;A regiment of the <b>{{0=warwinner}}</b> has established an outpost near the border of our valley. Their scouts ride openly along the high roads, and their emissaries have already begun courting the local magistrate.<br /><br />Though the outcome of this war is far from certain, the presence of the {{0=warwinner}} has emboldened their sympathizers in town while driving their rivals into the shadows.
IntroConflict_0_Content;Place the <b>{{0=warwinner}}</b> Flag token on the Town Hall space of the Village Chronicle.<br /><br />Whenever a player visits the Town Hall, they may pledge their support or uncover rumors about the war effort.
TakeSidesSetup_Content;Place the Wooden Figure token <icon=S3_WoodenFigureToken> on the <b>{{0=tracker}}</b> space of the Score Track. At the end of each round, it will move 1 space toward 0. When it reaches 0, a major military event will occur.<br /><br />Give the Storybook token <icon=StorybookToken> to <b>{{1=startPlayer}}</b>, who will be the Starting Player for this Generation.
TakeSides_Title;Tides of War
TakeSides_TownHall_Title;<icon=StorybookToken> <b>Town Hall - Political Rumblings</b>
TakeSides_TownHall_Content;When taking the Town Hall action, in addition to its normal benefit, a player may trade 1 Knowledge cube of any type to listen to the latest political rumors in town.
TakeSides_TownHall_ClickHere;Click here when a player trades a Knowledge cube at the Town Hall
TakeSides_Pledge_Title;<b>Second Round - Pledge of Support</b>
TakeSides_Pledge_Content;{{0=?|Starting next round, players will have the opportunity to formally pledge their support to one of the warring factions.|During the Middle Years, players should prepare their estates and resources for the upcoming military vote at the end of this round.}}
TakeSides_MilitaryDemands_Title;<b>Military Demands</b>
TakeSides_MilitaryDemands_Content;Because the town voted to construct a Barracks, the occupying garrison has issued strict demands. At the start of this round, any player with a Caretaker on the Barracks must place that Caretaker into <b>Lost</b>.
TakeSides_MilitaryService_Title;<b>Military Service</b>
TakeSides_MilitaryService_Content;At the start of this round, return any Caretaker on the Barracks to <b>your Quarters</b>. During this round, each player must take an action at the Barracks to fulfill their service. Any player who does not have a piece on the Barracks at the end of this Generation will lose 5VP.
TakeSides_KnowledgeBonus_Title;<b>Town Investment - Knowledge</b>
TakeSides_KnowledgeBonus_Content;Thanks to the town's investment in academic research, whenever a player takes the University action this round, they gain 1 additional Knowledge cube of their choice.
TakeSides_IngredientBonus_Title;<b>Town Investment - Ingredients</b>
TakeSides_IngredientBonus_Content;Thanks to the town's investment in supply depots, whenever a player takes the Farmers Market or Hardware Store action this round, they may gain 1 additional Ingredient of their choice for $1.
TakeSides_WealthBonus_Title;<b>Town Investment - Wealth</b>
TakeSides_WealthBonus_Content;Thanks to the town's investment in commerce, whenever a player takes the Bank action this round, they gain $1 additional.
TakeSides_End_Title;<b>End of Round</b>
TakeSides_End_Content;When all players have passed and the round has ended:
RumorD_Title;<b>Whispers in the Hall</b>
RumorD_Content;{{0=|You slip a scholar's treatise across the clerk's desk in exchange for access to the private parlor, where townsfolk speak in hushed tones.|After sharing your research notes with the local magistrate, you linger in the corridor and overhear two conversations unfolding nearby.|In the dim light of the archives, your contribution of knowledge earns you a seat beside the town's most well-connected gossips.|The tavern adjacent to the Town Hall is alive with intrigue. You lean in close as two separate groups debate the war's progress.}}<br /><br />Which conversation do you wish to eavesdrop on?
RumorD_Content1;{{0=|A decorated military officer speaking quietly with a courier.|A hooded figure clutching a satchel of coded dispatches.|A wild-eyed hermit muttering about visions of the future.|A fiery rebel organizer rallying dockworkers in the corner.|An aristocratic diplomat sipping wine with the town banker.|A wealthy industrialist proposing a grand civic investment.}}
RumorD_Content2;{{0=|A decorated military officer speaking quietly with a courier.|A hooded figure clutching a satchel of coded dispatches.|A wild-eyed hermit muttering about visions of the future.|A fiery rebel organizer rallying dockworkers in the corner.|An aristocratic diplomat sipping wine with the town banker.|A wealthy industrialist proposing a grand civic investment.}}
TownHallSpecial_Title;<b>Village Meeting</b>
TownHallSpecial_Content;As the Early Years draw to a close, the magistrate summons the prominent families of the valley to an emergency session at the Town Hall.<br /><br />In the crowded assembly chambers, representatives from every walk of life trade rumors and lobby for the village's future. Starting with the player holding the Storybook token and proceeding clockwise, each player will have a chance to privately investigate one of the conversations taking place.
TownHallS1_Title;<b>Private Investigation</b>
TownHallS1_Content;Hand the Storybook to <b>{{0=player}}</b>.<br /><br />As the assembly debates in the main hall, you notice two intriguing conversations nearby. Which do you choose to investigate?
TownHallS1_Content1;{{0=|A decorated military officer speaking quietly with a courier.|A hooded figure clutching a satchel of coded dispatches.|A wild-eyed hermit muttering about visions of the future.|A fiery rebel organizer rallying dockworkers in the corner.|An aristocratic diplomat sipping wine with the town banker.|A wealthy industrialist proposing a grand civic investment.}}
TownHallS1_Content2;{{0=|A decorated military officer speaking quietly with a courier.|A hooded figure clutching a satchel of coded dispatches.|A wild-eyed hermit muttering about visions of the future.|A fiery rebel organizer rallying dockworkers in the corner.|An aristocratic diplomat sipping wine with the town banker.|A wealthy industrialist proposing a grand civic investment.}}
RumorD1_Title;<b>Secret Information</b>
RumorD1_Content;Read the following passage in secret. Do not share its contents with the other players unless you wish to.
RumorD1_Reveal_Title;<b>The Officer's Dispatch</b>
RumorD1_Reveal_Content;You edge closer to the military officer as he unseals a dispatch bearing the {{0=crestIcon}} crest of the <b>{{1=warwinner}}</b>.<br /><br />{{2=?|'Our supply lines are stretched thin,' the officer whispers grimly. 'If they push toward the valley, our defenses will crumble and the town will be reduced to rubble.'|'Reinforcements have arrived at the front,' the officer smiles coldly. 'When the offensive begins, our banner will fly uncontested over this entire province.'}}<br /><br />Before departing, the officer notices your interest and presses a {{0=crestIcon}} token into your palm. 'Keep this safe. Our allies will be rewarded when the time comes.'
RumorD1_Setup_Content;Gain the {{0=crestIcon}} token from the supply and place it in your play area.
RumorD2_Title;<b>Secret Information</b>
RumorD2_Content;Read the following passage in secret. Do not share its contents with the other players unless you wish to.
RumorD2_Reveal_Title;<b>Coded Dispatches</b>
RumorD2_Reveal_Content;The hooded courier glances over his shoulder before sliding a velvet pouch across the table. Inside gleams a {{0=figIcon}} token used by underground agents to identify covert cells.<br /><br />'The tide is turning in the shadows,' the courier murmurs. 'Hold onto this {{0=figIcon}} token. Those who carry our mark will find doors opened when the occupation begins.'
RumorD2_Setup_Content;Gain the {{0=figIcon}} token from the supply and place it in your play area.
RumorD3_Title;<b>Secret Information</b>
RumorD3_Content;Read the following passage in secret. Do not share its contents with the other players unless you wish to.
RumorD3_Reveal_Title;<b>The Aristocrat's Confession</b>
RumorD3_Reveal_Content;Over a glass of vintage port, the Monarchist diplomat confides in the town banker. 'The Crown's coffers are nearly exhausted, yet our generals insist on one decisive campaign. Those who pledge to the Unified Monarchists now will be handsomely compensated at the upcoming assembly.'{{0=?|<br /><br />He lowers his voice further. 'Should the Separatists prevail, however, rumor has it their commanders will show no quarter to anyone who refuses them.'|}}
RumorD4_Title;<b>Secret Information</b>
RumorD4_Content;Read the following passage in secret. Do not share its contents with the other players unless you wish to.
RumorD4_Reveal_Title;<b>The Rebel's Promise</b>
RumorD4_Reveal_Content;The Separatist organizer pounds his fist softly on the table. 'The people are tired of royal taxes and conscription! When the town votes on the military garrison, every citizen who stands with the Separatists will receive a share of the liberated treasury.'
RumorD5_Title;<b>Secret Information</b>
RumorD5_Content;Read the following passage in secret. Do not share its contents with the other players unless you wish to.
RumorD5_Reveal_Title;<b>Visions of Tomorrow</b>
RumorD5_Reveal_Content;The wild-eyed hermit grabs your sleeve with trembling fingers, pressing a hand-carved wooden figure <icon=S3_WoodenFigureToken> into your hand.<br /><br />{{0=?|'I have seen the sky tear open!' he rasps. 'Fire and ash will swallow this town, and then... time itself will bend backward upon its own gears!'|'I have seen boots marching down every cobblestone street!' he whispers. 'Iron law and banners of war will rule this valley for a generation!'}}
RumorD5_Setup_Content;Gain a <icon=S3_WoodenFigureToken> token from the supply and place it in your play area.
RumorD6Guns_Title;<b>Secret Information</b>
RumorD6Guns_Content;Read the following passage in secret. Do not share its contents with the other players unless you wish to.
RumorD6Guns_Reveal_Title;<b>A Civic Proposal</b>
RumorD6Guns_Reveal_Content;The wealthy industrialist spreads a set of blueprints across the table. 'With war approaching, the town council has surplus funds to invest in one major sector of our local economy. As a respected scholar, your recommendation will decide where the magistrate directs the funding.'<br /><br />Which civic investment do you endorse?
RumorD6Guns_Reveal_Content1;{{0=|Fund the University archives to advance <b>Knowledge</b>.|Expand the regional warehouses to secure <b>Ingredients</b>.|Subsidize the town bank to stimulate <b>Wealth</b>.}}
RumorD6Guns_Reveal_Content2;{{0=|Fund the University archives to advance <b>Knowledge</b>.|Expand the regional warehouses to secure <b>Ingredients</b>.|Subsidize the town bank to stimulate <b>Wealth</b>.}}
RumorD6Confirm_Title;<b>Proposal Endorsed</b>
RumorD6Confirm_Content;The industrialist nods approvingly and seals your recommendation into an official ledger. '{{0=|The University will receive the council's full backing.|Our supply depots will be stocked with the finest ingredients.|The town bank will open new lines of credit immediately.}}'
RumorCreep_Title;<b>Unsettling Encounter</b>
RumorCreep_Content;As you step away from the hermit, a cold shiver runs down your spine. His ravings about fractured timelines and approaching doom linger in your thoughts all the way back to your estate.
RumorCreep_Setup_Content;Advance your Insanity Marker 1 space on the Insanity Track <icon=Creepy_Icon>.
RumorIngredient_Title;<b>Surplus Supplies</b>
RumorIngredient_Content;On your way out of the Town Hall, a grateful quartermaster offers you a crate of surplus materials left behind by a passing supply wagon.
RumorIngredient_Setup_Content;Gain 1 Ingredient of your choice from the supply.
RumorKnowledge_Title;<b>Forgotten Notes</b>
RumorKnowledge_Content;While perusing the Town Hall records, you discover a bundle of correspondence left behind by a visiting natural philosopher.
RumorKnowledge_Setup_Content;Gain 1 Knowledge cube of your choice from the supply.
RumorPitch_Title;<b>ALucrative Buyer</b>
RumorPitch_Content;A military procurement agent approaches you on the steps of the Town Hall, offering hard coin in exchange for any theoretical schematics you are willing to part with.
RumorPitch_Setup_Content;You may discard 1 Experiment card to gain $3 from the supply.
GunsAnnouncement_Title;<b>An Investment in {{0=townName}}</b>
GunsAnnouncement_Content;Before adjourning the assembly, the magistrate announces the council's new economic initiative for <b>{{0=townName}}</b>:<br /><br />'{{1=|By order of the town council, additional grants have been awarded to the University! Scholars studying there will gain extra Knowledge.|By order of the town council, our markets and depots have been expanded! Citizens may purchase extra Ingredients when visiting town shops.|By order of the town council, the local bank has been subsidized! Citizens visiting the Bank will receive additional funds.}}'
TakeEvent_Title;<b>Military Protection</b>
TakeEvent_Content;As the Middle Years conclude, a battalion of the <b>{{0=warwinner}}</b> marches into the town square. Their commander demands that the village construct a fortified <b>Barracks</b> to house their troops against the <b>{{1=warloser}}</b>.<br /><br />The magistrate calls an immediate vote. Players will now secretly bid money in their hand (including $0) and simultaneously reveal their bids. Each player also states whether they are voting <b>Yay</b> (to build the Barracks) or <b>Nay</b> (against building the Barracks). Add up the total money bid for each side to determine the outcome.
TakeEventb_Title;<b>Votes Tallied</b>
TakeEventb_Content;Count the total coin bid for each side (in case of a tie, the player with the Storybook token decides). What was the result of the town vote?
TakeEventb_Content1;Yay. We voted to build a Barracks.
TakeEventb_Content2;Nay. We voted against.
ResolutionofEvent_Title;<b>The Town's Reaction</b>
ResolutionofEvent_Content;{{1=?|With the funds secured, construction on the new Barracks begins immediately. The <b>{{0=warwinner}}</b> commander commends the town's loyalty, though many villagers eye the new garrison with unease.|The town council formally rejects the proposal to build a Barracks. The <b>{{0=warwinner}}</b> commander storms out of the hall, warning that the village will have to fend for itself when the fighting reaches the valley.}}<br /><br />{{2=|In a 2-player game, each player may now claim 1 Flag token representing the faction they supported during the vote.|Each player may now claim 1 Flag token representing the faction they supported during the vote.}}
ResolutionofEvent_Setup_Content;{{2=?|All players who voted <b>Yay</b> pay the money they bid and may take a <b>{{0=warwinner}}</b> Flag token. Players who voted <b>Nay</b> keep their money and may take a <b>{{1=warloser}}</b> Flag token.|All players who voted <b>Nay</b> pay the money they bid and may take a <b>{{1=warloser}}</b> Flag token. Players who voted <b>Yay</b> keep their money and may take a <b>{{0=warwinner}}</b> Flag token.}}<br /><br />{{3=||Each player with a Separatists Flag token gains $2.|Each player with a Separatists Flag token gains 1 Creepy <icon=Creepy_Icon>.}}<br />{{4=||Each player with a Unified Monarchists Flag token gains 2VP.|Each player with a Unified Monarchists Flag token must discard 1 Resource.}}
TakeEventFlag_Title;<b>Change of Allegiance</b>
TakeEventFlag_Content;Unexpectedly, a sudden counter-offensive shifts the front lines overnight!{{2=?| Despite the newly built Barracks, the <b>{{0=warwinner}}</b> garrison is forced to withdraw as forces of the <b>{{1=warloser}}</b> sweep into the region.| Emboldened by the town's refusal to build a garrison for the <b>{{0=warwinner}}</b>, vanguard units of the <b>{{1=warloser}}</b> march into town and raise their banner over the Town Hall!}}
TakeEventFlag_Setup_Content;Replace the <b>{{0=warwinner}}</b> Flag token on the Town Hall with the <b>{{1=warloser}}</b> Flag token.
TakeSides3Setup_Content;{{0=?|Turn to page <b>2</b> of the Village Chronicle.<br /><br />Each player takes 1 Caretaker from <b>Lost</b> and places it on the newly constructed <b>Barracks</b> location on the Village Chronicle.|Turn to page <b>3</b> of the Village Chronicle.}}
TSBarracksPenalty_Title;<b>Lack of Service Penalty</b>
TSBarracksPenalty_Content;The garrison commander inspects the Barracks roster as the generation comes to an end. Any player who still has a Caretaker remaining in their Quarters or on the Barracks without having fulfilled the required Military Service loses <b>5VP</b>.
SeedGUNS_Title;<b>{{0=|Knowledge Bonus|Ingredient Bonus|Wealth Bonus}}</b>
SeedGUNS_Content;The council's civic investment earlier in the generation has borne fruit!{{0=| The University's expanded archives have elevated the prestige of the most learned scholars in the valley.| The overflowing supply depots have rewarded those who stockpiled the rarest alchemical ingredients.| The thriving town bank has paid out handsome dividends to the wealthiest estates.}}
SeedGUNS_Setup_Content;The player with the most {{1=|Knowledge cubes|Ingredients|Money}} (in case of a tie, all tied players) gains <b>{{0=vp}}VP</b>!
Warwarn_Title;<b>WARNING</b>
Warwarn_Content;<b>IMPORTANT:</b> During the upcoming End of Generation cleanup, <b>do NOT discard your completed Experiments</b>! Keep all completed Experiments from this Generation face-up near your play area, as they will be checked at the start of the next Generation.
TowardsDev_Title;<b>Under Unfortunate Circumstances</b>
TowardsDev_Content;{{1=?|Despite the fortifications of the Barracks, the war erupts with unimaginable ferocity.|Without a Barracks to defend the valley, the town is caught completely unprepared when the artillery barrages begin.}} Armies of the <b>{{0=warwinner}}</b> and their rivals clash directly in the streets of our village.<br /><br />Shells rain down upon the cobblestones, reducing shops, estates, and laboratories to smoldering ruins. As the fires consume a lifetime of research, you lock your journals inside the estate vault and flee into the night.
TowardsDev_EndGen_Content;Perform all standard End of Generation steps, <b>EXCEPT do not discard your completed Experiments</b>.<br /><br />Once you are ready to proceed to Generation II, click Confirm.
TowardsWar_Title;<b>A Town Fully Defended</b>
TowardsWar_Content;{{1=?|Bolstered by the town's Barracks, the regiments of the <b>{{0=warwinner}}</b> repel the enemy offensive at the valley border!|Despite the lack of a local Barracks, the main army of the <b>{{0=warwinner}}</b> crushes the opposition before the fighting can damage the village!}}<br /><br />As the dust settles, the victorious <b>{{0=warwinner}}</b> declare martial law across the entire province. Their banners hang from every lamppost, and a permanent military governor is appointed to oversee our town for the next generation.
TowardsWar_EndGen_Content;Perform all standard End of Generation steps.<br /><br />Once you are ready to proceed to Generation II, click Confirm.
TimeTravelintro_Title;<b>A Town in Shambles</b>
TimeTravelintro_Content;Decades have passed since the bombardment, yet the valley remains a scarred wasteland of collapsed roofs and blackened stone. Returning to your ancestral estate, you uncover the subterranean vault left behind by your predecessor.
TimeTravelintro_0_Content;Turn to page <b>12</b> in the Village Chronicle.
TimeTravelintro1_SubTitle;A Return to Devastation
TimeTravelintro1_Content;Inside the vault, amid the dust and shattered glassware, stands a towering contraption of brass coils, chronometric gears, and glowing vacuum tubes. Beside it lies your parent's final journal.<br /><br />The notes describe an audacious plan: to harness temporal energy and journey back to the fateful days before the war destroyed the village, altering history itself!
TimeTravelIntro2_Title;<b>A Well Timed Discovery</b>
TimeTravelIntro2_Content;{{0=|Both of your families have independently uncovered temporal apparatus beneath your estates.|All three of your families have uncovered interconnected temporal apparatus beneath your estates.|All four of your families have uncovered interconnected temporal apparatus beneath your estates.}} Before activating the machine, you examine the completed Experiments from the previous Generation to see if anyone managed to perfect the prototype before the town fell.
TimeMachineExperiment_Title;<b>A Time Machine... But, I Thought...?</b>
TimeMachineExperiment_Content;Did any player complete the <b>'Time Machine'</b> A Experiment during Generation I? (Check all completed Experiments from Generation I, then discard all completed Experiments from Generation I as normal.)
TMReplace_Title;<b>A Time Loop Created</b>
TMReplace_Content;Incredible! Because the Time Machine Experiment was already completed in the past, its resonant chronal field has anchored itself across timelines, transforming the prototype into a true Masterwork!
TMReplace_0_Content;The player who completed the 'Time Machine' Experiment in Generation I retrieves the <b>Time Machine Masterwork Upgrade</b> <icon=S3_MWUpgradeTimeMaching> from the Scenario Box and places it on their Masterwork space, replacing one of their Masterwork requirements!
TTIntro3_Title;<b>To the Past</b>
TTIntro3_Content;With a deafening roar of arc lightning, you throw the master switch! The ruined walls of your laboratory dissolve into a swirling vortex of light and memory.<br /><br />When the dizziness subsides, you step out onto the balcony—and gasp. The church spire stands whole, the markets are bustling with life, and the war has not yet reached the valley! You have returned to the exact moment the crisis began, armed with knowledge of the future.
TimeTokens_Title;<b>The Chance of Paradox</b>
TimeTokens_Content;Meddling with the timeline carries grave risks. Whenever you alter events or interact with forces that already existed in your past, temporal anomalies—known as <b>Paradoxes</b>—will accumulate around your estate.
TimeTokens_0_Content;Place all <b>Paradox tokens</b> <icon=S3_ParadoxToken> in a supply near the board.<br /><br />Each player takes <b>2 Paradox tokens</b> <icon=S3_ParadoxToken> and places 1 on any Experiment card in their hand or play area and 1 in their personal play area. Whenever you complete or discard an Experiment with a Paradox token on it, that Paradox token moves to your personal play area.
TimeTravelSetup_Content;Turn to page <b>13</b> in the Village Chronicle.<br /><br />Flip all Masterwork cards face-down (they cannot be completed in the normal manner while the timeline is unstable).<br /><br />Move the Angry Mob token 1 space to the left on the Insanity Track.<br /><br />{{0=?|Because this is a 3-player game, pass the Starting Player (Storybook token) 1 player to the left.<br /><br />|}}Each player takes their second Caretaker from <b>Lost</b> and places it in the Quarters of their Estate.
TimeTravel_Title;Tides of War 2
TimeTravel_MilitaryDemands_Title;<b>Military Demands</b>
TimeTravel_MilitaryDemands_Content;Because the Barracks was built in this altered timeline, during the Late Years every player must take at least one action at the Barracks (this action provides no benefit other than fulfilling your military obligation). Any player who does not have a piece on the Barracks at the end of the round will lose 5VP.
TimeTravel_RepairTimeMachine_Title;<icon=StorybookToken> <b>Repair the Time Machine</b>
TimeTravel_RepairTimeMachine_Content;The temporal jump damaged the chronal core of your Time Machine. If the players collectively collect all 3 <b>Time Machine Repairs</b> cards and spend an action to assemble them, the machine can be fully repaired.
TimeTravel_RepairTimeMachine_ClickHere;Click here once the Time Machine has been repaired
TimeTravel_ParadoxExplanation_Title;<icon=StorybookToken> <b>Paradox Explanation</b>
TimeTravel_ParadoxExplanation_Content;Need a reminder of how Paradox tokens <icon=S3_ParadoxToken> work and how to remove them from your play area?
TimeTravel_ParadoxMending_Title;<icon=StorybookToken> <b>Paradoxical Mending Reward</b>
TimeTravel_ParadoxMending_Content;The first player to completely clear all Paradox tokens <icon=S3_ParadoxToken> from their play area and Experiments may claim a special temporal reward.
TimeTravel_ParadoxMending_ClickHere;Click here when a player has zero Paradox tokens
TimeTravel_End_Title;<b>End of Round</b>
TimeTravel_End_Content;When all players have passed and the round has ended:
ParadoxExReminder_Title;<b>Removing Paradox</b>
ParadoxExReminder_Content;<b>Paradox Rules Reminder:</b><br /><br />- Whenever you complete or discard an Experiment that has a Paradox token <icon=S3_ParadoxToken> on it, place that token into your play area.<br />- You may remove 1 Paradox token from your play area whenever you take an action at the Church or when an effect instructs you to discard a Paradox token.<br />- Having too many Paradox tokens at the end of the Generation may fracture the timeline!
TriggerParadox_Title;<b>Ease of Anxiety</b>
TriggerParadox_Content;As the last temporal anomaly fades from your laboratory, the oppressive buzzing in your ears finally ceases. Your mind feels sharper than ever, unburdened by the weight of conflicting timelines.
TriggerParadox_0_Content;Gain <b>{{0=vp}}VP</b> and <b>1 Knowledge cube</b> of your choice from the supply!
ATimeMachineRepaired_Title;<b>A Vehicle Through Time</b>
ATimeMachineRepaired_Content;With the final chronometric coil locked into place, the Time Machine hums with steady, harmonious power! No matter what happens to the village at the end of this Generation, your escape route through the timestream is now secure.
FixIt_Title;<b>Accidental Discovery</b>
FixIt_Content;While calibrating your instruments at the end of the Early Years, you realize that several crucial components of the Time Machine were scattered across the village during your arrival!
FixIt_0_Content;Retrieve the 3 <b>Time Machine Repairs</b> <icon=S3_TimeMachineRepairs> cards from the Scenario Box and place them face-up near the Village Chronicle so players can acquire them during the Middle and Late Years.
Militarytoken_Title;<b>Secret Information</b>
Militarytoken_Content;If any player currently holds the {{0=crestIcon}} token from Generation I, hand the Storybook to that player to read the next passage in secret.
Militarytoken_0_Title;<b>Duplicitous Duplicate</b>
Militarytoken_0_Content;While walking through the mist outside the Town Hall, you freeze in horror—standing under the streetlamp is your own past self, clutching the {{0=crestIcon}} token given to you by the military officer!<br /><br />Did you follow the officer's orders and use that token to aid their cause, or did you defy them?
Militarytoken_0_Content1;I followed.
Militarytoken_0_Content2;I did Not follow.
MilitaryYes_Title;<b>Paradox Averted</b>
MilitaryYes_Content;Careful not to be seen by your younger self, you slip the {{0=crestIcon}} token into the courier's drop-box just as history recorded, preventing a dangerous temporal rupture.
MilitaryYes_0_Content;You may discard 1 Experiment card along with any Paradox token <icon=S3_ParadoxToken> on it, then return the {{0=crestIcon}} token to the Scenario Box.
MilitaryNo_Title;<b>Compulsions</b>
MilitaryNo_Content;You step out of the shadows and intercept the courier before he can reach your younger self! History fractures around you, flooding your mind with fractured memories and new experimental possibilities.
MilitaryNo_0_Content;Gain <b>1 Body</b> <icon=Bodies_Icon>, draw <b>2 Experiment cards</b> of your choice, and gain <b>1 Paradox token</b> <icon=S3_ParadoxToken>. Return the {{0=crestIcon}} token to the Scenario Box.
TownHallOpposite_Title;<b>Military Protection</b>
TownHallOpposite_Content;Thanks to your subtle manipulation of the timeline during the Middle Years, the town's military vote unfolds in the exact opposite manner of your original memories!{{2=?|<br /><br />Where once a mighty Barracks stood, the council votes down the proposal, leaving the <b>{{0=warwinner}}</b> furious as the <b>{{1=warloser}}</b> gain influence.|<br /><br />Where once the village refused to build a garrison, the council now enthusiastically constructs a fortified <b>Barracks</b> for the <b>{{0=warwinner}}</b>!}}
SeedResolution_Title;<b>{{0=|A Place of Knowledge|A Wealth of Goods|An Investor's Paradise}}</b>
SeedResolution_Content;Ripples from the civic investment made in the previous timeline echo through the village!{{0=| The University archives overflow with treatises that shouldn't exist for another decade.| The market stalls groan under the weight of exotic ingredients brought in by temporal trade winds.| The local bank's ledgers show mysterious compound interest accrued across timelines.}}
SeedResolution_0_Content;Starting with the player holding the Storybook token and proceeding clockwise, each player gains <b>{{0=|1 Knowledge cube of their choice|1 Ingredient of their choice|$2}}</b> and draws <b>1 Compulsion card</b> <icon=CompulsionBack>.
BlameGameEvent_Title;<b>Paradoxical Dilemma</b>
BlameGameEvent_Content;Suddenly, counter-intelligence agents of the <b>{{0=warwinner}}</b> surround the Town Hall! They have detected temporal anomalies and suspect that one of the prominent estates is sabotaging their war effort.<br /><br />Each player will be interrogated in private. During your interrogation, you may choose to remain silent or point the finger of blame at one of your fellow players!
TwoPBlameGameEvent_Title;<b>The Dilemma</b>
TwoPBlameGameEvent_Content;In a 2-player game, this interrogation functions as a classic Prisoner's Dilemma:<br /><br />- If <b>both players remain silent</b>, everyone will be rewarded at the start of the next Generation.<br />- If <b>one player blames the other</b> while the other stays silent, the blamed player will suffer a severe penalty.<br />- If <b>both players blame each other</b>, the investigators will punish both estates!
ShowBlameHandDevice_Title;<b>Private Interrogation</b>
ShowBlameHandDevice_Content;Hand the Storybook to <b>{{0=player}}</b> and ensure no other players can see the screen.
BlameInterrogation_Title;<b>Interrogation</b>
BlameInterrogation_Content;The chief investigator slams a folder onto the desk and glares at you across the lamp-lit room.<br /><br />'Before we discuss the sabotage in town, let us establish your credentials. Do you currently possess a <b>{{0=warwinner}}</b> Flag token?'
BlameInterrogation_Content1;Yes, I do. Why do you ask?
BlameInterrogation_Content2;No, I do not.
Blame1b_Title;<b>Offer</b>
Blame1b_Content;The investigator leans forward and taps his coin purse. 'A pity. However, for a modest contribution of <b>$2</b> to our war chest right now, I can issue you an official <b>{{0=warwinner}}</b> Flag token on the spot. Do we have a deal?'
Blame1b_Content1;Yes, I accept. (Pay $2)
Blame1b_Content2;Sorry. I must sadly decline.
Blame1c_Title;<b>Passing the Blame</b>
Blame1c_Content;The investigator opens his ledger. 'Now then—someone in this valley has been tampering with forces beyond comprehension. Tell us who is responsible, or hold your tongue and share in the suspicion. What is your choice?'
Blame1c_Content1;To stay silent.
Blame1c_Content2;To blame {{0=targetPlayer}}.
BlameResolve_Title;<b>Determined Resolution</b>
BlameResolve_Content;All interrogations have concluded. Return the Storybook to the Starting Player as the investigators step onto the steps of the Town Hall to announce their findings.
BlameResolve_BuySetup_Content;{{1=?|The player who purchased a Flag token during interrogation takes 1 <b>{{0=warwinner}}</b> Flag token from the supply.|Each player who purchased a Flag token during interrogation takes 1 <b>{{0=warwinner}}</b> Flag token from the supply.}}{{2=||<br /><br />Each player who gained a Separatists Flag token also gains $2!|<br /><br />Each player who gained a Unified Monarchists Flag token also gains 2VP!}}
BlameOut1_Title;<b>Diverting Their Attentions</b>
BlameOut1_Content;With the majority of the accusations pointing squarely at <b>{{0=blamePlayer}}</b>, the military investigators march directly to their estate and ransack one of their wings!
BlameOut1_0_Content;<b>{{0=blamePlayer}}</b> must discard <b>1 Estate Upgrade</b> <icon=DiscardEstateUpgrade_Icon> of their choice and advance their Insanity Marker <b>2 spaces</b> on the Insanity Track <icon=Creepy_Icon>.
BlameOut2_Title;<b>Crossed Signals</b>
BlameOut2_Content;With conflicting accusations flying in every direction, the furious investigators impose sweeping confiscations across every estate in the valley!
BlameOut2_0_Content;{{0=summary}}
TimeTravel3Setup_Content;Turn to page <b>14</b> of the Village Chronicle.
BlameOut3_Title;<b>Silence is Golden</b>
BlameOut3_Content;Because not a single scholar betrayed their peers during the interrogation, the investigators were forced to leave empty-handed! In gratitude for your solidarity, the underground network has set aside extra supplies for every estate—<b>each player will gain 2 Resources of their choice at the start of Generation III</b>!
SecretParadoxBonus_Title;<b>Chaos Theory</b>
SecretParadoxBonus_Content;{{0=?|As the temporal storm reaches its zenith, you realize that the very Paradoxes threatening the timeline have also thin-walled the barrier between ignorance and genius!|Those who dared to court temporal Paradoxes throughout this Generation discover hidden insights etched into the fabric of time itself!}}
SecretParadoxBonus_0_Content;The player with the <b>most Paradox tokens</b> <icon=S3_ParadoxToken> in their play area (in case of a tie, all tied players) gains <b>4VP</b> and advances their lowest Knowledge Track token <b>1 space</b>!
TTBarracksPenalty_Title;<b>Barracks Penalty</b>
TTBarracksPenalty_Content;The garrison commander inspects the Barracks roster at the end of the Generation. Any player who did not place a piece on the <b>Barracks</b> during this round loses <b>5VP</b>!
TimeEnd1_Content;Perform all standard End of Generation steps.<br /><br />Once you are ready to see the fate of the timeline, click Confirm.
TimeEnd1_Window_Title;<b>Paradox</b>
TimeEnd1_Window_Content;As the clock strikes midnight on the final year of the Generation, the accumulated Paradox tokens <icon=S3_ParadoxToken> across all players' play areas begin to resonate with blinding light!<br /><br />Count the total number of Paradox tokens currently held by all players combined. How many Paradox tokens are there in total?
TimeEnd1_Window_Content1;{{0=dox}} or more Paradox tokens.
TimeEnd1_Window_Content2;Fewer than {{0=dox}} Paradox tokens.
TimeEnd2_Content;Perform all standard End of Generation steps.<br /><br />Once you are ready to see the fate of the Time Machine, click Confirm.
TimeEnd2_Window_Title;<b>{{0=?|Fully Repaired|Rusty, But Worth a Try}}</b>
TimeEnd2_Window_Content;{{0=?|Because you successfully repaired the Time Machine during this Generation, its chronal stabilizers hold firm as the timeline shifts around the valley!|The timeline around the village begins to collapse, and the Time Machine has not been fully repaired! You rush to the laboratory to engage the emergency temporal drive with whatever repair components you managed to gather.<br /><br />How many <b>Time Machine Repairs</b> cards do the players collectively possess?}}
TimeEnd2_Window_Content1;Zero.
TimeEnd2_Window_Content2;One.
TimeEnd2_Window_Content3;Two.
TimeEnd2b_Title;<b>An Unsettling Time</b>
TimeEnd2b_Content;With only <b>{{0=tmNumber}}</b> installed, the Time Machine lurches violently as you pull the lever!{{1=?| Sparks shower the laboratory as the uncalibrated coils tear a jagged rift through the timestream, hurling you into a dark and uncertain future.| The partial repairs keep the hull intact, but the navigation chronometer shatters mid-jump, depositing you into a timeline on the brink of catastrophe!}}
//====== Gen2 - Martial Law ======;
IntroMartial_Monarchists_SubTitle;Plagued by Conflict
IntroMartial_Monarchists_Content;If one can call the prospect of perpetual conflict stabilizing, my life settled into a somewhat steady routine. During the day, the sound of distant gunfire rumbled through the halls of my estate as silver plumes of smoke billowed beyond the mountainous horizon, casting tendril-like shadows across the land — a constant reminder of civil war. At night, the rare spectacle of an explosion brightening the sky surprised me with how viscerally I reacted.<br /><br />Soldiers in their bright regalia keep watch over the town from a newly erected outpost, waving the brilliant orange flag of royalty. The Monarchy had claimed victory from afar after stationing their ranks across the region, but as scuffles remained constant, this declaration was all pomp without substance. The Monarchy drafted citizens into their ranks and levied penalties against those who showed disloyalty.<br /><br />The inference that one of my standing should owe a debt of servitude to those who already tax my earnings into oblivion was enough to make me spill my tea. And to what end, I wondered? Could peace be mustered in a populace kept so distant from the individuals who ruled it? It was called the industrial revolution for a reason, was it not?<br /><br />But, I must admit, the safety that the Monarchy afforded appealed to my pocketbook. Appeasing the Monarchy would ensure money and influence, but it also appeared — for better or ill — that royalty was distant enough to take little interest in our experimentations unless they provided direct benefit to themselves, whereas the Separatists were interested in knowledge and were desperate to explore all scientific options available to them to turn the tide. However, their frail sensibilities would not so easily accept my experimentations.<br /><br />Ah, to be left to one's own devices or to be famously scrutinized, reviled, and revered in equal measure! The decision weighed upon me so heavily it gave me mild indigestion during my evening banquets. What direction should I choose to advance my most important scientific work?
IntroMartial_Separatists_SubTitle;Down with the Monarchy
IntroMartial_Separatists_Content;The length and difficulty of my journey was exacerbated by the ongoing conflict. Compounding this harried inconvenience, my spouse and I suffered the indignity of a lengthy interrogation by soldiers of the Separatist forces, who had imposed an unofficial martial government.<br /><br />Peasants-turned-soldiers in their motley uniforms keep watch over the town from a newly erected outpost waving a sanguine flag. They spoke of freedom as they dug fresh graves in the cemetery, the wrought iron gates perpetually wreathed in lilies. I observed the daily horse-drawn carts, dragging the wounded towards ill-equipped infirmaries, my crimson reflection in the muddy ruts of unpaved highways.<br /><br />It was both in spite of and because of this brashness that I found myself drawn to the scrappy Separatist upstarts and their eagerness to fight for the capricious whims of the great unwashed. The Separatists were desperate for the advantages that my family's experimentations provided, and while hesitant over our methods, were willing to further our knowledge in return. Unfortunately, this relationship made them more entitled to levy accusations towards us.<br /><br />However, the influence of the throne was still absolute. If one could ingratiate themselves with the distracted Monarchy, their influence and money was on offer. The peasantry would be too discontent to focus on our more "ambitious" works. Unfortunately, unless experimentation directly benefited them, the Monarchy had no use for it.<br /><br />Ah, to be left to one's own devices or to be famously scrutinized, reviled, and revered in equal measure! The decision weighed upon me so heavily that I could scarcely enjoy my afternoon pastries. Neither could the muffled wailing coming from the cellar laboratory nor the distant clattering of gunfire at night calm my weary mind. What direction should I choose to advance my most important scientific work?
GUNSAward_Title;<b>Seeds of Conflict</b>
GUNSAward_Content;Before my spouse and I had even settled our affairs, I was rewarded not only for my family's numerous contributions to the region, but also for the political allegiance I held (or dreadfully inherited as the case may be). Further promises of considerable clout were made if I were to continue to support the war.<br /><br />As the conflict raged on, it was clear that with my business acumen, noble influence, and burgeoning scientific genius, I would be a highly sought after ally.
AdvancedWeaponryIntro_Title;<b>A Few Improvements</b>
AdvancedWeaponryIntro_Content;I was quick to suggest a few "enhancements" to their battery and presented several <b>advanced weaponry</b> schematics which could prove instrumental to victory.<br /><br />While the rumors of my parent's eccentricities made them hesitant, the promise of support from my lucrative estate proved too much to resist. If I could demonstrate to them the visceral efficacy of my proposal, they promised further investment. An easy task.
Martial_Title;Martial Law
Martial_TurnTheTide_Title;<b>Turn the Tide</b>
Martial_WeaponsBonus_Title;<icon=StorybookToken><b> Weapons Bonus</b>
Martial_MilitaryDemands_Title;<b>Military Demands - Barracks</b>
Martial_MilitaryIncentive_Title;<b>Military Incentive - Barracks</b>
Martial_EverythingIsAWeapon_Title;<b>Everything is a Weapon</b>
Martial_Outpost_Title;<b>Outpost</b>
PackingHeat1_Title;<b>Amassment of Weaponry</b>
PackingHeat1_Content;With the glorious schematics made into reality, I was able to test my weapons with great effect on the lands of my estate. However, with each crack of thunderous incendiaries, my bold new vision for modern arms attracted further attention, for better or worse.
PackingHeat1a_Title;<b>Attracting Attentions</b>
PackingHeat1a_Content;While the {{0=...|Unified Monarchists|Separatists|...}} were critical of my efforts (or jealous), the {{1=...|Separatists|Unified Monarchists|...}} were keen to curry my favor. Of course, I was not surprised. If I were in their shoes - quivering deprostrate in the presence of genius - I would surely hope to gain my notice as well.
OutpostExplain_Title;<b>OUTPOST</b>
ATOWSabotageIntro1_Title;<b>A Time for Sabotage</b>
ATOWSabotageIntro1_0_Title;<b>A Time for Sabotage</b>
ATOWSabotageIntro1_0_Content;For too long I had been ignored! One might ask what accursed schemes would push one towards the illicit undertaking of sabotage? I ask, is it not enough to feel forgotten, downtrodden, unloved, and spited by those who would in the same breath speak of you as a colleague?<br /><br />It was time to strike while my passions were still agitated! But, was it in my best interest to turn my destructive gaze towards the {{0=...|Separatists|Unified Monarchists|...}}' noble cause? Or perhaps one of my kin could stand to be targeted by my ire?<br /><br /><b>The decision was clear to me:</b>
ATOWSabotageIntro2_Title;<b>A Time for Sabotage</b>
ATOWSabotageIntro2_0_Title;<b>A Time for Sabotage</b>
ATOWSabotageIntro2_0_Content;For too long I had been ignored! One might ask what accursed schemes would push one towards the illicit undertaking of sabotage? I ask, is it not enough to feel forgotten, downtrodden, unloved, and spited by those who would in the same breath speak of you as a colleague?<br /><br />It was time to strike while my passions were still agitated! But, was it in my best interest to turn my destructive gaze towards the {{0=...|Separatists|Unified Monarchists|...}}'s noble cause? Or perhaps one of my kin could stand to be targeted by my ire?<br /><br /><b>The decision was clear to me:</b>
ATOWSabotageIntro2Sep_Title;<b>A Time for Sabotage</b>
ATOWSabotageIntro2Sep_0_Title;<b>A Time for Sabotage</b>
ATOWSabotageIntro2Sep_0_Content;While I had seen what devastation was wrought first-hand by the cruelty of sabotage, this knowledge only made my sense of justice more clear.<br /><br />It was the time to strike while my passions were still agitated! But, was it in my best interest to turn my destructive gaze towards the {{0=...|Separatists|Unified Monarchists|...}}'s noble cause and crush the Outpost at the edge of town? Or perhaps one of my kin should be targeted by my ire?<br /><br /><b>The decision was clear to me:</b>
ATOWSabotage1_Title;<b>The Choice for Resistance</b>
ATOWSabotage1_Content;I could not be swayed. It was clear that my most moral and proper duty was to oppose tyranny in all forms. Though I shuddered at the means by which this task would be accomplished, I knew first-hand how motivational a force fear could be.<br /><br /><b>The choice was clear:</b>
ATOWSabotageConfirm_Title;<b>Demolition for Change</b>
ATOWSabotageConfirm_Content;I penned a letter to my contact within the {{0=...|Separatists|Unified Monarchists|...}}. The site had been chosen and the {{1=...|Barracks|Laborer's Union|...}} would fall, weakening the {{2=...|Unified Monarchists|Separatists|...}}' position in the village.
ATOWSabotageMonConfirm_Title;<b>Demolition for Change</b>
ATOWSabotageMonConfirm_Content;I penned a letter to my contact within the {{0=...|Separatists|Unified Monarchists|...}}. The site had been chosen and the {{1=...|Outpost|...}} would fall, weakening the {{2=...|Unified Monarchists|Separatists|...}} position in the village.
SabotageSignIn1_Title;<b>Making it Personal</b>
SabotageSignIn1_Content;I could no longer turn a blind eye to their meddling. Like the clanging chime of a brass bell on a longcase clock, the time had come for an insidious misfortune to befall one of my dear cousins.<br /><br /><b>Please click on your name:</b>
SabotagePlayerChoice1_Title;<b>The Target of My Wrath</b>
SabotagePlayerChoice1_Content;My grim sabotage was swift and well-orchestrated. Perhaps my family would reconsider their apathy towards me after witnessing the utter devastation I could cause to their reputations.<br /><br />After one fateful evening, I knew that they would <b>lose 3VP</b> & could possibly have to destroy a completed Experiment.<br /><br /><b>Please click on the name of the player you would like to sabotage:</b>
SabotagePlayerConfirmed_Title;<b>The Choice Was Made</b>
SabotagePlayerConfirmed_Content;{{0=...|Oliver|...}} would shoulder the burden for the misery they had caused me.
ATOWSabotageNO_Title;<b>Avoid Indulgence</b>
ATOWSabotageNO_Content;Study was essential! Alas, I could not allow myself idle time to indulge in immediate self-gratification. To attack one's own rivals was in itself admitting that they were, in fact, valid competition. In reality, my contributions would far exceed their meager offerings.<br /><br />There was no need for pomp and explosions. I was a true craftsman dedicated to the art of science. My focus was indomitable and this dedication would see me victorious!
AMessenger_Title;<b>A Messenger Arrives</b>
AMessenger_Content;<b>All players may again view the Storybook.</b><br /><br />On a Saturday afternoon, I was hustled to the entryway by my caretaker. A young messenger was nervously tapping her leather boots against the stone. In her left hand was a small figurine in the shape of a {{0=...|Sickle|Shield|...}}, which I had left by the windowsill. Her eyes were scanning the room and she was visibly startled by our speedy return. The caretaker muttered his apologies, calling her a thief, but I calmed his nerves quickly.<br /><br /><b>The messenger turned and spoke to the player with the {{0=...|Sickle|Shield|...}} token.</b><br /><br />"Which flag do you fly?" <i>Which Flag token do you have face-up?</i>
Amessyes_Title;<b>A Messenger Arrives</b>
Amessyes_0_Title;<b>A Messenger Arrives</b>
Amessyes_0_Content;The Messenger reached into her shoulderbag and retrieved a letter, which she handed to me. When I hesitated, she nodded, apparently unable to leave until I had provided an answer.<br /><br />Inside the envelope was a formal letter of thanks from a {{0=...|Unified Monarchists|Separatists|...}} military official. My parents had noted a keen interest in a possible business venture during wartime. The letter contained blueprints for an addition to my estate, which would be used to house goods seized from members of the resistance forces and sympathizers.
Amessyes2_Title;<b>The Messenger continued</b>
Amessyes2_Content;<b>All players may again view the Storybook.</b><br /><br />I returned the signed papers to the messenger. She clicked her teeth in the caretaker's direction, then set off down the road.
Amessno_Title;<b>No Importance</b>
Amessno_Content;What a rude and frankly, under-dressed fellow for visiting with the aristocracy. The messenger sped to the gate upon hearing my reply.<br /><br />I only note this situation to remind others of the vagrantry within the Austro-Hungarian empire these days. Seems these bedraggled couriers are trying to play us for a fool, expecting our allegiances to pay dividends for their unsavory habits. If we ever needed science to find a cure for beggars, there would be no time like the present.
AMessenger2_Title;<b>A Fortuitous Letter</b>
AMessenger2_0_Title;<b>A Fortuitous Letter</b>
AMessenger2_0_Content;One morning, as I considered the viability of electrical conductivity for use in surgery, the caretaker discovered a small brown letter wrapped in twine upon my doorstep. I hastily opened the note.<br /><br />"Which flag do you fly?" <i>Which Flag token do you have face-up?</i>
AMessYes2b_Title;<b>A Fortuitous Letter</b>
AMessYes2b_Content;Inside the envelope was a message that gave an in-depth assessment of the enemy's defenses.<br /><br />If the number of buildings destroyed in town is equal to or greater than <b>{{0=...|1|2|...}}</b>, then the {{1=...|Separatists|Unified Monarchists|...}} will be successful in overtaking the town's defenses.<br /><br />Armed with this important knowledge, I quickly destroyed all traces of the letter. Perhaps I did not have the ability to change what had been set in motion, but at least I was better prepared.
AMessno2_Title;<b>No Consequence</b>
AMessno2_Content;It was a brief correspondence from an acquaintance of mine from university. While the contents did not intrigue me, the lack of political speak was refreshing and spurred me to contemplation. For the next few days, I was overcome with the creative impulse that security and seclusion provided.
AfternoonTea_Title;<b>Afternoon Tea</b>
AfternoonTea_Content;<b>All players may again view the Storybook.</b><br /><br />It was absolutely dreadful. Astringent tea from an obscure area of the orient - bitter, stale cranberry scones, wildflower honey, and store-bought cream - this was without question the worst tea party to which I had ever had the displeasure of an invitation. And to think, the Monarchy was responsible for such a wasted afternoon.<br /><br />What kind of aristocracy was this? It made me re-evaluate my position entirely. If I could be served indigestible digestives then perhaps I should cause the nobility a little indigestion in response by burning down the {{0=...|Barracks|Outpost|...}}! It would certainly remove the requirement to visit.<br /><br />However, a plan as critical as this one required a conspiracy to execute. Therefore, regretably, the fate of the operation was left to the whims of my family, whom I loved dearly.
AfternoonTeab_Title;<b>VOTE</b>
TwoPAfternoonBid_Title;<b>BID</b>
AfternoonTeaRes_Title;<b>Vote Complete</b>
TwoPAfternoonBidRes_Title;<b>Bid Complete</b>
AfternoonTeaResolutionYAY_Title;<b>A Destructive Success</b>
AfternoonTeaResolutionYAY_Content;The {{0=...|Barracks|Outpost|...}} was no match for the power of our well-orchestrated combined experimental talents. Did the series of clamorous explosions arouse suspicions? Perhaps. But the fanfare certainly offered the townsfolk new inspiration to rally towards the cause.{{1=?|<br /><br />With minimal casualties, the Barracks had been turned to rubble. No longer would we be beholden to the tyrannous edict of forced conscription.}}
AfternoonTeaResolutionNAY_Title;<b>Conspiracy Failed</b>
AfternoonTeaResolutionNAY_Content;{{0=?|I could not fault my cousins for their decision. It is sometimes a struggle for those with unfortunately low intellect to execute on a scheme. The afternoon tea incident would forever remain unavenged.|My altruistic nature would not allow me to seek revenge on such trivial matters when my great work was primed to change the world. Of course, I attempted to dissuade my dear cousin from this rash course of action, but I was unsuccessful. Expectedly, their dubious manners and overt schemes were not well-received by the local officials. It was fortunate that our illustrious grandfather were not here to see this pathetic display. I am sure he is seething in his coffin over it even now!}}
ResistEvent_Title;<b>Quartering Troops</b>
ResistEvent_Content;All players may again view the Storybook.<br /><br />My cousins and I received a visit from a lieutenant within the {{0=...|Unified Monarchists|Separatists|...}} militia stationed outside of town. He informed us that the encampment has become overcrowded and the conditions for soldiers have deteriorated.<br /><br />He called upon our sense of national duty to provide quarters for the leadership until the conflict is quelled. I could not determine if his request, which was met by our combined mirth, was serious or in jest. His face, however, remained solemn throughout his request.
ResistEvent1_Title;<b>Quartering Enforced</b>
ResistEvent1_Content;The military accepts our responses, and then reconfirms their previous insistence with the assistance of guns.
ResistEvent2_Title;<b>Voluntary Quartering</b>
ResistEvent2_Content;The military is busy tending to several internal matters and cannot rigidly enforce the quartering edict. They are appreciative of the circumstances this puts upon our homes and move on.
MartialSepEvent_Title;<b>Escalation</b>
MartialSepEvent_Content;As the war pressed on relentlessly, it was I who suffered most terribly. With embattlements requiring constant provisions, procuring the necessary ingredients for my experiments became increasingly more difficult.<br /><br />However, in my humble brilliance I settled on a firm solution based upon one simple question: Why do I need specialty ingredients when I can just attach guns to everything?<br /><br />Certainly this slapdash methodology was not ideal nor dignified, but it certainly achieved a devastative result. Why my first practical demonstration caused both sides to cease hostilities after witnessing a small battalion reduced to a mere wine stain upon the battlefield.<br /><br />However, the regional military factions required additional convincing as the use of our weapons was still considered a "war crime" and would require further convincing to employ these additional methods. Imagine, "science" being considered a war crime? Is it not a general's hope to reach an efficient victory?
MartialSepEventa_Title;<b>BRIBE</b>
MartialSepEventb_Title;<b>Total Bribe</b>
MartialSepEventYes_Title;<b>Success</b>
MartialSepEventYes_Content;I regret to say that perserverance alone does not advance one's goals in the hills of Bohemia. A small investment and showmanship to back it up, now that's what impresses a red-blooded Austro-Hungarian. Especially when one can view so much of that warm blood festooning the battlefield with such dazzling radiance!<br /><br />It is this showmanship, and the strategic concealment of it when negotiations are being penned, that will advance the Hungarian conflict to a swift conclusion.
MartialSepEventNo_Title;<b>Failure</b>
MartialSepEventNo_Content;My experiments are not some frivolous diversion for the gossipmongers of {{0=...|London|...}} to mock as they please! They looked at me as if I were intending to replace the gears in my longcase clock with stock and barrel of a rifle. Are we not creating weapons of war? Why would compounding weaponry with additional weaponry be unnacceptable?<br /><br />I could not imagine a more advantageous arrangement. However, if the military establishment has no need for the innovation I would bring to the table, then I will put my services to better use!
BarracksSimple1_Title;<b>Service Required</b>
BarracksSimple1_Content;I was admittedly distressed by the Monarchy's insistence upon military service to help quell the uprising. But, as a citizen eager to support my country in any regrettable fashion it required, I willingly offered service, or in the unfortunate case that my affairs elsewise required my attentions, submitted my penalty in full.
BarracksSimple2_Title;<b>Service Required</b>
BarracksSimple2_Content;I was admittedly distressed by the Monarchy's insistence upon military service to help quell the uprising. But, as a citizen eager to support my country in any regrettable fashion it required, I willingly offered service, or in the unfortunate case that my affairs elsewise required my attentions, submitted my penalty in full.
BarracksSimple3_Title;<b>Service Required</b>
BarracksSimple3_Content;I was admittedly distressed by the Monarchy's insistence upon military service to help quell the uprising. But, as a citizen eager to support my country in any regrettable fashion it required, I willingly offered service, or in the unfortunate case that my affairs elsewise required my attentions, submitted my penalty in full.
Sabotage1Now_Title;<b>Cruel Betrayal</b>
Sabotage1Now_Content;I awoke to discover a section of my estate in shambles! {{0=|The exterior wall near the corner of my estate had been struck by an explosive device. I was immediately suspicious of the clear lines of soot at the base, suggesting that the demolition had in fact been calculated to expose a portion of my laboratory.|The papers within my laboratory were scattered about and a small fire had claimed and blackened a portion of the room. Given the frequency of loud noises and odoriferous ingredients emanating from the room, I was not surprised when none in the house noticed anything amiss.}}<br /><br />Though the repairs would prove arduous, it would not deter me from my work. If others were so wanton or jealous as to try to destroy what I had created, it was clear that my work was more vital than ever before!
Player1BeenSabotaged_Title;<b>A Noble Retort</b>
Player1BeenSabotaged_0_Title;<b>A Noble Retort</b>
Player1BeenSabotaged_0_Content;Being a learned individual of noble birth, I am not one easily moved towards aggression. My passions are passions of scholarly determination and intellectual exploration. But when it was made known to me that {{0=...|Oliver|...}} was behind the deplorable physical attack upon my estate, I knew it was my firm duty to respond directly.<br /><br />As a stabled horse would swat away a fly with its tail, my cousin's woeful and inadequate betrayal barely registered upon my thoughts. Yet when I consulted with my barrister, they deemed it necessary that I should issue a sternly worded statement of purpose. Otherwise, I would not be properly protecting my own interests, of course.<br /><br /><b>I decided that in response to their treachery:</b>
DuelRules1_Title;<b>Rules of the Duel</b>
DuelRules1_Content;Over the next few days, I formalized the rules of engagement for a duel that would take place as soon as all parties were able. I knew that I could choose a duel of <b>scientific prowess</b> or <b>pistols</b> at twenty paces.<br /><br />A scientific duel would be a duel where we would compare our research and skill levels in one of four scientific fields to be determined randomly. By adding our total Journal Track levels to our completed Experiments of that type, we would determine the victor!<br /><br />A duel with pistols would be a duel where the victor was determined through sheer chance.<br /><br /><b>The decision was clear to me:</b>
DuelDenounce1_Title;<b>Firm Rebuke</b>
DuelDenounce1_Content;<b>Carefully hand the Storybook to {{0=...|Oliver|...}}. This passage is then read aloud to all players.</b><br /><br />I remember the morning upon which the letter arrived with the stand-up wash. With the scent of rosemary in my freshly sponged hair, a sordid disappointment came upon me. The stern words of my kin were filled with all the pomposity of a marching band and yet issued no official challenge or retort whatsoever. The matter had been settled through alternative means, and my virtuous name amongst the scientific establishment, though stained by my provocative actions, only saw the smallest of setbacks.<br /><br />Perhaps I had craved the excitement of an escalation between myself and my cousin. Or maybe it was the competitive nature of true science and discovery that stirred my lust for familial discontent. It served no purpose to dwell on it further however. The matter was settled and I soon found myself absorbed in my work once again.
AcceptDuel1_Title;<b>Code Duello</b>
AcceptDuel1_0_Title;<b>Code Duello</b>
AcceptDuel1_0_Content;I remember the morning upon which the letter arrived with the stand-up wash. With the scent of rosemary in my freshly sponged hair, my hackles raised and I toppled the warm basin to the floor in my rage! My own cousin, inviting me to a <b>duel</b>!<br /><br />This duel of <b>{{0=...|science|pistols|...}}</b> would {{1=?|compare our Journal Track and Experiments in one of four scientific fields. This field would be determined randomly on the day of the duel.|randomly determine a victor through sheer chance.}}<br /><br /><b>With little deliberation, I put my quill to the page and responded:</b>
DuelDecline1_Title;<b>Letter of Apology</b>
DuelDecline1_Content;While my dear cousin was clearly the guilty party in this arrangement, I had more profitable matters with which to attend. The magnitude and scope were far greater than a simple matter of he-said, she-said.<br /><br />I chose to be the greater individual and issued a formal apology for whatever offenses I had hitherto caused - without legal admittance of guilt - absolving myself of the duty to duel entirely. I hoped that this would spare any needless grudges or hard feelings in the future.
AcceptDuel1b_Title;<b>Duel Accepted</b>
AcceptDuel1b_Content;{{0=|Though I perceived my body as merely a vessel to contain my brilliant mind and dreaded to imagine the wasted time it would take to martial my skills, I would nevertheless answer in the affirmative. Under the eyes of God and the Devil, I would strike with precision and settle this matter with spilt blood.|I decided that honor was above all. I would not be bullied into submission by a sycophant searching for recognition. If a duel was required, then a duel we shall have!}}
DuelResolution1_Title;<b>The Bloody Business</b>
DuelResolution1_Content;<b>This and the subsequent passages are revealed and read aloud to all players.</b><br /><br />As quick as the sun rose above the Carpathian Mountains, the morning of the dreaded duel had arrived. I was eager to settle this business and return home to my laboratory, but not so eager as to miss removing the arrogant smirk from my cousin's lips.<br /><br />{{0=?|I opened the hatch on my carriage, allowing a fresh plume of acrid smoke to billow into the open, revealing my managerie of scientific equipment. I was ready to conduct some true science!|I once again checked the chamber of my pistol, seeing a single polished bullet stationed inside. With a deep breath, I engaged the firing pin with my thumb and holstered the weapon at my side. It was then that I felt the beating of my heart as a chill ran down my spine. I was ready to end this bloody business.}}
DuelResolution1a_Title;<b>{{0=...|Engineering|The Moment of Truth|...}}</b>
DuelResolution1a_Content;{{1=?|The scientific duel will be <b>{{0=...|Engineering|Chemistry|Biology|Occult|...}}</b>.|At a distance of twenty paces, I turned and fired. I heard the report of two shots before a cloud of smoke blurred my vision. In my shocked state, I could not determine if this was two clear shots or the single bullet from my own chamber and the echo of its blast shattering the stillness of the morning.}}
DuelResolution1sci_Title;<b>Science</b>
ScienceDuelTiedRes_Title;<b>Stalemate</b>
ScienceDuelTiedRes_Content;I was quite unimpressed by the efforts of my family member, but while it vexed me to admit it, I was ultimately unable to crush their pitiful {{0=...|Engineering|Chemistry|Biology|Occult|...}} exploits with my own. We did not speak nor shake hands as we exited the dueling grounds, resentment simmering in our heads.<br /><br />As required in the code duello, the matter was now complete, and while personal feelings of injustice may still exist between the parties, this conflict was deemed over.
DuelResolution1b_Title;<b>{{0=?|An Unfortunate Death|Wounded Pride}}</b>
DuelResolution1b_Content;{{1=?|Though I felt a tinge of remorse at the sight, my cousin and I were both aware of the fatal risks this bloody confrontation carried with it. I watched spellbound as {{0=...|Oliver|...}} {{2=|was unceremoniously crushed between two bronze gears. The machine created for this event would need to be disassembled and cleaned before it could be used again.|withered into a rubbery scrap of skin, their blood having been accidentally distilled during the duel. Thankfully, the beakers and pipettes involved in the process could still be used after a proper scrubbing.|was mauled and desecrated into an unrecognizable pile of exposed flesh and muscle. Appreciatively, the experiment used in the duel was docile after feeding and easily recaptured.|disappeared into a swirling silver vortex, leaving behind only a single hand that attempted to prevent this occurrence by grabbing onto a nearby metal fixture. It wriggled for a few moments before expiring.|reeled once before crumpling to the mossy ground. The bullet had hit a major artery that could not be sutured before the loss of blood overwhelmed them. On the more matter-of-fact side, the body that remained was otherwise untouched and was returned to the estate within hours.}}<br /><br />As blood pooled beneath them, staining the dueling grounds crimson, I shielded my eyes and fled from the site. The duel had ended in death. The generation would have to continue based solely upon their willed instructions, penned weeks before the lethal event.<br /><br />As required in the code duello, the matter was now complete, and while personal feelings of injustice may still exist between the parties, this conflict was deemed over.|I watched as my opponent, {{0=...|Oliver|...}} {{2=|suddenly complained of a strained wrist as their pitiful, makeshift contraption grinded to a halt. They|held the side of their arm where a chemical burn had reddened the skin and|grimaced, exposing a deep wound in their forearm as the modified falcon under their care flew far into the distance. They|red-faced, turned to a new page in their occult tome and feigned a paper-cut so egregious that they|burst into tears. Apparently my bullet had struck their shoulder, causing a rip in the fabric and minor cut. Unable to stomach the pain, they}} stumbled to their doctor. While their injuries from the duel were minor, I felt a deep fulfillment in knowing that their insufferable pride had been dealt a cruel blow that morning.<br /><br />As required in the code duello, the matter was now complete, and while personal feelings of injustice may still exist between the parties, this conflict was deemed over.}}
ResistSides_Title;<b>Alliances Are Set</b>
ResistSides_Content;Given the intensity of the conflict, many of our interests could be switched without too much notice. And it is much easier to do so, if we have contributed to the war effort.<br /><br /><b>Choose Sides</b><br />In turn order, each player who built at least <b>{{0=|1 Advanced Weaponry Experiment|2 Advanced Weaponry Experiments}}</b> may choose to flip their Flag token to the opposing side's Flag.<br /><br />Once all players have chosen, continue to the next page.
ResistEnd_Title;<b>{{0=?|Victory for the Resistance|Resistance Quashed}}</b>
ResistEnd_Content;{{3=?|With <b>{{0=...|1|2|...}} buildings destroyed</b>, the message was clear that they were not wanted. Driven by the will of the people and undoubtedly terrified by the enormity of my scientific contributions, the bloodied and beaten faction that had controlled the town limped into the distance leaving the {{1=...|Separatists|Unified Monarchists|...}} to celebrate their victory.|With <b>so few buildings destroyed</b>, the message was clear that the resistance was weak. My final years confirmed a return to normalcy as the efforts of the resisting faction within the region were suppressed and the {{2=...|Unified Monarchists|Separatists|...}} remained vigilant and victorious.}}<br /><br />It was just as I had planned. What a tragedy that mortality dims our eyes just as the dawn's light crests the hills of innovation. I only wish that the next generation knew how I suffered to ensure their triumph.
ResistEnd2_Title;<b>Financial Defenses</b>
ResistEnd2_Content;Advanced weaponry may turn the tide of a battle, but if the army has no monetary support to build and supply their troops with said defenses, the war will eventually be lost. It is this pledge of allegiance that inevitably determined the outcome of the war.<br /><br />Count up how many {{0=...|Unified Monarchists|Separatists|...}} Flag tokens total are face-up in all players' Estates. Then count up how many {{1=...|Separatists|Unified Monarchists|...}} Flag tokens total are face-up in all players' Estates. The army with the most Flag tokens wins the war. <i>(If there is a tie, the {{0=...|Unified Monarchists|Separatists|...}} win the war.)</i><br /><br />Who won the war?
ResistEnd3_Title;<b>Shots Fired</b>
ResistEnd3_Content;It appeared that the contributions of my cousins and I - as entirely expected - were the deciding factor in the war effort for the {{0=...|Separatists|Unified Monarchists|...}}. Our advanced, modern weaponry had proven essential on the battlefield and truly captured the hearts and minds of the populace. But would it be enough?<br /><br /><b>Count the number of completed Advanced Weaponry Experiments among all players.</b> If this number is equal to or greater than <b>{{1=...|3|4|5|...}}</b>, then the {{0=...|Separatists|Unified Monarchists|...}} were successful in overtaking the town's defenses. Otherwise, the {{2=...|Unified Monarchists|Separatists|...}} have won the war.
ATimeOfWar_Warning_Title;<index0>A Dire Warning:The Timeline Shifts</index0>
ATimeOfWar_Warning1_Title;A Dire Warning
ATimeOfWar_Warning2_Title;The Timeline Shifts
ATimeOfWar_Warning_SetupEarly_Title;SETUP
ATimeOfWar_Warning_SetupEarly_Content;<bold>Turn the Village Chronicles cleanly to page 10.</bold><br /><br /><index0>Return the Order of St. Hubertus token to the box. :Remove all buildings from the Construction Yard that may be remaining from previous rounds. Place the University into the empty space so that its cost aligns with the <b>$4 space</b>.</index0><br /><br />Place a <b>Science At Any Cost token</b> with the <icon=Creepy_Icon> face-up in the empty spots on the Storybook tracker for every player except for the player in last place. This prevents this person from reaching their final Storybook reward and introduces a penalty before the third track spot.
ATimeOfWar_Warning_Technician_Title;<bold>Technician</bold>
ATimeOfWar_Warning_Technician_Content;Players have a permanent bonus Servant - the Technician. For the rest of the game, players treat the Technician as one of their Servants during the game, EXCEPT this Servant cannot be Lost! If an effect would cause this Servant to be Lost or sent Back From the Brink, ignore it (you may place them directly in your Quarters instead). Furthermore, this Servant ignores the <icon=Insanity_Icon> gain from any source and does not require returning to Quarters at the end of a round when placed in the Town!
ATimeOfWar_Warning_Utopian_Title;<bold>Utopian Experiments</bold>
ATimeOfWar_Warning_Utopian_Content;The experiments from the future cannot be solved until a higher level of Knowledge is acquired. To complete a Utopian Experiment, you must substitute a light bulb token of the same type as any of the Knowledge icons required instead of the normal requirement. Because you are substituting an entire requirement, that requirement is considered fulfilled with just the single light bulb token! Light bulbs are returned to the supply just like other ingredients.
ATimeOfWar_Warning_University_Title;<bold>University</bold>
ATimeOfWar_Warning_University_Content;The <b>University</b> may be visited via a normal action. If a player visits this location, <link1>click here.</link1>
ATimeOfWar_Warning_SetupCont_Title;SETUP
ATimeOfWar_Warning_SetupCont_Content;<bold>Turn the Village Chronicles cleanly to page <replace0>.</bold>
ATimeOfWar_Warning_Cont17Desc_Title;<bold>Peaceful Green</bold>
ATimeOfWar_Warning_Cont17Desc_Content;The town seems vibrant and booming with healthy life. Children play in the Park and a feeling of ease and contentment fills the air. Even the estate staff seem invigorated by the fresh air.
ATimeOfWar_Warning_Cont17Act_Title;<bold>Park</bold>
ATimeOfWar_Warning_Cont17Act_Content;When a player visits the <b>Park</b>, they may choose to discard 1 Utopian Experiment and 1 <icon=CircuitryToken> to <link1>click here.</link1>
ATimeOfWar_Warning_Cont18Desc_Title;<bold>Breaking the 4th Wall</bold>
ATimeOfWar_Warning_Cont18Desc_Content;It seems you have traveled to an alternate timeline in which the very fabric of your existence was created as a source of amusement for <index0>higher dimensional beings.:giant creatures hovering over a table.</index0> Your free will and every action has been summarized on punchboard and glossy cardstock and your entire motivation for performing experiments has been boiled down to the pursuit of "Victory Points." Everyone is having an existential crisis.
ATimeOfWar_Warning_Cont18Act_Title;<bold>Bank</bold>
ATimeOfWar_Warning_Cont18Act_Content;When a player visits the <b>Bank</b>, they may choose to discard 1 Utopian Experiment and 1 <icon=CircuitryToken> to <link1>click here.</link1>
ATimeOfWar_Warning_Cont19Desc_Title;<bold>Too Perfect</bold>
ATimeOfWar_Warning_Cont19Desc_Content;Upon first glance, it seems as if the town sits in a peaceful state, with manicured lawns and neighborly townsfolk. However, they are a bit <i>too</i> neighborly. Everyone is smiling all of the time, walking at a leisurely pace, waving whenever you make eye contact. Everyone attends church services regularly and it does not seem to matter what denomination, because everyone worships some strange geometric shape that hovers several meters above the altar.
ATimeOfWar_Warning_Cont19Rule_Title;<bold>Science is Stressful</bold>
ATimeOfWar_Warning_Cont19Rule_Content;When a player completes ANY Experiment (including their Masterwork), they gain 2 <icon=Insanity_Icon>.
ATimeOfWar_Warning_Cont19Act_Title;<bold>Church</bold>
ATimeOfWar_Warning_Cont19Act_Content;When a player visits the <b>Church</b>, instead of taking the location action, they may choose to discard 1 Utopian Experiment and 1 <icon=CircuitryToken> to <link1>click here.</link1>
ATimeOfWar_Warning_Cont20Desc_Title;<bold>Big Brother</bold>
ATimeOfWar_Warning_Cont20Desc_Content;In this reality, the unified world government has complete authority and control over the citizens. Even small villages like ours are under constant watch of cameras. Anyone found committing a crime of any sort is swiftly scooped up by transport vehicles and deposited in the "Labor Camp."
ATimeOfWar_Warning_Cont20Act_Title;<bold>Town Hall</bold>
ATimeOfWar_Warning_Cont20Act_Content;When a player visits the <b>Town Hall</b>, instead of taking the location action, they may choose to discard 1 Utopian Experiment and 1 <icon=CircuitryToken> to <link1>click here.</link1>
ATimeOfWar_Warning_Cont21Desc_Title;<bold>Amphibious</bold>
ATimeOfWar_Warning_Cont21Desc_Content;In this reality, a bizarre evolutionary anomaly caused all living creatures to be some form of reptile or amphibian. Even the humans are cold-blooded with gills and scales, requiring warm rocks to sun themselves on to digest their food. Instead of cemeteries, those who pass away are dumped nicely into the local bog where they are snapped up by alligators.
ATimeOfWar_Warning_Cont21Act_Title;<bold>Blacksmith</bold>
ATimeOfWar_Warning_Cont21Act_Content;When a player visits the <b>Blacksmith</b>, instead of taking the location action, they may choose to discard 1 Utopian Experiment and 1 <icon=CircuitryToken> to <link1>click here.</link1>
ATimeOfWar_Warning_Cont22Desc_Title;<bold>Age of the Dinosaurs</bold>
ATimeOfWar_Warning_Cont22Desc_Content;You have jumped to a reality that is either prehistoric or an alternate timeline where dinosaurs still rule the Earth. Most of the buildings in the town do not exist, and our estates are swallowed by massive foliage and giant insects. We must return to our timeline quickly before we are eaten!
ATimeOfWar_Warning_Cont22Act_Title;<bold>Bunker</bold>
ATimeOfWar_Warning_Cont22Act_Content;When a player visits the <b>Bunker</b>, they may choose to discard 1 Utopian Experiment and 1 <icon=CircuitryToken> to <link1>click here.</link1>
ATimeOfWar_Warning_UtopianShift_Title;<bold>Utopian Experiments</bold>
ATimeOfWar_Warning_UtopianShift_Content;Players may complete Utopian Experiments out of their hand just like normal Experiments. They require a light bulb token of matching color instead of one of their required ingredients. Light bulbs are returned to the supply after use. Additionally, a player may discard 1 Utopian Experiment and 1 <icon=CircuitryToken> at the location specified above to attempt to jump back to their own reality.
ATimeOfWar_Warning_SetupStasis_Title;SETUP
ATimeOfWar_Warning_SetupStasis_Content;<bold>Turn the Village Chronicles cleanly to page 10.</bold><br /><br />Return the Farmers Market and Hardware Store from the Construction Yard to the box.
ATimeOfWar_Warning_MasterworkStasis_Title;<bold>Masterwork Found</bold>
ATimeOfWar_Warning_MasterworkStasis_Content;The temporal shifting has ceased, and we have returned to our own timeline. However, the Temporal Anomaly threatens to tear our reality apart unless someone can complete their Masterwork! If a player completes their Masterwork, immediately <link1>click here.</link1>
ATimeOfWar_Warning_Perseverance_Title;<bold>Perseverance</bold>
ATimeOfWar_Warning_Perseverance_Content;Light bulbs may still be used to substitute for an entire Knowledge requirement when completing Utopian Experiments. Light bulbs are returned to the supply after use.
ATimeOfWar_WarningIntro_Subtitle;Years Later...
ATimeOfWar_WarningIntro_Content;Years passed as the world recovered from the devastation of the Great War. Our cousins had warnings passed down in the journals from the previous generation. They spoke of a horrifying cataclysm that would tear the very fabric of time and space apart.<br /><br />Determined to prevent this bleak future, we studied the cryptic notes left behind by our predecessors, preparing ourselves for what was to come.
ATimeOfWar_CostStick_Title;Whispers in the Dark
ATimeOfWar_CostStick_Content;In the dead of night, a strange figure wearing a tattered coat and a porcelain mask broke into the estates. They left behind a small wooden carving and a scribbled note warning us not to trust the "men from tomorrow." Before the guards could apprehend them, the intruder vanished into the fog.
ATimeOfWar_CostStick_0_Content;The player with the Wooden Figure token gains 2VP and may immediately draw 1 Experiment A card.
ATimeOfWar_CostStick2_Title;Echoes of Madness
ATimeOfWar_CostStick2_Content;The strange wooden carving handed down to us seemed to hum with an eerie vibration whenever the air grew cold. During a violent thunderstorm, a crazed hermit pounded on the estate gates, raving about "metal giants" and "false prophets" before collapsing from exhaustion. In his pockets, we found components that matched our family's secret research.
ATimeOfWar_CostStick2_0_Content;The player with the Wooden Figure token gains 1 <icon=CircuitryToken> and 1 <icon=Body_Icon>, but also gains 1 <icon=Insanity_Icon>.
ATimeOfWar_Late2ResB_Title;Delayed Construction
ATimeOfWar_Late2ResB_Content;Because the war had dragged on for so long in the previous generation, the town's infrastructure was still in shambles. However, the intellectual elite pooled their remaining funds to finally finish construction on the long-promised University.
ATimeOfWar_Late2ResB_0_Content;Place the University from the Construction Yard into the empty space in town so that its cost aligns with the <b>$4 space</b>.
ATimeOfWar_WarningWarEnding_Title;The Victors' Peace
ATimeOfWar_WarningWarEnding_Content;With the <replace0> having secured victory in the war, a tense peace had settled over the region.<br /><br /><index1>The Separatists dismantled the old royal monuments and established local councils, though suspicion of outsiders remained high.:The Unified Monarchists enforced strict curfews and martial law, ensuring that order was maintained at any cost.</index1>
ATimeOfWar_WhoopsUtopian_Title;Visitors From Tomorrow
ATimeOfWar_WhoopsUtopian_Content;Despite the warnings in our family journals, we were unprepared for the blinding flash of blue light that erupted in the center of the town square. When the smoke cleared, three individuals clad in gleaming silver jumpsuits stepped out of a shimmering sphere.<br /><br />"Greetings, ancestors," their leader spoke, her voice amplified by a small collar device. "We have traveled back from a prosperous future to share the wonders of Utopian science with you. With your brilliance and our blueprints, we can usher in a golden age centuries ahead of schedule!"
ATimeOfWar_WhoopsUtopian_0_Content;Retrieve the deck of <b>Utopian Experiments</b> from the Scenario box. Shuffle them and deal 1 to each player. Place the rest face-up near the board.<br /><br />Whenever a player would draw an Experiment card, they may choose to draw a Utopian Experiment instead.
ATimeOfWar_WhoopsUtopianb_Title;The Technician's Gift
ATimeOfWar_WhoopsUtopianb_Content;Remembering the dire warnings in our journals, we refused to hand over our family's Masterwork blueprints to the travelers. Sensing our hesitation, the travelers smiled warmly and offered a gesture of goodwill: an automated mechanical assistant they called a "Technician," along with a crate of advanced circuitry.<br /><br />"Take these tools," they insisted. "Test our formulas. You will soon see that we only wish to help humanity."
ATimeOfWar_WhoopsUtopianb_0_Content;Each player takes 1 <b>Technician</b> token (a special Servant from the scenario box) and places it in their Quarters.<br /><br />Additionally, place the supply of <icon=CircuitryToken> (Light Bulb tokens) near the board. Each player gains 1 <icon=CircuitryToken> of their choice.
ATimeOfWar_WarningEvent_Title;Betrayal in the Night!
ATimeOfWar_WarningEvent_Content;At the stroke of midnight, alarms blared across all <index0>two:three:four:five</index0> of our estates! The "Technicians" gifted to us by the time travelers suddenly overrode their programming, unlocking our laboratory vaults and stealing samples of our research.<br /><br />We rushed to the town square just in time to see the silver-clad travelers loading our stolen notes into their temporal sphere. "Fools!" their leader laughed as the sphere began to spin wildly. "Because you refused to build our monuments willingly, we will simply rewrite your timeline until we find a reality more cooperative!"
ATimeOfWar_TimeWarp1st_Title;A Rip in Reality
ATimeOfWar_TimeWarp1st_Content;Desperate to stop them, we hurled a volatile canister of experimental reagents directly into the sphere'sintake manifold. A deafening explosion of violet lightning engulfed the entire valley!<br /><br />The sky shattered like stained glass. Gravity inverted for a sickening heartbeat, and when our feet finally touched solid ground again, the town around us had completely changed!
ATimeOfWar_WarningMaybe_Title;Lost in the Multiverse
ATimeOfWar_WarningMaybe_Content;Our reckless sabotage had damaged the travelers' temporal core, trapping our entire town in a cascading series of alternate realities! Fortunately, the burst of chronal energy also severed the travelers' control over the Technicians, leaving the mechanical servants loyal only to us.<br /><br />By combining the travelers' Utopian blueprints with our own circuitry, we realized we could jury-rig a beacon at key focal points in town to pull our estates back toward our true timeline!
ATimeOfWar_WarningMaybe_0_Content;Each player draws 1 <b>Utopian Experiment</b> and gains 1 <icon=CircuitryToken> of their choice.
ATimeOfWar_TimeWarp_Title;Jumping Realities!
ATimeOfWar_TimeWarp_Content;<index0>You jury-rig the temporal capacitor to a lightning rod and flip the switch! A blinding flash of chronal energy engulfs the town, hurling everyone into a new reality!:You overload the circuitry matrix and channel the surge through the town's foundations! Reality bends and snaps like a taut wire as the world shifts around you!:You calibrate the Utopian oscillator and trigger a localized rift! The buildings dissolve into a kaleidoscope of light before reforming into a completely different timeline!:You feed the experimental catalyst into the temporal beacon! Time shatters and reassembles in the blink of an eye!</index0>
ATimeOfWar_TimeWarp_0_Content;The player who triggered the jump gains <replace0>VP!<br /><br />Immediately turn the Village Chronicles to the new page indicated in the Hub Setup section. Any pieces on the previous page remain in the same relative spaces if possible, or return to theplayer's Quarters if that space no longer exists.
ATimeOfWar_WarningEvent2_Title;Home At Last!
ATimeOfWar_WarningEvent2_Content;With one final,bone-rattling jolt, the violet clouds parted to reveal the familiar hills and cobblestone streets of our original timeline! We had finally navigated the labyrinth of alternate realities and anchored our town back where it belonged.<br /><br />However, the sky above our estates still crackled with residual temporal rifts. If someone does not complete a Masterwork soon to ground the excess chronal energy, our reality will collapse forever!
ATimeOfWar_Stasis_Title;Stabilizing the Timeline
ATimeOfWar_Stasis_Content;Channeling the immense power of the newly completed Masterwork into the temporal beacon, a pillar of pure golden light shot up into the fractured sky! Across all <index0>two:three:four:five</index0> estates, the trembling ground stilled and the violet rifts sealed shut one by one.<br /><br />Our reality was saved! The time travelers' machine lay fused into a harmless hunk of slag in the town square. With the crisis averted, one final year remained to cement our family legacy.
ATimeOfWar_Stasis_0_Content;The player who completed their Masterwork gains 5VP and may take 2 <icon=Body_Icon> from the supply!
ATimeOfWar_TimeWarp2_Title;Uncontrolled Temporal Surge!
ATimeOfWar_TimeWarp2_Content;Because we had not yet anchored ourselves back in our true timeline, the unstable rift in the sky violently convulsed at the end of the year! Without warning, another massive wave of chronal energy swept over the valley, dragging the entire town into yet another bizarre reality!
ATimeOfWar_TimeWarp2_0_Content;Each player may retrieve 1 Lost Servant (back to their Quarters) as alternate versions of their staff step through the rift!
ATimeOfWar_OldManToken_Title;The Old Man's Heirloom
ATimeOfWar_OldManToken_Content;Amidst the chaos of the shifting timelines, an elderly courier stumbled up to our gates clutching a weathered leather pouch. Inside was a note referencing the <replace0> token we had recovered years ago, claiming it was the key to unlocking a forgotten cache of wartime supplies.
ATimeOfWar_OldManToken_0_Content;Which faction did the old man claim the <replace0> originally belonged to?<br /><br /><link1>The Separatists</link1><br /><link2>The Unified Monarchists</link2>
ATimeOfWar_OldManYes_Title;A True Recollection
ATimeOfWar_OldManYes_Content;Our historical knowledge proved accurate! Using the emblem as a cipher, we unlocked the hidden vault beneath the old courier station and recovered a pristine cache of preserved supplies.
ATimeOfWar_OldManYes_0_Content;The player who holds the <replace0> token gains 3VP and 1 <icon=CircuitryToken> of their choice!
ATimeOfWar_OldManNo_Title;A Faulty Memory
ATimeOfWar_OldManNo_Content;Unfortunately, the cipher failed to turn the lock, triggering a defensive mechanism that incinerated the documents inside. Still, we managed to salvage a few basic research notes from the ashes.
ATimeOfWar_OldManNo_0_Content;The player who holds the token draws 1 Experiment A card.
ATimeOfWar_Paradox_Title;A Time Paradox
ATimeOfWar_Paradox_Setup_Title;SETUP
ATimeOfWar_Paradox_Setup_Content;<bold>Turn the Village Chronicles cleanly to page 10.</bold><br /><br /><index0>Return the Order of St. Hubertus token to the box. :Remove all buildings from the Construction Yard that may be remaining from previous rounds. Place the University into the empty space so that its cost aligns with the <b>$4 space</b>.</index0>
ATimeOfWar_Paradox_AngryMobReturn_Title;<bold>Return of the Angry Mob</bold>
ATimeOfWar_Paradox_AngryMobReturn_Content;Because the timeline was altered, the townsfolk have formed an Angry Mob once again! The Angry Mob token moves according to normal rules on the Storybook track.
ATimeOfWar_Paradox_ScienceAtAnyCost_Title;<bold>Science At Any Cost</bold>
ATimeOfWar_Paradox_ScienceAtAnyCost_Content;The <replace0> token on the Storybook track acts as a <b>Science At Any Cost</b> barrier.<br /><br /><index1>Because the Unified Monarchists won the war, any player whose marker reaches or passes the <replace0> token must pay $3 or lose 1 Servant to the Lost pool.:Because the Separatists won the war, any player whose marker reaches or passes the <replace0> token must discard 1 Experiment card or gain 2 <icon=Creepy_Icon>.</index1>
ATimeOfWar_Paradox_Technician_Title;<bold>Technician</bold>
ATimeOfWar_Paradox_Technician_Content;Players have a permanent bonus Servant - the Technician. For the rest of the game, players treat the Technician as one of their Servants during the game, EXCEPT this Servant cannot be Lost! If an effect would cause this Servant to be Lost or sent Back From the Brink, ignore it. Furthermore, this Servant ignores the <icon=Insanity_Icon> gain from any source and does not require returning to Quarters at the end of a round when placed in the Town!
ATimeOfWar_Paradox_Utopian_Title;<bold>Utopian Experiments</bold>
ATimeOfWar_Paradox_Utopian_Content;To complete a Utopian Experiment, you must substitute a light bulb token (<icon=CircuitryToken>) of the same type as any of the Knowledge icons required instead of the normal requirement. Because you are substituting an entire requirement, that requirement is considered fulfilled with just the single light bulb token!
ATimeOfWar_Paradox_University_Title;<bold>University</bold>
ATimeOfWar_Paradox_University_Content;The <b>University</b> may be visited via a normal action. If a player visits this location, <link1>click here.</link1>
ATimeOfWar_Paradox_InMemoriam_Title;<bold>In Memoriam</bold>
ATimeOfWar_Paradox_InMemoriam_Content;Each player has been tasked with constructing a <b>Giant Masterwork</b> in honor of our benevolent visitors from the future.<br /><br /><index0>Because at least one player secretly sabotaged their Monument with a Time Machine device, strange temporal anomalies are rippling through the town!:Everyone remained loyal to the travelers' design, and construction on the Giant Masterworks proceeds smoothly.</index0>
ATimeOfWar_Paradox_InMemoriamDestroyed_Title;<bold>A Ruined Landscape</bold>
ATimeOfWar_Paradox_InMemoriamDestroyed_Content;The catastrophic temporal wave has completely erased <replace0> from history! The town board cannot be visited for the remainder of the generation: players may only place Servants on their own Estate spaces!
ATimeOfWar_Paradoxical_Title;Whispers of a Paradox
ATimeOfWar_Paradoxical_Content;As the dust of the Great War settled, a strange phenomenon gripped our family estates. Clocks began running backward for minutes at a time, and pages in our ancestral journals rewrote themselves before our very eyes.<br /><br />Someone—or something—was tampering with history.
ATimeOfWar_Paradoxical_0_Content;Retrieve the <b>Time Paradox</b> components from the scenario box and keep them nearby.
ATimeOfWar_ParadoxIntro_Subtitle;A New Era Dawns
ATimeOfWar_ParadoxIntro_Content;Decades passed, and a new generation of cousins inherited the estates. Though the scars of war had faded into memory, our family's obsession with unlocking the ultimate secrets of science burned brighter than ever.<br /><br />Little did we know that our greatest breakthrough would arrive not from our own laboratories, but from the future itself.
ATimeOfWar_TimeTravelEvent_Title;The Saviors From Tomorrow
ATimeOfWar_TimeTravelEvent_Content;On a crisp autumn morning, a dazzling sphere of golden light descended upon the town square. From within stepped serene figures dressed in flowing white and silver robes, introducing themselves as emissaries from a Utopian future.<br /><br />They praised all <index0>two:three:four:five</index0> of our families by name, claiming that our research laid the foundation for a world free of disease, war, and poverty. To help us achieve our destiny sooner, they gifted us with advanced Utopian blueprints!
ATimeOfWar_TimeTravelEvent_0_Content;Retrieve the deck of <b>Utopian Experiments</b> from the Scenario box. Shuffle them and deal 1 to each player. Place the rest face-up near the board.
ATimeOfWar_TimeTravelEventb_Title;Gifts of Automation
ATimeOfWar_TimeTravelEventb_Content;In addition to their blueprints, the travelers presented each estate with a tireless mechanical steward called a "Technician," along with a supply of glowing circuitry.<br /><br />"We ask only one favor in return," their leader said with a benevolent smile. "In the years to come, we will provide plans for a grand Monument—a Giant Masterwork that will broadcast clean energy across the globe. Help us build it, and your names will be revered forever."
ATimeOfWar_TimeTravelEventb_0_Content;Each player takes 1 <b>Technician</b> Servant token and places it in their Quarters. Also place the <icon=CircuitryToken> supply near the board and give each player 1 <icon=CircuitryToken> of their choice.
ATimeOfWar_FigureontheTrackIn_Title;Echoes of the Past
ATimeOfWar_FigureontheTrackIn_Content;As the travelers departed, an old groundskeeper approached us, holding the <replace0> emblem our predecessors had uncovered during the war. He whispered that the emblem was vibrating in resonance with the travelers' sphere.
ATimeOfWar_FigureontheTrackIn_0_Content;Examining the <replace0> under a magnifying lens, we discovered microscopic circuitry etched into the metal—identical to the technology gifted to us by the time travelers! Why would an artifact from our past contain components from the future?
ATimeOfWar_FigureontheTrackIn_1_Content;Each player gains 1 <icon=Creepy_Icon> as a chill of suspicion runs through the family.
ATimeOfWar_FigureontheTrackInb_Title;The Barrier of Ambition
ATimeOfWar_FigureontheTrackInb_Content;Word of the travelers' arrival emboldened the ruling authorities, who erected checkpoints around our laboratories bearing the <replace0> insignia to ensure our research served the state.
ATimeOfWar_FigureontheTrackInb_0_Content;Place the <replace0> token on space <replace1> of the Storybook track.<br /><br /><index2>Because the Unified Monarchists won the war, this token acts as a royal tax checkpoint on the Storybook track.:Because the Separatists won the war, this token acts as a revolutionary inspection post on the Storybook track.</index2>
ATimeOfWar_NobodyFigures_Title;Strict Oversight
ATimeOfWar_NobodyFigures_Content;Following the arrival of the time travelers, the local authorities established strict oversight over our scientific endeavors, wary of the immense power promised by the Utopian blueprints.
ATimeOfWar_NobodyFigures_0_Content;Place the <replace0> token on space <replace1> of the Storybook track.<br /><br /><index2>Because the Unified Monarchists won the war, this token acts as a royal tax checkpoint on the Storybook track.:Because the Separatists won the war, this token acts as a revolutionary inspection post on the Storybook track.</index2>
ATimeOfWar_Late2ResA_Title;The Long-Awaited University
ATimeOfWar_Late2ResA_Content;With the influx of futuristic knowledge and renewed optimism in the town, construction crews finally completed the University that had been delayed since the end of the war.
ATimeOfWar_Late2ResA_0_Content;Place the University from the Construction Yard into the empty space in town so that its cost aligns with the <b>$4 space</b>.
ATimeOfWar_ParadoxFirst_Title;The Grand Blueprints
ATimeOfWar_ParadoxFirst_Content;True to their word, the emissaries from the future returned at the end of the year, unrolling massive, glowing schematics across our laboratory tables.<br /><br />"The time has come to construct the Giant Masterworks," they declared. "Once at least half of your estates complete these monuments and link them together, our Utopian era will be permanently anchored to your century!"
ATimeOfWar_ParadoxFirst_0_Content;Retrieve the <b>Giant Masterwork</b> tiles from the scenario box and give 1 to each player. Place it face-up next to your Estate board: it can be completed just like a Masterwork!
ATimeOfWar_CostStick1_Title;A Cryptic Carving
ATimeOfWar_CostStick1_Content;While clearing space for the Giant Masterwork foundation, the cousin holding the strange wooden carving noticed a hidden compartment click open at its base. Inside was a tiny scrap of parchment written in our own handwriting—dated ten years in the future!<br /><br /><i>"Do not let them link the Monuments! They are not building a utopia—they are harvesting our timeline!"</i>
ATimeOfWar_CostStick1_0_Content;The player with the Wooden Figure token gains 2VP and 1 <icon=CircuitryToken> of their choice.
ATimeOfWar_FutureStick_Title;The Paradoxical Relic
ATimeOfWar_FutureStick_Content;During a late-night thunderstorm, the wooden carving handed down from the previous generation suddenly split in two, revealing a miniature chronal resonator hidden inside! A recorded holographic message flickered to life, showing an older, scarred version of ourselves.<br /><br /><i>"Listen closely! The travelers' Giant Masterworks are actually temporal anchors designed to erase our history and replace it with theirs! You must sabotage the monuments from within!"</i>
ATimeOfWar_FutureStick_0_Content;The player with the Wooden Figure token gains 2VP and draws 1 Utopian Experiment.
ATimeOfWar_MonumentVote_Title;A Secret Proposal
ATimeOfWar_MonumentVote_Content;That night, a rogue scientist who had defected from the time travelers' faction slipped into each of our estates under cover of darkness. He offered each of us a miniature <b>Time Machine core</b> that could be secretly installed inside our Giant Masterwork.<br /><br />"If you install this device," he whispered, "it will disrupt their network and grant you incredible temporal insights—though if too many of you trigger a paradox at once, the backlash could drive you mad! Alternatively, if you remain loyal to the travelers, they will handsomely reward your obedience."<br /><br />Each player must now secretly decide whether to remain loyal to the travelers or install the rogue Time Machine!
ATimeOfWar_MonuA_Title;Secret Decision
ATimeOfWar_MonuA_0_Content;Will you remain loyal to the Utopian travelers, or secretly install the rogue Time Machine inside your Monument?<br /><br /><link1>Remain loyal and build the Monument as designed</link1><br /><link2>Secretly install the Time Machine device</link2>
ATimeOfWar_MonuB_Title;Secret Decision
ATimeOfWar_MonuB_0_Content;Will you remain loyal to the Utopian travelers, or secretly install the rogue Time Machine inside your Monument?<br /><br /><link1>Remain loyal and build the Monument as designed</link1><br /><link2>Secretly install the Time Machine device</link2>
ATimeOfWar_MonuC_Title;Secret Decision
ATimeOfWar_MonuC_0_Content;Will you remain loyal to the Utopian travelers, or secretly install the rogue Time Machine inside your Monument?<br /><br /><link1>Remain loyal and build the Monument as designed</link1><br /><link2>Secretly install the Time Machine device</link2>
ATimeOfWar_MonuD_Title;Secret Decision
ATimeOfWar_MonuD_0_Content;Will you remain loyal to the Utopian travelers, or secretly install the rogue Time Machine inside your Monument?<br /><br /><link1>Remain loyal and build the Monument as designed</link1><br /><link2>Secretly install the Time Machine device</link2>
ATimeOfWar_MonuE_Title;Secret Decision
ATimeOfWar_MonuE_0_Content;Will you remain loyal to the Utopian travelers, or secretly install the rogue Time Machine inside your Monument?<br /><br /><link1>Remain loyal and build the Monument as designed</link1><br /><link2>Secretly install the Time Machine device</link2>
ATimeOfWar_MonuRes_Title;<index0>Sabotage in the Ranks!:Unquestioning Loyalty</index0>
ATimeOfWar_MonuRes_Content;<index0>As the foundations of the Giant Masterworks were energized, a violent hum echoed across the valley! Someone had secretly installed a rogue Time Machine core inside their monument, sending unpredictable ripples through the space-time continuum!:Every single cousin chose to remain loyal to the Utopian emissaries! Pleased by our obedience, the travelers showered our estates with futuristic blueprints, though an eerie sense of dread lingered in the air.</index0>
ATimeOfWar_MonuRes_0_Content;<replace0>
ATimeOfWar_ParadoxRandoEvent_Title;Temporal Backlash!
ATimeOfWar_ParadoxRandoEvent_Content;Because a rogue Time Machine core had been wired into the monument network, the chronal grid overloaded at the stroke of midnight! A blinding shockwave of paradoxical energy erupted from the sabotaged monument, rewriting a piece of our reality!<br /><br /><link1>Witness the effects of the Time Paradox</link1>
ATimeOfWar_ParadoxTimeRandom_Title;<index0>Temporal Inspiration:Chronal Madness:Echoes of Glory:Reality Glitch:Fading Suspicion:The Timeline Fractures:Forgotten Formulas:Total Temporal Collapse!</index0>
ATimeOfWar_ParadoxTimeRandom_Content;<index0>A surge of future memories floods your minds, unlocking advanced scientific techniques ahead of schedule!:The conflicting timelines overlap inside your skulls, forcing you to witness dozens of alternate versions of your own demise!:By subtly shifting the town's historical records, your families take credit for every major discovery of the past century!:A brief hiccup in the space-time continuum causes tools and ingredients to duplicate and vanish at random!:The temporal wave washes over the minds of the townsfolk, erasing their recent memories of your darker experiments!:A violent rip in history pulls the angry mobs of our ancestors' era directly into the present day!:Journals and blueprints across the valley dissolve into blank parchment as their discoveries are unmade!:The rogue Time Machine triggers a catastrophic chain reaction! A sphere of absolute nothingness expands from the town square, swallowing the buildings, streets, and townsfolk into the void while leaving only our isolated estates floating in a timeless limbo!</index0>
ATimeOfWar_ParadoxTimeRandom_0_Content;<replace1><br /><br /><index2>Each player draws 1 Experiment C card!:Each player gains a Compulsion!:Each player gains 3VP!:No additional board changes occur.:Each player loses up to 2 <icon=Creepy_Icon>!:Place the Angry Mob token back on its starting space on the Storybook track!:Each player must discard 1 Experiment card at random!:Turn the Village Chronicles cleanly to page 16 (an empty landscape). The town is destroyed and cannot be visited for the rest of the game!</index2>
ATimeOfWar_ParadoxGiantCheck_Title;The Final Reckoning
ATimeOfWar_ParadoxGiantCheck_Content;The final year of the third generation has come to an end! The Utopian travelers descend from the sky one last time to inspect our estates and activate the monument network.<br /><br />How many players successfully completed their <b>Giant Masterwork</b>?
ATimeOfWar_ParadoxEvent_Title;<index0>The Network Awakens:Echoes in the Void</index0>
ATimeOfWar_ParadoxEvent_Content;<index0>The completed Giant Masterworks hummed to life, projecting beams of brilliant energy into the clouds above! However, if a rogue Time Machine had been hidden within one of the monuments, its sabotaged beam suddenly inverted, canceling out one of the completed Giant Masterworks!:Though the town itself had been swallowed by the temporal void, our surviving estates channeled their remaining power into the void to see which reality would prevail!</index0>
ATimeOfWar_ParadoxEvent_0_Content;<index0>Because a rogue Time Machine sabotaged the network, 1 completed Giant Masterwork was neutralized during the final activation!:All completed Giant Masterworks linked together at full power!</index0>
MonarchReignIntro_SubTitle;Introduction
MonarchReignIntro_Title;A New Generation
MonarchReignIntro_Content;And thus passed an entire generation under the yolk of constant battle and misery. Even after the Monarchists claimed victory, skirmishes broke out within the land between the loyalists to the crown and the angry separatists.<br><br>Over the years, the king was able to reestablish control of the region, especially after making the family's town a supply hub for royal operations across the globe. Through their steady governance, the town's resistance faded to a memory as they realized their prosperity was tied intimately with the will of the king.<br><br>By the time our hero's heir inherited the estate, an uneasy period of stable rule returned to the town and surrounding countryside. Many separatist factions remained, only in the shadows, doing whatever they could to quietly resist the rule of the sovereign.<br><br>Unfortunately, their heirs had been granted a much larger piece of the estate to manage. In fact, all of it. Every cousin's child was named an equal successor to the same plots of land in a mad scheme written into all of the wills simultaneously. It felt almost as if they were being watched and toyed with by an unseen spectral adversary.
RoyalBarnCheck_SubTitle;Setup
RoyalBarnCheck_Title;The Barn
RoyalBarnCheck_Content;With the war ended, the King returned control of the Barn back to the estate, even providing caretakers free of charge to see to its operations.<br><br><i>It was the least I could do for my loyal subjects,</i> the King offered in a letter signed by his royal seal.
RoyalBarnCheck_0_Content;Flip the <b>Barn</b> Estate Upgrade over to its normal side. It has been restored!
BribeDenied_SubTitle;Setup
BribeDenied_Title;Traitorous Rumors
BribeDenied_Content;Rumors that your family had funded the Separatists in the previous generation swirled around the town. Though they are likely untrue, the King's guard confiscates any weaponry tokens they find that may have been caches for an insurgency.
BribeDenied_0_Content;Any players with <icon=S3_WeaponToken> must discard them immediately and gain nothing in their place.
RoyalDecreeExplain_SubTitle;Setup
RoyalDecreeExplain_Title;Royal Favors
RoyalDecreeExplain_Content;Also, the King sent emissaries to gift his favors for the cousins' support in the war during the previous generation.
RoyalDecreeExplain_0_Content;Look at each player's <i>Allegiance Track</i>. Every player receives 1 <icon=S3_CrownToken> from the Supply for every 3 checkpoints they passed on the Monarchist side of the track (Rounded down).<br><br>For example, if a player had reached the value 4 space on the Monarchist side, they would receive 1 <icon=S3_CrownToken> since they passed the 1, 2, and 4 checkpoints.<br><br>Then remove the <i>Allegiance Track</i> token and each player's tracking tokens from the game.
RoyalPriceisRight_SubTitle;Setup
RoyalPriceisRight_Title;Rebuilding the Town
RoyalPriceisRight_Content;In the wake of the war, the cousins helped fund the rebuilding of the town and the king saw that it was restored to glory.{{0=?|<br><br>Even the part of the town that was ravaged from the bombs was rebuilt so that no trace of its devastation remained.|{{1=?|<br><br>Because of the massive devastation wrought by the bombs of the war, this proved an expensive venture - the cousins found themselves paying additional maintenance on their estates as taxes were increased over the course of the generation.}}}}
RoyalPriceisRight_0_Content;Turn the Village Chronicles to <b>Page 10</b> for the <b>Early Years</b>.<br><br>Place the Suspicion Marker (Gray Angry Mob token) on the <b>first space of the Suspicion Track</b> (containing the setup icon).{{0=?|<br><br>Every player must pay an immediate $2 estate tax now and at the beginning of each round this generation.}}
MonarchReign_Title;Monarch Reign
MonarchReign_Allegiance_Title;Monarchist Allegiance
MonarchReign_Allegiance_Content;The Crown reigns supreme!
MonarchReign_CrownTokens_Title;<icon=S3_CrownToken> Tokens
MonarchReign_CrownTokens_ClickHere; When a player gains a <icon=S3_CrownToken>.
MonarchReign_CrownTokens_Content;
MonarchReign_RoyalDecrees_Title;<icon=StorybookToken> Royal Decrees
MonarchReign_RoyalDecrees_ClickHere; When a player takes the action at the <icon=StorybookToken> Royal Decrees location.
MonarchReign_RoyalDecrees_Content;
MonarchReign_TownChurch_Title;<icon=StorybookToken> Town Church
MonarchReign_TownChurch_ClickHere; When a player visits the <icon=StorybookToken> Town Church.
MonarchReign_TownChurch_Content;
MonarchReign_CommemorativeStatue_Title;<icon=StorybookToken> Commemorative Statue
MonarchReign_CommemorativeStatue_ClickHere; When a player visits the <icon=StorybookToken> Commemorative Statue.
MonarchReign_CommemorativeStatue_Content;
MonarchReign_NextRoundSetup_Content;{{0=?|Turn the Village Chronicles to <b>Page 11</b> for the <b>Middle Years</b>.|Turn the Village Chronicles to <b>Page 12</b> for the <b>Late Years</b>.}}{{1=?|<br><br>Every player must pay an immediate $2 estate tax for the new round.}}
FirstCrownCons_Title;Secrets in the Shadows
FirstCrownCons_Content;As the cousin met with the Royal Envoy to curry favor with the King, their sleeve accidentally caught on the corner of the table. Underneath a stack of papers, a small leather-bound booklet was revealed with an unfamiliar symbol embossed on its cover.<br><br>The envoy quickly covered the booklet and cleared his throat. <i>There are others who also reward loyalty and ambition,</i> he whispered, his eyes darting toward the door. <i>They operate in the shadows of the Crown, guiding the hand that holds the scepter. Should you wish to serve a higher purpose... keep that token close.</i>
FirstCrownCons_0_Content;Gain 1 <icon=S3_CrownToken> from the Supply.<br><br>During this Generation, players may spend <icon=S3_CrownToken> at the <b>Royal Decrees</b> location to enact laws in the King's name!
CrownCons_Title;AWhispered Invitation
CrownCons_Content;Once again, the Royal Envoy passes a small heavy token across the mahogany desk, accompanied by a knowing nod. The weight of the gold feels heavier than mere currency - it is the weight of authority itself.
CrownCons_0_Content;Gain 1 <icon=S3_CrownToken> from the Supply.
ReignIntro_Title;The Halls of Power
ReignIntro_Content1;How many <icon=S3_CrownToken> will this player spend (in addition to the 1 required for the action space) to issue a Royal Decree?<br><br><link=0>0</link> | <link=1>1</link> | <link=2>2</link> | <link=3>3</link>
ReignHUB_Title;Royal Decrees
ReignHUB_Content1;Which Royal Decree would <b>{{0=_}}</b> like to enact?{{1=?|<br><br><link=0>Mandatory Curfew</link>}}{{2=?|<br><br><link=1>Scientific Subsidies</link>}}{{3=?|<br><br><link=2>Grave Robbing Clemency</link>}}{{4=?|<br><br><link=3>Charitable Hospitals</link>}}{{5=?|<br><br><link=4>Royal Conscription</link>}}{{6=?|<br><br><link=5>Public Works & Parks</link>}}{{7=?|<br><br><link=6>Inquisitorial Warrant</link>}}{{8=?|<br><br><link=7>Festival of Enlightenment</link>}}<br><br><link=8>Nevermind (Exit)</link>
Reign1_Title;Mandatory Curfew
Reign1_Content;<b>{{0=_}}</b> proposes a strict nighttime curfew across the town, ostensibly to curb Separatist sabotage. In truth, the empty streets allow wagons to move between the graveyard and the estate without prying eyes.<br><br><i>Effect: Gain 1 <icon=Bodies_Icon>, 1 <icon=Creepy_Icon>, and 2VP.</i>
Reign1_Content1;<link=0>Decree this law</link><br><br><link=1>Consider a different law</link>
Reign1b_Content;The King is so impressed by <b>{{0=_}}</b>'s dedication to order that he grants them an official noble title! Enter the new title prefix for <b>{{0=_}}</b> (e.g. Lord, Lady, Baron, Inquisitor):
Reign1b_Placeholder;Enter noble title...
Reign1b_0_Content;<b>{{0=_}}</b> gains 1 <icon=Bodies_Icon>, 1 <icon=Creepy_Icon>, and 2VP.
Reign2_Title;Scientific Subsidies
Reign2_Content;<b>{{0=_}}</b> petitions the Crown to establish a Royal Grant for Applied Sciences, funneling tax revenue directly into the estate's laboratories for the betterment of the realm.<br><br><i>Effect: Gain $3, 1 Ingredient of your choice, and 2VP.</i>
Reign2_Content1;<link=0>Decree this law</link><br><br><link=1>Consider a different law</link>
Reign2b_Content;The King praises <b>{{0=_}}</b>'s enlightened leadership and bestows an honorary title upon them! Enter the new title prefix for <b>{{0=_}}</b>:
Reign2b_Placeholder;Enter noble title...
Reign2b_0_Content;<b>{{0=_}}</b> gains $3, 1 Ingredient of their choice, and 2VP.
Reign3_Title;Grave Robbing Clemency
Reign3_Content;<b>{{0=_}}</b> drafts a decree pardoning all offenses related to anatomical procurement when performed in the service of Royal Medical Research.<br><br><i>Effect: Gain 2 <icon=Bodies_Icon>, 1 <icon=Insanity_Icon>, and 3VP.</i>
Reign3_Content1;<link=0>Decree this law</link><br><br><link=1>Consider a different law</link>
Reign3b_Content;The Court whispers darkly of <b>{{0=_}}</b>'s macabre influence as a new title is entered into the peerage! Enter the new title prefix for <b>{{0=_}}</b>:
Reign3b_Placeholder;Enter noble title...
Reign3b_0_Content;<b>{{0=_}}</b> gains 2 <icon=Bodies_Icon>, 1 <icon=Insanity_Icon>, and 3VP.
Reign4_Title;Charitable Hospitals
Reign4_Content;<b>{{0=_}}</b> establishes a wing of free royal clinics for war veterans and their families, earning the adoration of the townsfolk and easing tensions across the region.<br><br><i>Effect: Move your marker 1 space left on the Insanity Track, move the Angry Mob 1 space left, and gain 3VP.</i>
Reign4_Content1;<link=0>Decree this law</link><br><br><link=1>Consider a different law</link>
Reign4b_Content;The townsfolk cheer <b>{{0=_}}</b>'s benevolence and the King grants them a revered title! Enter the new title prefix for <b>{{0=_}}</b>:
Reign4b_Placeholder;Enter noble title...
Reign4b_0_Content;<b>{{0=_}}</b> moves their marker 1 space left on the Insanity Track, moves the <icon=AngryMob_Icon> 1 space left on the Suspicion Track, and gains 3VP.
Reign5_Title;Royal Conscription
Reign5_Content;<b>{{0=_}}</b> invokes emergency royal authority to conscript debtors and prisoners into indentured service at the estate's experimental facilities.<br><br><i>Effect: Gain 1 Servant from Lost & Found (or Supply), 1 <icon=Bodies_Icon>, 1 <icon=Creepy_Icon>, and 4VP.</i>
Reign5_Content1;<link=0>Decree this law</link><br><br><link=1>Consider a different law</link>
Reign5b_Content;Fear ripples through the town as <b>{{0=_}}</b> is granted a formidable new title by the Crown! Enter the new title prefix for <b>{{0=_}}</b>:
Reign5b_Placeholder;Enter noble title...
Reign5b_0_Content;<b>{{0=_}}</b> gains 1 Servant from Lost & Found (or the Supply), 1 <icon=Bodies_Icon>, 1 <icon=Creepy_Icon>, and 4VP.
Reign6_Title;Public Works & Parks
Reign6_Content;<b>{{0=_}}</b> commissions grand gardens, streetlamps, and libraries throughout the town, ushering in a golden era of civic pride and academic prestige.<br><br><i>Effect: Gain 1 Knowledge of your choice, 1 Estate Upgrade from the display, and 4VP.</i>
Reign6_Content1;<link=0>Decree this law</link><br><br><link=1>Consider a different law</link>
Reign6b_Content;Bells ring out in celebration as the King honors <b>{{0=_}}</b> with a prestigious new title! Enter the new title prefix for <b>{{0=_}}</b>:
Reign6b_Placeholder;Enter noble title...
Reign6b_0_Content;<b>{{0=_}}</b> gains 1 Knowledge token of their choice, 1 Estate Upgrade from the display for free, and 4VP.
Reign7_Title;Inquisitorial Warrant
Reign7_Content;<b>{{0=_}}</b> convinces the Royal Inquisition to raid a rival cousin's laboratory under suspicion of treasonous conspiracy, seizing their research materials.<br><br><i>Effect: Steal 1 Ingredient or <icon=Bodies_Icon> from another player (unless they pay you $2), gain 1 <icon=Creepy_Icon>, and gain 5VP.</i>
Reign7_Content1;<link=0>Decree this law</link><br><br><link=1>Consider a different law</link>
Reign7b_Title;Inquisitorial Target
Reign7b_Content;Which cousin's estate will <b>{{0=_}}</b> target with the Inquisitorial Warrant?
Reign7b_Content1;Select a player to raid:{{0=?|<br><br><link=0>Player 1</link>}}{{1=?|<br><br><link=1>Player 2</link>}}{{2=?|<br><br><link=2>Player 3</link>}}{{3=?|<br><br><link=3>Player 4</link>}}{{4=?|<br><br><link=4>Player 5</link>}}
Reign7c_Content;<b>{{0=_}}</b> dispatches the Royal Inquisitors to raid <b>{{1=_}}</b>'s estate! First, enter the new noble title bestowed upon <b>{{0=_}}</b>:
Reign7c_Placeholder;Enter noble title...
Reign7c_0_Content;<b>{{0=_}}</b> gains 1 <icon=Creepy_Icon> and 5VP. Now <b>{{1=_}}</b> must respond to the warrant!
Reign7c2_Title;Inquisitorial Raid
Reign7c2_Content;Royal Inquisitors arrive at <b>{{0=_}}</b>'s gates with a warrant signed by <b>{{1=_}}</b>!
Reign7c2_Content1;Will <b>{{0=_}}</b> pay a $2 bribe to the Inquisitors (paid to <b>{{0=_}}</b>'s rival) to prevent them from seizing 1 Ingredient or <icon=Bodies_Icon>?<br><br><link=0>Yes (Pay $2)</link> | <link=1>No (Allow seizure)</link>
Reign7c2_Popup_Content;{{2=?|<b>{{0=_}}</b> pays $2 directly to <b>{{1=_}}</b> to turn the Inquisitors away.|<b>{{1=_}}</b> takes 1 Ingredient or 1 <icon=Bodies_Icon> of their choice from <b>{{0=_}}</b>'s estate!}}
Reign8_Title;Festival of Enlightenment
Reign8_Content;<b>{{0=_}}</b> sponsors a grand Royal Exposition celebrating scientific achievement, arts, and medicine, drawing scholars and dignitaries from across the continent.<br><br><i>Effect: Gain 2 Knowledge of your choice, $2, and 5VP.</i>
Reign8_Content1;<link=0>Decree this law</link><br><br><link=1>Consider a different law</link>
Reign8b_Content;Dignitaries from across the realm salute <b>{{0=_}}</b> as the King bestows an illustrious new title! Enter the new title prefix for <b>{{0=_}}</b>:
Reign8b_Placeholder;Enter noble title...
Reign8b_0_Content;<b>{{0=_}}</b> gains 2 Knowledge tokens of their choice, $2, and 5VP.
Reign10_Title;No Decrees Remaining
Reign10_Content;All Royal Decrees of this tier have already been enacted. The King's clerks refund your <icon=S3_CrownToken> and bid you good day.
Stickfun_Title;The Wooden Totems
Stickfun_Content;Late in the autumn evenings, caretakers began discovering strange figures woven from dried twigs and twine hanging from the eaves of the manor and the branches of the orchard.<br><br>Whenever one was cut down and burned, three more seemed to appear the next morning, twisting slowly in the wind as though watching the laboratories through the glass.
Stickfun_0_Content;Every player who currently has a <icon=S3_WoodenFigureToken> on their Estate receives 1 <icon=Insanity_Icon> and 1 Knowledge token of their choice.
CoWEvent_Title;The Cost of War
CoWEvent_Content;As the Crown consolidated its empire abroad, Royal Tax Collectors arrived in town with armed dragoons to demand war reparations and reconstruction levies from the gentry.<br><br>However, the collectors made it clear that whichever family contributed the largest voluntary donation to the Royal Treasury would be named Royal Auditor - granting them sweeping exemptions and a share of the confiscated goods.
TwoPCoWEvent_Title;The Royal Auditor's Auction
TwoPCoWEvent_Content;The Royal Collector invites both cousins to submit sealed bids for the post of Royal Auditor. A representative of the neutral guild, <b>{{0=_}}</b>, also prepares a bid.
TwoPCoWRes_Title;The Collector's Verdict
TwoPCoWRes_Content;Each player secretly bids any amount of Money in their hand. Reveal both bids simultaneously! (Ties are broken by the player with the most <icon=S3_CrownToken>, or by <b>{{0=_}}</b> if still tied).
TwoPCoWRes_Content1;What was the highest bid?<br><br><link=0>High Bid is LESS than $8</link><br><br><link=1>High Bid is $8 or MORE</link>
TwoPCoWRes_0_Content;{{0=?|The Royal Collector scoffs at the meager offerings! Both players must pay $4 to the Supply (or all of their money if they have less than $4), and neither gains the post.|The highest bidder pays their bid to the Supply and gains 2 <icon=S3_CrownToken>, 1 Estate Upgrade from the display, and 5VP! The other player keeps their money.}}
CoWEventb_Title;The Royal Auditor's Auction
CoWEventb_Content;The Royal Collector invites all cousins to submit sealed bids of Money in their hands. Reveal all bids simultaneously! (Ties are broken in favor of <b>{{0=_}}</b>, or clockwise from them).
COWRes_Title;The Collector's Verdict
COWRes_Content1;What was the combined total of all players' bids?<br><br><link=0>Total Bids are LESS than $8</link><br><br><link=1>Total Bids are $8 or MORE</link>
COWRes_0_Content;{{0=?|The Royal Collector is insulted by the paltry tribute! All players keep their bids, but every player loses $3 (or all they have) to the Supply and moves 1 space right on the Insanity Track.|All players pay their bids to the Supply. The highest bidder gains 2 <icon=S3_CrownToken>, 1 Estate Upgrade from the display, and 5VP!}}
CommemorativeStatueEvent_Title;A Monument to Victory
CommemorativeStatueEvent_Content;To celebrate the enduring triumph of the Crown, the King announced that a towering bronze Commemorative Statue would be erected in the center of the town square.<br><br>Rather than bearing the likeness of the Monarch himself, the King decreed that the statue would honor whichever local noble family had demonstrated the greatest devotion to the realm - immortalizing their visage for generations to come.
CommemorativeStatueEventb_Title;Commissioning the Statue
CommemorativeStatueEventb_Content;Each player may bid any number of <icon=S3_CrownToken> and/or Money ($3 counts as 1 <icon=S3_CrownToken>) to have the statue sculpted in their honor. If there is a tie, <b>{{0=_}}</b> decides who wins the commission.
CommemorativeStatueEventb_Content1;Which cousin won the bid to have the Commemorative Statue sculpted in their likeness?{{0=?|<br><br><link=0>{{1=_}}</link>}}{{2=?|<br><br><link=1>{{3=_}}</link>}}{{4=?|<br><br><link=2>{{5=_}}</link>}}{{6=?|<br><br><link=3>{{7=_}}</link>}}{{8=?|<br><br><link=4>{{9=_}}</link>}}
CommemorativeStatueEventRes_Title;Unveiling the Monument
CommemorativeStatueEventRes_Content;A crowd gathers in the square as the velvet shroud is pulled away, revealing a gleaming bronze statue of <b>{{0=_}}</b> gazing nobly over the town!
CommemorativeStatueEventRes_0_Content;<b>{{0=_}}</b> pays their bid to the Supply (all other players keep their bids) and immediately gains 5VP!
CommemorativeStatueEventResb_Title;The Town Square Transformed
CommemorativeStatueEventResb_Content;For the remainder of the generation, the base of <b>{{0=_}}</b>'s statue becomes a gathering place for loyalists, petitioners, and royal heralds.
CommemorativeStatueEventResb_0_Content;Place the <b>Commemorative Statue</b> Storybook card over the <b>Farmer's Market</b> location.<br><br>Whenever any player visits this location, they must select their name in the app!
CommemorativeSignIn_Title;At the Foot of the Statue
CommemorativeSignIn_Content1;Which player is visiting the Commemorative Statue?{{0=?|<br><br><link=0>{{1=_}}</link>}}{{2=?|<br><br><link=1>{{3=_}}</link>}}{{4=?|<br><br><link=2>{{5=_}}</link>}}{{6=?|<br><br><link=3>{{7=_}}</link>}}{{8=?|<br><br><link=4>{{9=_}}</link>}}
CommemorativeMAIN_Title;Basking in Bronze Glory
CommemorativeMAIN_Content;<b>{{0=_}}</b> stands proudly beside their own towering bronze likeness as townsfolk bow respectfully and offer gifts in tribute.
CommemorativeMAIN_0_Content;<b>{{0=_}}</b> gains $3, 1 Ingredient of their choice, and 2VP!
CommemorativeOTHER_Title;In Another's Shadow
CommemorativeOTHER_Content;<b>{{0=_}}</b> conducts business beneath the looming bronze gaze of <b>{{1=_}}</b>'s statue. Even here, a small fee must be paid to the monument's upkeep fund.
CommemorativeOTHER_0_Content;<b>{{0=_}}</b> gains $2 and 1 Ingredient of their choice, and <b>{{1=_}}</b> gains 1VP from the Supply!
Weapons_Title;Royal Arsenal Audit
Weapons_Content;Before the final curtain falls on the generation, Royal Inspectors sweep the estates one last time, rewarding any secretly stockpiled munitions that are voluntarily surrendered to the King's guard.
Weapons_0_Content;Each player gains 2VP for every <icon=S3_WeaponToken> remaining in their possession, then returns them to the Supply.
ShadowBonus_Title;The Order in the Shadows
ShadowBonus_Content;{{0=...|Though the Order in the Shadows watched the cousins closely, none proved ruthless enough to claim the mantle of Grand Inquisitor.|In a subterranean chamber beneath the palace, the hooded figures of the Order in the Shadows gather to induct <b>{{1=_}}</b> into their highest circle for the ruthless decrees enacted in the King's name.|In a subterranean chamber beneath the palace, the hooded figures of the Order in the Shadows gather to induct <b>{{1=_}}</b> and <b>{{2=_}}</b> into their highest circle for the ruthless decrees enacted in the King's name.}}
ShadowBonus_0_Content;{{0=?|The player(s) celebrated by the Order in the Shadows gain <b>8VP</b>!|No player receives the Shadow Order bonus.}}
BenevolenceBonus_Title;Beloved of the Realm
BenevolenceBonus_Content;{{0=...|While the Crown maintained order, none of the cousins enacted enough benevolent reforms to be remembered as a true champion of the people.|Across the town and countryside, songs and toasts are raised in honor of <b>{{1=_}}</b>, whose compassionate decrees healed the wounds of the war.|Across the town and countryside, songs and toasts are raised in honor of <b>{{1=_}}</b> and <b>{{2=_}}</b>, whose compassionate decrees healed the wounds of the war.}}
BenevolenceBonus_0_Content;{{0=?|The player(s) celebrated for their benevolence gain <b>8VP</b>!|No player receives the Benevolence bonus.}}
PeaceIntro_SubTitle;Introduction
PeaceIntro_Title;A New Generation
PeaceIntro_Content;And thus passed an entire generation under the yolk of constant battle and misery. Even after the Separatists claimed victory, skirmishes broke out within the land between the loyalists to the crown and the angry separatists.<br><br>Over the years, the rebel leaders were able to establish a fragile democratic coalition in the region, especially after making the family's town a center for scientific and industrial progress. Through their tireless work, the town's monarchist sympathies faded to a memory as they realized their freedom was tied intimately with the new republic.<br><br>By the time our hero's heir inherited the estate, a vibrant period of ambitious rebuilding returned to the town and surrounding countryside. Yet across the borders, the deposed Monarch's allies gathered their armies to crush the young republic.<br><br>Unfortunately, their heirs had been granted a much larger piece of the estate to manage. In fact, all of it. Every cousin's child was named an equal successor to the same plots of land in a mad scheme written into all of the wills simultaneously. It felt almost as if they were being watched and toyed with by an unseen spectral adversary.
SeparatistBarnCheck_SubTitle;Setup
SeparatistBarnCheck_Title;The Barn
SeparatistBarnCheck_Content;With the war ended, the provisional council returned control of the Barn back to the estate, sending volunteers from the town to help restore its operations.<br><br><i>The people do not forget those who sheltered the cause,</i> the council's letter declared.
SeparatistBarnCheck_0_Content;Flip the <b>Barn</b> Estate Upgrade over to its normal side. It has been restored!
PeaceWar_SubTitle;Setup
PeaceWar_Title;A World at War
PeaceWar_Content;Though the Separatists won their freedom locally, the surrounding kingdoms and empires viewed the fledgling republic as a dangerous contagion. Coalition armies marched toward the borders from every direction.<br><br>The Provisional Council turned to the town's famed scientific family with an urgent mandate: forge the advanced weaponry and medical marvels necessary to defend the republic and conquer the old world order!
PeaceWar_0_Content;Retrieve the <b>World Conquest</b> board and the <b>Advanced Weaponry</b> deck from the Scenario box and place them near the main board.<br><br>Shuffle the Advanced Weaponry cards and deal <b>4 cards face-up</b> in a row beside the World Conquest board.
PeacePrep_SubTitle;Setup
PeacePrep_Title;Stockpiling for the Front
PeacePrep_Content;The council quartermasters immediately begin commissioning munitions from the cousins' laboratories.{{0=?|<br><br>Furthermore, because your family covertly funded the Separatist cause during the dark days of the war, the quartermasters grant your laboratories special requisition privileges!}}
PeacePrep_0_Content;Look at each player's <i>Allegiance Track</i>. Every player receives 1 <icon=S3_WeaponToken> from the Supply for every 3 checkpoints they passed on the Separatist side of the track (Rounded down).<br><br>Then remove the <i>Allegiance Track</i> token and each player's tracking tokens from the game.{{0=?|<br><br>Because the family funded the Separatists, players may substitute 1 <icon=S3_WeaponToken> for any 1 Ingredient when completing Experiments this generation!}}
PeacetoRebuild_SubTitle;Setup
PeacetoRebuild_Title;Scars of the Uprising
PeacetoRebuild_Content;{{0=...|Miraculously, the town escaped the war without a single bomb striking its streets. The citizens throw themselves into the war production effort with unbridled optimism.|Though part of the town was damaged by bombs during the war, community brigades quickly cleared the rubble and rebuilt the workshops stronger than before.|Because of the catastrophic devastation wrought by the bombings during the war, reconstruction proved a monumental burden - the cousins found themselves paying additional reconstruction levies at the start of every round.}}
PeaceDiscard_SubTitle;Setup
PeaceDiscard_Title;Supply Lines
PeaceDiscard_Content;To ensure a steady flow of experimental armaments to the front lines, the Council establishes a strict quota of Weapon Tokens to be made available each round.
PeaceDiscard_0_Content;Take <b>{{0=_}}</b> <icon=S3_WeaponToken> per player from the Supply and place them in a pool beside the World Conquest board. Return any remaining <icon=S3_WeaponToken> to the box for now.
PeaceDiscard_1_Content;Turn the Village Chronicles to <b>Page 11</b> for the <b>Early Years</b>.<br><br>Place the Suspicion Marker (Gray Angry Mob token) on the <b>first space of the Suspicion Track</b> (containing the setup icon).
HowtoWar_Title;War on the World Rules
HowtoWar_Content;<b>Advancing the War Effort:</b><br><br>1. During your turn, you may spend <icon=S3_WeaponToken> and/or resources shown on any face-up <b>Advanced Weaponry</b> card to claim it, gaining its immediate reward and placing your marker on the <b>World Conquest</b> track.<br><br>2. At the end of the <b>Early Years</b> and <b>Middle Years</b>, a <b>Battle</b> occurs! Players compare their contributions to the war effort and earn rewards based on their rank.<br><br>3. At the end of the <b>Late Years</b>, the <b>Final Conflict</b> determines the ultimate fate of the Republic!
Peace_Title;The Republic at War
Peace_Allegiance_Title;Separatist Allegiance
Peace_Allegiance_Content;Viva la Revolution! The Republic stands defiant against the crowns of the world.
Peace_WarOnTheWorld_Title;<icon=StorybookToken> War on the World
Peace_WarOnTheWorld_ClickHere; Click here to review the rules for the World Conquest board and Advanced Weaponry deck.
Peace_WarOnTheWorld_Content;Players may claim face-up <b>Advanced Weaponry</b> cards during their turns by spending <icon=S3_WeaponToken> and required resources.
Peace_EverythingIsAWeapon_Title;Special Privilege: Everything is a Weapon
Peace_EverythingIsAWeapon_Content;Because your family funded the Separatists, you may spend 1 <icon=S3_WeaponToken> in place of any 1 Ingredient when completing an Experiment!
Peace_PublicRelations_Title;<icon=StorybookToken> Office of Public Relations
Peace_PublicRelations_Content;When placing a piece at the <b>Office of Public Relations</b>, pay $1 to gain 1 <icon=S3_WeaponToken> and 2VP.
Peace_FinalConflict_Title;<icon=StorybookToken> Final Conflict
Peace_FinalConflict_ClickHere; Click here to review the War on the World rules.
Peace_FinalConflict_Content;This is the final round before the decisive battle for the Republic!{{0=?|<br><br><b>Note:</b> Because the cousins refused to deploy chemical weapons in the Middle Years, the coalition armies have fortified their lines - flip the Final Battle card to its harder side!}}
ATOW_FamineEvent_Title;The Blockade Famine
ATOW_FamineEvent_Content;As winter descended, a naval blockade by the Royalist Coalition cut off all grain and livestock shipments to the Republic. Starvation gripped the town, and desperate citizens gathered outside the Council chambers demanding food.<br><br>In a closed-door session, the Council approached the cousins with a grim proposal: use the estate's biolabs to synthesize an emergency meat substitute from... unconventional organic matter.
TwoPFamineBid_Title;Council Emergency Vote
TwoPFamineBid_Content;The Council calls upon the cousins to vote on the emergency rations proposal using their influence ($). A prominent town alderman, <b>{{0=_}}</b>, also casts a deciding vote.
TwoPFamineBidRes_Title;The Rationing Decision
TwoPFamineBidRes_Content;Both players secretly bid any amount of Money, then reveal simultaneously (ties are broken by <b>{{0=_}}</b>). The highest bidder pays their bid to the Supply and decides the Council's course of action!
TwoPFamineBidRes_Content1;What does the winning bidder decide?<br><br><link=0>Offer a new meat product from the laboratories</link><br><br><link=1>Allow the populace to starve rather than cross that line</link>
TwoPFamineBidRes_Window_Content1;What does the winning bidder decide?<br><br><link=0>Offer a new meat product from the laboratories</link><br><br><link=1>Allow the populace to starve rather than cross that line</link>
ATOW_FamineEventV_Title;Council Emergency Vote
ATOW_FamineEventV_Content;The Council calls upon all cousins to vote on the emergency rations proposal by secretly bidding Money in their hands. Reveal all bids simultaneously! (Ties are broken by <b>{{0=_}}</b>).
ATOW_FamineEventRes_Title;The Rationing Decision
ATOW_FamineEventRes_Content1;The player who bid the most pays their bid to the Supply and makes the choice for the entire town:<br><br><link=0>Offer a new meat product from the laboratories</link><br><br><link=1>Allow the populace to starve rather than cross that line</link>
ATOW_FamineEventYes_Title;A Modest Proposal
ATOW_FamineEventYes_Content;Crates of canned, heavily spiced meat arrive in the town square bearing the label <b>{{0=_}}</b>. The townsfolk devour the rations gratefully, never suspecting the horrifying truth of its origin.<br><br>Only the cousins know why the graveyard wagons return empty each dawn.
ATOW_FamineEventYes_Window_Content;Crates of canned, heavily spiced meat arrive in the town square bearing the label <b>{{0=_}}</b>. The townsfolk devour the rations gratefully, never suspecting the horrifying truth of its origin.<br><br>Only the cousins know why the graveyard wagons return empty each dawn.
ATOW_FamineEventYes_Placeholder;Name your new meat product...
ATOW_FamineEventYes_0_Content;Every player gains <b>2 <icon=Insanity_Icon></b> and <b>$3</b> from the Council's rationing contract!
ATOW_FamineEventNo_Title;Hunger in the Streets
ATOW_FamineEventNo_Content;The cousins refuse to taint their laboratories with such an unspeakable atrocity. The winter is brutal and unforgiving, and riots break out as the hungry citizens blame the wealthy estates for hoarding supplies.
ATOW_FamineEventNo_0_Content;Move the <icon=AngryMob_Icon> <b>2 spaces left</b> toward the Estate on the Suspicion Track!
PeaceStick_Title;Whispers in the Orchard
PeaceStick_Content;Even amidst the roar of factory furnaces and artillery tests, someone—or something—continues to hang twisted wooden effigies from the trees bordering the estate.
PeaceStick_0_Content;Every player with a <icon=S3_WoodenFigureToken> on their Estate gains 1 <icon=Insanity_Icon> and 1 <icon=S3_WeaponToken>.
PeaceEvent_Title;The Stalemate at the Pass
PeaceEvent_Content;By the middle years of the generation, the war against the Royalist Coalition had ground into a bloody stalemate along the mountain trenches. Thousands of republican soldiers were perishing each month against the entrenched imperial artillery.
PeaceEventb_Title;Project Asphyxia
PeaceEventb_Content;A delegation of desperate generals visited the cousins' laboratories at midnight. They carried blueprints for pressurized dispersal shells capable of blanketing an entire valley in an alchemical nerve vapor.<br><br><i>One barrage would break their lines forever,</i> the General pleaded. <i>The wind blows toward their encampment... though a few border villages lie in the valley below.</i>
PeaceEventc_Title;The Alchemical Choice
PeaceEventc_Content1;The cousins must decide together (or by majority vote, ties broken by the player with the most <icon=S3_WeaponToken>):<br><br><link=0>Join the War Effort and manufacture the gas</link><br><br><link=1>Ignore the Opportunity and refuse to build chemical weapons</link>
PeaceEventGas_Title;The Yellow Mist
PeaceEventGas_Content;Within weeks, green-canistered shells rolled off the estate's assembly lines. When the mist settled over the mountain pass, the coalition army was annihilated without a single shot fired in return.<br><br>The Republic celebrated a miraculous breakthrough, and the Council opened an Office of Public Relations to laud the family's patriotic genius—while quietly censoring all reports from the silent border villages.
PeaceEventGas_0_Content;Every player gains 1 <icon=Creepy_Icon>, 1 <icon=Insanity_Icon>, and 1 Ingredient of their choice.<br><br>Place the <b>Office of Public Relations</b> Storybook card beside the board for the Late Years!
PeaceEventNo_Title;Conscience Over Conquest
PeaceEventNo_Content;The cousins burned the blueprints before the generals' eyes, refusing to unleash such an indiscriminate horror upon the world. The generals stormed out in fury, warning that the final offensive would be twice as costly without the weapon.
PeaceEventNo_0_Content;There is no immediate bonus, and the Final Battle in the Late Years will be significantly more difficult!
BattleTime_Title;Report from the Front
BattleTime_Content;Cannon fire echoes across the horizon as the season's military campaign reaches its climax! Resolve the current <b>Battle</b> on the World Conquest board:<br><br>1. Each player totals their military contribution from claimed Advanced Weaponry cards and spent <icon=S3_WeaponToken>.<br>2. Award VP and rewards according to the current Battle card.<br>3. Replenish the Advanced Weaponry display to 4 face-up cards.
BattleCompleteReturn_Title;The Campaign Continues
BattleCompleteReturn_Content;The dust settles over the battlefield as the regiments regroup and resupply for the next phase of the war.
Peace_NextRoundSetup_Content;Replenish the pool of <icon=S3_WeaponToken> to <b>{{0=_}} per player</b> from the box.{{1=?|<br><br>Turn the Village Chronicles to <b>Page 12</b> for the <b>Middle Years</b>.|<br><br>Turn the Village Chronicles to <b>Page 13</b> for the <b>Late Years</b>.}}{{2=?|<br><br>Because of the severe devastation from the war, every player must pay a <b>$2 reconstruction tax</b>!}}
FinalBattleTime_Title;The Final Conflict
FinalBattleTime_Content;All across the continent, the decisive hour has arrived. Every experimental tank, airship, and alchemical battery forged in your laboratories is deployed to the front lines for the ultimate battle!{{0=?|<br><br>Because the cousins refused to manufacture the nerve gas in the Middle Years, the coalition lines remain heavily fortified.}}
FinalBattleTime_0_Content;Resolve the <b>Final Conflict</b> on the World Conquest board now!{{0=?|<br><br>Remember to add +2 to the enemy defense threshold in every region due to refusing Project Asphyxia.}}
FinalBattleComplete_Title;The Dust of History
FinalBattleComplete_Content;With the final campaign resolved, count any remaining <icon=S3_WeaponToken> in each player's possession—each remaining <icon=S3_WeaponToken> is worth <b>1VP</b> (and counts toward any Vanity Estate Upgrades that score military prestige).
ATOW_Scoring_Title;Scoring
ATOW_Scoring_Text;Each Estate Upgrade is worth 1VP.<br />Add any additional points from Vanity Estate Upgrades.<br />Score -3VP for any Maladjustments gained at the End of this Generation.<br />{{0=<b>Time Machine:</b><br />If the player with the Time Machine Masterwork has not completed it, they must lose 5VP.<br />|}}<br />THE PLAYER WITH THE MOST POINTS IS THE WINNER OF THE GAME.
ATOW_Scoring_Continue;Click to tabulate scores for posterity...
ATOW_WinnerHUBproblem_Title;Tie-Breaker
ATOW_WinnerHUBproblem_Text;Multiple players are tied for the highest score! The tied player who completed their Masterwork wins the game. Which of the tied players completed their Masterwork?
ATOW_WinnerHUBproblem_MultipleOrNone;Multiple tied players (or none) completed their Masterwork
ATOW_WinnerHUB_Title;Victory
ATOW_WinnerHUB_Text;Congratulations, <b>{{0}}</b>! Your scientific legacy has triumphed over all rivals.
ATOW_End1_Title;A Giant Success
ATOW_End1_Text;And so it is that this chapter of the story has concluded. It is a story that you no doubt have read about countless times in the newspapers or heard with your family while in the sitting room huddled around your radioscope. The <b>immensity</b> of my family's experiment astounds even myself as I crane my neck to look upon it in all its magnificence.<br /><br />But damn it all, I swear on my name, {{0}} IV, that I will use this bit of fame to fuel my ambitions to the stars. Reaching Utopia is not enough: I must aim higher.<br /><br />{{1=Releasing the Time Machine schematics had surprisingly little effect, or possibly it had an infinite number of consequences, which technically amounts to no effect at all. And if it did have an effect, I would certainly have no knowledge of the effect's effect as the timeline would have already twisted my knowledge of it. Suffice to say, with time travel, as with real life, everything and nothing matters.<br /><br />|}}What could be more innovative than a Giant Time Machine or a {{2}}, you wonder? Why an even BIGGER version, of course! One of tremendous size!<br /><br />This is not the end: it is only the beginning. My own story still remains to be written, forged into legacy like those before me. I will not stop until the sun is blotted out by the sheer heftiness of my imagination!<br /><br />THE END?
ATOW_End2_Title;Behind the Curve
ATOW_End2_Text;My close friends and family - many of whom I have permanently severed contact with because of their feelings on the matter - have expressed extreme misgivings about the publication of this book. They claim that my macabre fascination with exposing this to the world is unhealthy!<br /><br />Some have even derisively labeled this work as pseudoscience, homeopathy, or a drug-induced fever dream, but I say to them, "who are you to criticize the moon and the stars for being in the sky?" This work is important! How can they not see it? If anything, these outlandish experiments further prove the relevance of the science that is far better researched, performed, and peer-reviewed after publication in respected journals.<br /><br />For while the world may have sped onward at a pace that our scientific contributions could not match, rendering our innovations lame and timid in comparison, I believe that my family's failure to make an impact on a world of the future is an important lesson. Our contributions must be remembered, not for their value to the progress of mankind, but for laying the foundations of the work that others would ignore because of other more viable innovations which they could hone to perfection.<br /><br />The world may have progressed beyond a need for mad science, but I believe it is this spirit that will define my family's legacy. Even if what they did, does not.<br /><br />THE END?
ATOW_End3_Title;A Wrinkle Within Time
ATOW_End3_Text;The astute reader may have already surmised that the recollections of three generations was at many points noticeably vivid and detailed. Almost as if the author were not simply transcribing those moments from memory, but witnessing them first-hand. If not, then perhaps I am not as adept at my writing craft as I give myself credit.<br /><br />Does it not seem peculiar that an individual from {{0}}, a small town in Eastern Europe, would become a household name at such a pace? Quite peculiar indeed, isn't it?<br /><br />For you see, it was I, {{1}}, editor, author, and compiler of my family's illustrious personal memoir. This was not a memoir as proposed, but a non-fiction chronicle of events witnessed directly by myself. Being gifted a schematic of a Time Machine certainly has its benefits.<br /><br />I will not attempt to persuade you to the authenticity of my account. With all the wondrous occurrences and graphic failures described within this lengthy tome - that I'm sure my family would never have admitted to of their own volition - I have no doubt that this revelation carries with it more credibility.<br /><br />With the timeline repaired, I feel compelled to offer this history as a testament to the industrious lineage to which I am indebted and to cement their achievements into the firmament of scientific history forever.<br /><br />THE END?
ATOW_End4_Title;A Timeline Unbound
ATOW_End4_Text;The words scatter and reform as I move my pen about the page. Like rusted leaves turned to beetles, they skitter towards the margins. The ink flows to the nub and surges back inside. The twine that binds the pages, the glue that grips the spine, bound and unbound again, it all flits by reality like a zoopraxiscope, projected images of distorted timelines with minor changes.<br /><br />I cannot know if this memoir is complete. I cannot know if anyone will see these words. The veins on my fingers change color. The {{0}} won the war. I cannot tell if I am real or a projection. The twine that binds the pages, the glue that grips the spine... Am I repeating myself?<br /><br />Can you read this?<br /><br />Can you read these words?<br /><br />Is there no response? Who do I presume would respond but myself?<br /><br />Can you read this?<br /><br />I cannot know if anyone will see these words. Like rusted beetles, leaves that skitter margins unbound<br /><br />Can you page the about pen my move I as reform and scatter words the<br /><br />Can you read this?<br /><br />THE END?
ATOW_End5_Title;Royal Praise
ATOW_End5_Text;After the passing of my beloved parents, who were never able to see what their influence had accomplished, I was able to compile this extended memoir which I have no doubt will be received equitably with my abridgements.<br /><br />The royalty were pleased with the successes brought about in part by my family. They appreciated the tenacity displayed when they {{0=supported the establishment of an initial barracks and armed stronghold within the region.|supported the building of a barracks for the royal government.|could not in good conscience create a barracks for the wrong side of the conflict.|were against the move to establish a costly barracks in a region when the prevailing opinions were so strong.}}<br /><br />They remained loyal from generation to generation and helped {{1=inspire a successful rebellion.|retain power with no compromises.}} And when the situation required persuasive tactics, they {{2=used destructive tools to orchestrate a sabotage even when it hurt this fair village of {{2}}.|negotiated a peaceful transition without the need to destroy portions of the village.|never faltered. Their outspoken fealty deftly retaining power for all these generations.}} {{3=Their suggestions pressed a positive agenda for the people of the realm. While demonstrably out of character, it allowed for an easy return to power.|Their suggestions pressed glory for the crown and crown alone, even when it inconvenienced the people.}} Three generations of service, dedication, and influence.<br /><br />My own continued story? Why, as of yet I haven't felt the same inclination to follow in my dear progenitors' footsteps. My service, as newly appointed royal advisor, {{4}} IV, right-hand to the crown, leaves me dreadfully little time for hobbies. Maybe someday I shall lift a pipette: it is so difficult to know the future.<br /><br />I now have a passion of a different sort and this competitive chapter is complete. And not a moment too soon: it is time for tea.<br /><br />THE END?
ATOW_End6_Title;Tipping the Scales
ATOW_End6_Text;This is not a story of Icarian fate where rampant ambition overwhelms reason. No, it is a story of wartime oppression and dismissal by inbred monarchs who would blindly penalize neoteric enterprise instead of embracing the glory of modern advanced experimentation.<br /><br />This is a story of three full generations of dedicated service by a proud Hungarian family with a rich history who were then flippantly cast out of their homes to live in exile. And for what? For revealing an uncomfortable truth? For showing that true science has the power to shape worlds and equally crush them within its grasp? My parents <b>could not evade the royal scrutiny</b> and here I exist, expatriated, wrenched from the work bequeathed to me.<br /><br />Oh, how I wish I could view the well-kept estate of my youth with its comforting stone walls and ivy-laden iron gates. To gaze out of the northern veranda to the valley and watch the peasants wade through the smog like toads amongst the slough.<br /><br />But even as I, {{0}}, have tasted the sweetness of victory, I cannot savor it. The war is over. The legacy is severed. Pity me, for I know not what path to trod. I only hope these words spark something within you, dear reader, that you may not share the same fate as I.<br /><br />THE END?
ATOW_End7_Title;History of Applied Sciences
ATOW_End7_Text;The 11th Edition of this coursebook has been provided by the glorious nation of Hungary, sponsored by the {{0}} region, as a required companion to the Applied Sciences curriculum. It has been recently revised under the guidance of the author, Dr. {{1}}.<br /><br /><i>Instructors:</i> Once reading has been completed, offer appropriate time for discussion. Individually, students should then answer the questions below.<br /><br /><b>REVIEW QUESTIONS</b><br /><br /><b>1.</b> Who is <b>{{1}}</b>?<br /><b>2.</b> In what year was <b>{{2}}</b> introduced? How did {{2}} affect the great war effort?<br /><b>3.</b> {{1}} was born on the outskirts of {{0}}. What is the name of the famous outpost that supplied the civil war efforts in the 1890's?<br /><b>4.</b> What was the critical importance of the <b>{{3}}</b>? Illustrate.<br /><b>5.</b> What nation is the greatest and <b>only</b> nation in the world?<br /><br />THE END?
ATOW_End8_Title;Local Legend
ATOW_End8_Text;I submit this post-script as the fourth generation to take on the {{0}} name. The printing costs have already mounted to a sum which I find difficult to manage after the <b>collapse of the war effort</b> and the subsequent reparation policies levied against this country to weaken its ability to muster new troops.<br /><br />With the inability for leaders to <b>make the difficult and needed decisions</b> to press the war effort forward, the conflict was lost even before it began. {{1=I can only hope those lost in the tragic biochemical release will find some solace in the revelation herein of the true source of the attack.<br /><br />|While practical in theory, I recognize that the processing of enemy soldiers into consumable goods was an unfortunate practice that potentially renders this work unreadable to some.<br /><br />|}}I am aware of what my lineage represents to the international community, and while I wish to distance myself from the whole affair, I also could not in good conscience allow the manuscripts I unearthed be destroyed. With its release, I hope to show - in all its graphic detail - that not all intentions were negative and that the science still holds true even to this day.<br /><br />With righteous conviction and humility in my heart, I am forever your servant. - Dr. {{0}}<br /><br />THE END?
ATOW_FinalCredits_Title;Credits
ATOW_FinalCredits_Text;<b>My Father's Work</b><br />Designed by T.C. Petty III<br />Published by Renegade Game Studios<br /><br />Thank you for playing <i>A Time of War</i>!
ATOW_ReturnToMainMenu;Return to Main Menu
