Tag;English_Source
Gameplay_Lang;English
ATOW_Preparations_Title;<b>Preparations</b>
ATOW_Preparations_Content;Have the contents of the 'A Time of War' Scenario Box <icon=S3_ScenarioIcon> nearby:<br /><sprite=ScenarioBox3D_War><br />Retrieve the Scenario cards, Estates Upgrades, and the tokens featuring the Scenario Icon. Leave all the other components in the scenario box until instructed.<br /><br />Take the Disease <icon=S3_DiseaseCard> deck of cards and the Time Machine Repairs <icon=S3_TimeMachineRepairs> cards and place them back into the scenario box for now.<br /><br />Take the remaining scenario cards and shuffle them in with the appropriate decks based on their card backs.<br /><br />Take the Estate Upgrades and shuffle them in with their respective types.<br /><br />The scenario tokens can be separated by image and placed into a general supply within reach of all players.<br /><br />Remove one A Experiment from the top of the A Experiment deck for each player in the game. Shuffle the 'Time Machine' A Experiment from the Scenario Box into these cards. Then, deal one A Experiment to each player and discard the remaining card. Players keep this card face-down near their play area as their starting Experiment.<br /><br />Deal each player 1 starting <icon=CompulsionBack> card, 1 Servant, 1 Caretaker and $5 from the general supply. Players place the Servant and Caretaker in the Quarters of their Estate.<br /><br />Each player takes the matching 4 Player Order tokens of their color and places 1 on the 0 space of the VP Track, and 3 on the 0 spaces of the Knowledge Track.<br /><br />Each player takes 1 'Hubris' token (they all have the same backs) and places it in the 'Study' of their Estate with the 'Hubris' side face-up.<br /><br />Turn the Village Chronicle to page <b>1</b>.<br /><br />Place the Angry Mob token on the '{{0=|5|6|7}}' space of the Insanity Track.<br /><br />Return the remaining Scenario Boxes to the main game box.
ForewordScen2_Title;<b>A Time of War : A Memoir Across Three Generations</b>
ForewordScen2_Content;The air hangs heavy with the scent of gunpowder and fear. Across the continent, old alliances fracture as the Unified Monarchists and the Separatists clash for supremacy. Even in our quiet corner of the world, the drumbeat of war grows louder with every passing day.<br /><br />Our father's work does not pause for the petty squabbles of kings and rebels, yet we cannot ignore the storm gathering at our doorstep. Whether we profit from the conflict or shield our estates from its fury, the choices we make in the coming years will echo across generations.
ATimeofWarIntro_SubTitle;Taking Sides
ATimeofWarIntro_Content;Word has reached the village that armies are marching through the neighboring provinces. In the taverns and the Town Hall, whispers of espionage, conscription, and fortune-making dominate every conversation.<br /><br />Representatives from both factions have been spotted in the region, each seeking coin, supplies, and loyalty. Soon, our village will be forced to declare where it stands.
IntroConflict_Title;<b>War on the Horizon</b>
IntroConflict_Content;A regiment of the <b>{{0=warwinner}}</b> has established an outpost near the border of our valley. Their scouts ride openly along the high roads, and their emissaries have already begun courting the local magistrate.<br /><br />Though the outcome of this war is far from certain, the presence of the {{0=warwinner}} has emboldened their sympathizers in town while driving their rivals into the shadows.
IntroConflict_0_Content;Place the <b>{{0=warwinner}}</b> Flag token on the Town Hall space of the Village Chronicle.<br /><br />Whenever a player visits the Town Hall, they may pledge their support or uncover rumors about the war effort.
TakeSidesSetup_Content;Place the Wooden Figure token <icon=S3_WoodenFigureToken> on the <b>{{0=tracker}}</b> space of the Score Track. At the end of each round, it will move 1 space toward 0. When it reaches 0, a major military event will occur.<br /><br />Give the Storybook token <icon=StorybookToken> to <b>{{1=startPlayer}}</b>, who will be the Starting Player for this Generation.
TakeSides_Title;Tides of War
TakeSides_TownHall_Title;<icon=StorybookToken> <b>Town Hall - Political Rumblings</b>
TakeSides_TownHall_Content;When taking the Town Hall action, in addition to its normal benefit, a player may trade 1 Knowledge cube of any type to listen to the latest political rumors in town.
TakeSides_TownHall_ClickHere;Click here when a player trades a Knowledge cube at the Town Hall
TakeSides_Pledge_Title;<b>Second Round - Pledge of Support</b>
TakeSides_Pledge_Content;{{0=?|Starting next round, players will have the opportunity to formally pledge their support to one of the warring factions.|During the Middle Years, players should prepare their estates and resources for the upcoming military vote at the end of this round.}}
TakeSides_MilitaryDemands_Title;<b>Military Demands</b>
TakeSides_MilitaryDemands_Content;Because the town voted to construct a Barracks, the occupying garrison has issued strict demands. At the start of this round, any player with a Caretaker on the Barracks must place that Caretaker into <b>Lost</b>.
TakeSides_MilitaryService_Title;<b>Military Service</b>
TakeSides_MilitaryService_Content;At the start of this round, return any Caretaker on the Barracks to <b>your Quarters</b>. During this round, each player must take an action at the Barracks to fulfill their service. Any player who does not have a piece on the Barracks at the end of this Generation will lose 5VP.
TakeSides_KnowledgeBonus_Title;<b>Town Investment - Knowledge</b>
TakeSides_KnowledgeBonus_Content;Thanks to the town's investment in academic research, whenever a player takes the University action this round, they gain 1 additional Knowledge cube of their choice.
TakeSides_IngredientBonus_Title;<b>Town Investment - Ingredients</b>
TakeSides_IngredientBonus_Content;Thanks to the town's investment in supply depots, whenever a player takes the Farmers Market or Hardware Store action this round, they may gain 1 additional Ingredient of their choice for $1.
TakeSides_WealthBonus_Title;<b>Town Investment - Wealth</b>
TakeSides_WealthBonus_Content;Thanks to the town's investment in commerce, whenever a player takes the Bank action this round, they gain $1 additional.
TakeSides_End_Title;<b>End of Round</b>
TakeSides_End_Content;When all players have passed and the round has ended:
RumorD_Title;<b>Whispers in the Hall</b>
RumorD_Content;{{0=|You slip a scholar's treatise across the clerk's desk in exchange for access to the private parlor, where townsfolk speak in hushed tones.|After sharing your research notes with the local magistrate, you linger in the corridor and overhear two conversations unfolding nearby.|In the dim light of the archives, your contribution of knowledge earns you a seat beside the town's most well-connected gossips.|The tavern adjacent to the Town Hall is alive with intrigue. You lean in close as two separate groups debate the war's progress.}}<br /><br />Which conversation do you wish to eavesdrop on?
RumorD_Content1;{{0=|A decorated military officer speaking quietly with a courier.|A hooded figure clutching a satchel of coded dispatches.|A wild-eyed hermit muttering about visions of the future.|A fiery rebel organizer rallying dockworkers in the corner.|An aristocratic diplomat sipping wine with the town banker.|A wealthy industrialist proposing a grand civic investment.}}
RumorD_Content2;{{0=|A decorated military officer speaking quietly with a courier.|A hooded figure clutching a satchel of coded dispatches.|A wild-eyed hermit muttering about visions of the future.|A fiery rebel organizer rallying dockworkers in the corner.|An aristocratic diplomat sipping wine with the town banker.|A wealthy industrialist proposing a grand civic investment.}}
TownHallSpecial_Title;<b>Village Meeting</b>
TownHallSpecial_Content;As the Early Years draw to a close, the magistrate summons the prominent families of the valley to an emergency session at the Town Hall.<br /><br />In the crowded assembly chambers, representatives from every walk of life trade rumors and lobby for the village's future. Starting with the player holding the Storybook token and proceeding clockwise, each player will have a chance to privately investigate one of the conversations taking place.
TownHallS1_Title;<b>Private Investigation</b>
TownHallS1_Content;Hand the Storybook to <b>{{0=player}}</b>.<br /><br />As the assembly debates in the main hall, you notice two intriguing conversations nearby. Which do you choose to investigate?
TownHallS1_Content1;{{0=|A decorated military officer speaking quietly with a courier.|A hooded figure clutching a satchel of coded dispatches.|A wild-eyed hermit muttering about visions of the future.|A fiery rebel organizer rallying dockworkers in the corner.|An aristocratic diplomat sipping wine with the town banker.|A wealthy industrialist proposing a grand civic investment.}}
TownHallS1_Content2;{{0=|A decorated military officer speaking quietly with a courier.|A hooded figure clutching a satchel of coded dispatches.|A wild-eyed hermit muttering about visions of the future.|A fiery rebel organizer rallying dockworkers in the corner.|An aristocratic diplomat sipping wine with the town banker.|A wealthy industrialist proposing a grand civic investment.}}
RumorD1_Title;<b>Secret Information</b>
RumorD1_Content;Read the following passage in secret. Do not share its contents with the other players unless you wish to.
RumorD1_Reveal_Title;<b>The Officer's Dispatch</b>
RumorD1_Reveal_Content;You edge closer to the military officer as he unseals a dispatch bearing the {{0=crestIcon}} crest of the <b>{{1=warwinner}}</b>.<br /><br />{{2=?|'Our supply lines are stretched thin,' the officer whispers grimly. 'If they push toward the valley, our defenses will crumble and the town will be reduced to rubble.'|'Reinforcements have arrived at the front,' the officer smiles coldly. 'When the offensive begins, our banner will fly uncontested over this entire province.'}}<br /><br />Before departing, the officer notices your interest and presses a {{0=crestIcon}} token into your palm. 'Keep this safe. Our allies will be rewarded when the time comes.'
RumorD1_Setup_Content;Gain the {{0=crestIcon}} token from the supply and place it in your play area.
RumorD2_Title;<b>Secret Information</b>
RumorD2_Content;Read the following passage in secret. Do not share its contents with the other players unless you wish to.
RumorD2_Reveal_Title;<b>Coded Dispatches</b>
RumorD2_Reveal_Content;The hooded courier glances over his shoulder before sliding a velvet pouch across the table. Inside gleams a {{0=figIcon}} token used by underground agents to identify covert cells.<br /><br />'The tide is turning in the shadows,' the courier murmurs. 'Hold onto this {{0=figIcon}} token. Those who carry our mark will find doors opened when the occupation begins.'
RumorD2_Setup_Content;Gain the {{0=figIcon}} token from the supply and place it in your play area.
RumorD3_Title;<b>Secret Information</b>
RumorD3_Content;Read the following passage in secret. Do not share its contents with the other players unless you wish to.
RumorD3_Reveal_Title;<b>The Aristocrat's Confession</b>
RumorD3_Reveal_Content;Over a glass of vintage port, the Monarchist diplomat confides in the town banker. 'The Crown's coffers are nearly exhausted, yet our generals insist on one decisive campaign. Those who pledge to the Unified Monarchists now will be handsomely compensated at the upcoming assembly.'{{0=?|<br /><br />He lowers his voice further. 'Should the Separatists prevail, however, rumor has it their commanders will show no quarter to anyone who refuses them.'|}}
RumorD4_Title;<b>Secret Information</b>
RumorD4_Content;Read the following passage in secret. Do not share its contents with the other players unless you wish to.
RumorD4_Reveal_Title;<b>The Rebel's Promise</b>
RumorD4_Reveal_Content;The Separatist organizer pounds his fist softly on the table. 'The people are tired of royal taxes and conscription! When the town votes on the military garrison, every citizen who stands with the Separatists will receive a share of the liberated treasury.'
RumorD5_Title;<b>Secret Information</b>
RumorD5_Content;Read the following passage in secret. Do not share its contents with the other players unless you wish to.
RumorD5_Reveal_Title;<b>Visions of Tomorrow</b>
RumorD5_Reveal_Content;The wild-eyed hermit grabs your sleeve with trembling fingers, pressing a hand-carved wooden figure <icon=S3_WoodenFigureToken> into your hand.<br /><br />{{0=?|'I have seen the sky tear open!' he rasps. 'Fire and ash will swallow this town, and then... time itself will bend backward upon its own gears!'|'I have seen boots marching down every cobblestone street!' he whispers. 'Iron law and banners of war will rule this valley for a generation!'}}
RumorD5_Setup_Content;Gain a <icon=S3_WoodenFigureToken> token from the supply and place it in your play area.
RumorD6Guns_Title;<b>Secret Information</b>
RumorD6Guns_Content;Read the following passage in secret. Do not share its contents with the other players unless you wish to.
RumorD6Guns_Reveal_Title;<b>A Civic Proposal</b>
RumorD6Guns_Reveal_Content;The wealthy industrialist spreads a set of blueprints across the table. 'With war approaching, the town council has surplus funds to invest in one major sector of our local economy. As a respected scholar, your recommendation will decide where the magistrate directs the funding.'<br /><br />Which civic investment do you endorse?
RumorD6Guns_Reveal_Content1;{{0=|Fund the University archives to advance <b>Knowledge</b>.|Expand the regional warehouses to secure <b>Ingredients</b>.|Subsidize the town bank to stimulate <b>Wealth</b>.}}
RumorD6Guns_Reveal_Content2;{{0=|Fund the University archives to advance <b>Knowledge</b>.|Expand the regional warehouses to secure <b>Ingredients</b>.|Subsidize the town bank to stimulate <b>Wealth</b>.}}
RumorD6Confirm_Title;<b>Proposal Endorsed</b>
RumorD6Confirm_Content;The industrialist nods approvingly and seals your recommendation into an official ledger. '{{0=|The University will receive the council's full backing.|Our supply depots will be stocked with the finest ingredients.|The town bank will open new lines of credit immediately.}}'
RumorCreep_Title;<b>Unsettling Encounter</b>
RumorCreep_Content;As you step away from the hermit, a cold shiver runs down your spine. His ravings about fractured timelines and approaching doom linger in your thoughts all the way back to your estate.
RumorCreep_Setup_Content;Advance your Insanity Marker 1 space on the Insanity Track <icon=Creepy_Icon>.
RumorIngredient_Title;<b>Surplus Supplies</b>
RumorIngredient_Content;On your way out of the Town Hall, a grateful quartermaster offers you a crate of surplus materials left behind by a passing supply wagon.
RumorIngredient_Setup_Content;Gain 1 Ingredient of your choice from the supply.
RumorKnowledge_Title;<b>Forgotten Notes</b>
RumorKnowledge_Content;While perusing the Town Hall records, you discover a bundle of correspondence left behind by a visiting natural philosopher.
RumorKnowledge_Setup_Content;Gain 1 Knowledge cube of your choice from the supply.
RumorPitch_Title;<b>ALucrative Buyer</b>
RumorPitch_Content;A military procurement agent approaches you on the steps of the Town Hall, offering hard coin in exchange for any theoretical schematics you are willing to part with.
RumorPitch_Setup_Content;You may discard 1 Experiment card to gain $3 from the supply.
GunsAnnouncement_Title;<b>An Investment in {{0=townName}}</b>
GunsAnnouncement_Content;Before adjourning the assembly, the magistrate announces the council's new economic initiative for <b>{{0=townName}}</b>:<br /><br />'{{1=|By order of the town council, additional grants have been awarded to the University! Scholars studying there will gain extra Knowledge.|By order of the town council, our markets and depots have been expanded! Citizens may purchase extra Ingredients when visiting town shops.|By order of the town council, the local bank has been subsidized! Citizens visiting the Bank will receive additional funds.}}'
TakeEvent_Title;<b>Military Protection</b>
TakeEvent_Content;As the Middle Years conclude, a battalion of the <b>{{0=warwinner}}</b> marches into the town square. Their commander demands that the village construct a fortified <b>Barracks</b> to house their troops against the <b>{{1=warloser}}</b>.<br /><br />The magistrate calls an immediate vote. Players will now secretly bid money in their hand (including $0) and simultaneously reveal their bids. Each player also states whether they are voting <b>Yay</b> (to build the Barracks) or <b>Nay</b> (against building the Barracks). Add up the total money bid for each side to determine the outcome.
TakeEventb_Title;<b>Votes Tallied</b>
TakeEventb_Content;Count the total coin bid for each side (in case of a tie, the player with the Storybook token decides). What was the result of the town vote?
TakeEventb_Content1;Yay. We voted to build a Barracks.
TakeEventb_Content2;Nay. We voted against.
ResolutionofEvent_Title;<b>The Town's Reaction</b>
ResolutionofEvent_Content;{{1=?|With the funds secured, construction on the new Barracks begins immediately. The <b>{{0=warwinner}}</b> commander commends the town's loyalty, though many villagers eye the new garrison with unease.|The town council formally rejects the proposal to build a Barracks. The <b>{{0=warwinner}}</b> commander storms out of the hall, warning that the village will have to fend for itself when the fighting reaches the valley.}}<br /><br />{{2=|In a 2-player game, each player may now claim 1 Flag token representing the faction they supported during the vote.|Each player may now claim 1 Flag token representing the faction they supported during the vote.}}
ResolutionofEvent_Setup_Content;{{2=?|All players who voted <b>Yay</b> pay the money they bid and may take a <b>{{0=warwinner}}</b> Flag token. Players who voted <b>Nay</b> keep their money and may take a <b>{{1=warloser}}</b> Flag token.|All players who voted <b>Nay</b> pay the money they bid and may take a <b>{{1=warloser}}</b> Flag token. Players who voted <b>Yay</b> keep their money and may take a <b>{{0=warwinner}}</b> Flag token.}}<br /><br />{{3=||Each player with a Separatists Flag token gains $2.|Each player with a Separatists Flag token gains 1 Creepy <icon=Creepy_Icon>.}}<br />{{4=||Each player with a Unified Monarchists Flag token gains 2VP.|Each player with a Unified Monarchists Flag token must discard 1 Resource.}}
TakeEventFlag_Title;<b>Change of Allegiance</b>
TakeEventFlag_Content;Unexpectedly, a sudden counter-offensive shifts the front lines overnight!{{2=?| Despite the newly built Barracks, the <b>{{0=warwinner}}</b> garrison is forced to withdraw as forces of the <b>{{1=warloser}}</b> sweep into the region.| Emboldened by the town's refusal to build a garrison for the <b>{{0=warwinner}}</b>, vanguard units of the <b>{{1=warloser}}</b> march into town and raise their banner over the Town Hall!}}
TakeEventFlag_Setup_Content;Replace the <b>{{0=warwinner}}</b> Flag token on the Town Hall with the <b>{{1=warloser}}</b> Flag token.
TakeSides3Setup_Content;{{0=?|Turn to page <b>2</b> of the Village Chronicle.<br /><br />Each player takes 1 Caretaker from <b>Lost</b> and places it on the newly constructed <b>Barracks</b> location on the Village Chronicle.|Turn to page <b>3</b> of the Village Chronicle.}}
TSBarracksPenalty_Title;<b>Lack of Service Penalty</b>
TSBarracksPenalty_Content;The garrison commander inspects the Barracks roster as the generation comes to an end. Any player who still has a Caretaker remaining in their Quarters or on the Barracks without having fulfilled the required Military Service loses <b>5VP</b>.
SeedGUNS_Title;<b>{{0=|Knowledge Bonus|Ingredient Bonus|Wealth Bonus}}</b>
SeedGUNS_Content;The council's civic investment earlier in the generation has borne fruit!{{0=| The University's expanded archives have elevated the prestige of the most learned scholars in the valley.| The overflowing supply depots have rewarded those who stockpiled the rarest alchemical ingredients.| The thriving town bank has paid out handsome dividends to the wealthiest estates.}}
SeedGUNS_Setup_Content;The player with the most {{1=|Knowledge cubes|Ingredients|Money}} (in case of a tie, all tied players) gains <b>{{0=vp}}VP</b>!
Warwarn_Title;<b>WARNING</b>
Warwarn_Content;<b>IMPORTANT:</b> During the upcoming End of Generation cleanup, <b>do NOT discard your completed Experiments</b>! Keep all completed Experiments from this Generation face-up near your play area, as they will be checked at the start of the next Generation.
TowardsDev_Title;<b>Under Unfortunate Circumstances</b>
TowardsDev_Content;{{1=?|Despite the fortifications of the Barracks, the war erupts with unimaginable ferocity.|Without a Barracks to defend the valley, the town is caught completely unprepared when the artillery barrages begin.}} Armies of the <b>{{0=warwinner}}</b> and their rivals clash directly in the streets of our village.<br /><br />Shells rain down upon the cobblestones, reducing shops, estates, and laboratories to smoldering ruins. As the fires consume a lifetime of research, you lock your journals inside the estate vault and flee into the night.
TowardsDev_EndGen_Content;Perform all standard End of Generation steps, <b>EXCEPT do not discard your completed Experiments</b>.<br /><br />Once you are ready to proceed to Generation II, click Confirm.
TowardsWar_Title;<b>A Town Fully Defended</b>
TowardsWar_Content;{{1=?|Bolstered by the town's Barracks, the regiments of the <b>{{0=warwinner}}</b> repel the enemy offensive at the valley border!|Despite the lack of a local Barracks, the main army of the <b>{{0=warwinner}}</b> crushes the opposition before the fighting can damage the village!}}<br /><br />As the dust settles, the victorious <b>{{0=warwinner}}</b> declare martial law across the entire province. Their banners hang from every lamppost, and a permanent military governor is appointed to oversee our town for the next generation.
TowardsWar_EndGen_Content;Perform all standard End of Generation steps.<br /><br />Once you are ready to proceed to Generation II, click Confirm.
TimeTravelintro_Title;<b>A Town in Shambles</b>
TimeTravelintro_Content;Decades have passed since the bombardment, yet the valley remains a scarred wasteland of collapsed roofs and blackened stone. Returning to your ancestral estate, you uncover the subterranean vault left behind by your predecessor.
TimeTravelintro_0_Content;Turn to page <b>12</b> in the Village Chronicle.
TimeTravelintro1_SubTitle;A Return to Devastation
TimeTravelintro1_Content;Inside the vault, amid the dust and shattered glassware, stands a towering contraption of brass coils, chronometric gears, and glowing vacuum tubes. Beside it lies your parent's final journal.<br /><br />The notes describe an audacious plan: to harness temporal energy and journey back to the fateful days before the war destroyed the village, altering history itself!
TimeTravelIntro2_Title;<b>A Well Timed Discovery</b>
TimeTravelIntro2_Content;{{0=|Both of your families have independently uncovered temporal apparatus beneath your estates.|All three of your families have uncovered interconnected temporal apparatus beneath your estates.|All four of your families have uncovered interconnected temporal apparatus beneath your estates.}} Before activating the machine, you examine the completed Experiments from the previous Generation to see if anyone managed to perfect the prototype before the town fell.
TimeMachineExperiment_Title;<b>A Time Machine... But, I Thought...?</b>
TimeMachineExperiment_Content;Did any player complete the <b>'Time Machine'</b> A Experiment during Generation I? (Check all completed Experiments from Generation I, then discard all completed Experiments from Generation I as normal.)
TMReplace_Title;<b>A Time Loop Created</b>
TMReplace_Content;Incredible! Because the Time Machine Experiment was already completed in the past, its resonant chronal field has anchored itself across timelines, transforming the prototype into a true Masterwork!
TMReplace_0_Content;The player who completed the 'Time Machine' Experiment in Generation I retrieves the <b>Time Machine Masterwork Upgrade</b> <icon=S3_MWUpgradeTimeMaching> from the Scenario Box and places it on their Masterwork space, replacing one of their Masterwork requirements!
TTIntro3_Title;<b>To the Past</b>
TTIntro3_Content;With a deafening roar of arc lightning, you throw the master switch! The ruined walls of your laboratory dissolve into a swirling vortex of light and memory.<br /><br />When the dizziness subsides, you step out onto the balcony—and gasp. The church spire stands whole, the markets are bustling with life, and the war has not yet reached the valley! You have returned to the exact moment the crisis began, armed with knowledge of the future.
TimeTokens_Title;<b>The Chance of Paradox</b>
TimeTokens_Content;Meddling with the timeline carries grave risks. Whenever you alter events or interact with forces that already existed in your past, temporal anomalies—known as <b>Paradoxes</b>—will accumulate around your estate.
TimeTokens_0_Content;Place all <b>Paradox tokens</b> <icon=S3_ParadoxToken> in a supply near the board.<br /><br />Each player takes <b>2 Paradox tokens</b> <icon=S3_ParadoxToken> and places 1 on any Experiment card in their hand or play area and 1 in their personal play area. Whenever you complete or discard an Experiment with a Paradox token on it, that Paradox token moves to your personal play area.
TimeTravelSetup_Content;Turn to page <b>13</b> in the Village Chronicle.<br /><br />Flip all Masterwork cards face-down (they cannot be completed in the normal manner while the timeline is unstable).<br /><br />Move the Angry Mob token 1 space to the left on the Insanity Track.<br /><br />{{0=?|Because this is a 3-player game, pass the Starting Player (Storybook token) 1 player to the left.<br /><br />|}}Each player takes their second Caretaker from <b>Lost</b> and places it in the Quarters of their Estate.
TimeTravel_Title;Tides of War 2
TimeTravel_MilitaryDemands_Title;<b>Military Demands</b>
TimeTravel_MilitaryDemands_Content;Because the Barracks was built in this altered timeline, during the Late Years every player must take at least one action at the Barracks (this action provides no benefit other than fulfilling your military obligation). Any player who does not have a piece on the Barracks at the end of the round will lose 5VP.
TimeTravel_RepairTimeMachine_Title;<icon=StorybookToken> <b>Repair the Time Machine</b>
TimeTravel_RepairTimeMachine_Content;The temporal jump damaged the chronal core of your Time Machine. If the players collectively collect all 3 <b>Time Machine Repairs</b> cards and spend an action to assemble them, the machine can be fully repaired.
TimeTravel_RepairTimeMachine_ClickHere;Click here once the Time Machine has been repaired
TimeTravel_ParadoxExplanation_Title;<icon=StorybookToken> <b>Paradox Explanation</b>
TimeTravel_ParadoxExplanation_Content;Need a reminder of how Paradox tokens <icon=S3_ParadoxToken> work and how to remove them from your play area?
TimeTravel_ParadoxMending_Title;<icon=StorybookToken> <b>Paradoxical Mending Reward</b>
TimeTravel_ParadoxMending_Content;The first player to completely clear all Paradox tokens <icon=S3_ParadoxToken> from their play area and Experiments may claim a special temporal reward.
TimeTravel_ParadoxMending_ClickHere;Click here when a player has zero Paradox tokens
TimeTravel_End_Title;<b>End of Round</b>
TimeTravel_End_Content;When all players have passed and the round has ended:
ParadoxExReminder_Title;<b>Removing Paradox</b>
ParadoxExReminder_Content;<b>Paradox Rules Reminder:</b><br /><br />- Whenever you complete or discard an Experiment that has a Paradox token <icon=S3_ParadoxToken> on it, place that token into your play area.<br />- You may remove 1 Paradox token from your play area whenever you take an action at the Church or when an effect instructs you to discard a Paradox token.<br />- Having too many Paradox tokens at the end of the Generation may fracture the timeline!
TriggerParadox_Title;<b>Ease of Anxiety</b>
TriggerParadox_Content;As the last temporal anomaly fades from your laboratory, the oppressive buzzing in your ears finally ceases. Your mind feels sharper than ever, unburdened by the weight of conflicting timelines.
TriggerParadox_0_Content;Gain <b>{{0=vp}}VP</b> and <b>1 Knowledge cube</b> of your choice from the supply!
ATimeMachineRepaired_Title;<b>A Vehicle Through Time</b>
ATimeMachineRepaired_Content;With the final chronometric coil locked into place, the Time Machine hums with steady, harmonious power! No matter what happens to the village at the end of this Generation, your escape route through the timestream is now secure.
FixIt_Title;<b>Accidental Discovery</b>
FixIt_Content;While calibrating your instruments at the end of the Early Years, you realize that several crucial components of the Time Machine were scattered across the village during your arrival!
FixIt_0_Content;Retrieve the 3 <b>Time Machine Repairs</b> <icon=S3_TimeMachineRepairs> cards from the Scenario Box and place them face-up near the Village Chronicle so players can acquire them during the Middle and Late Years.
Militarytoken_Title;<b>Secret Information</b>
Militarytoken_Content;If any player currently holds the {{0=crestIcon}} token from Generation I, hand the Storybook to that player to read the next passage in secret.
Militarytoken_0_Title;<b>Duplicitous Duplicate</b>
Militarytoken_0_Content;While walking through the mist outside the Town Hall, you freeze in horror—standing under the streetlamp is your own past self, clutching the {{0=crestIcon}} token given to you by the military officer!<br /><br />Did you follow the officer's orders and use that token to aid their cause, or did you defy them?
Militarytoken_0_Content1;I followed.
Militarytoken_0_Content2;I did Not follow.
MilitaryYes_Title;<b>Paradox Averted</b>
MilitaryYes_Content;Careful not to be seen by your younger self, you slip the {{0=crestIcon}} token into the courier's drop-box just as history recorded, preventing a dangerous temporal rupture.
MilitaryYes_0_Content;You may discard 1 Experiment card along with any Paradox token <icon=S3_ParadoxToken> on it, then return the {{0=crestIcon}} token to the Scenario Box.
MilitaryNo_Title;<b>Compulsions</b>
MilitaryNo_Content;You step out of the shadows and intercept the courier before he can reach your younger self! History fractures around you, flooding your mind with fractured memories and new experimental possibilities.
MilitaryNo_0_Content;Gain <b>1 Body</b> <icon=Bodies_Icon>, draw <b>2 Experiment cards</b> of your choice, and gain <b>1 Paradox token</b> <icon=S3_ParadoxToken>. Return the {{0=crestIcon}} token to the Scenario Box.
TownHallOpposite_Title;<b>Military Protection</b>
TownHallOpposite_Content;Thanks to your subtle manipulation of the timeline during the Middle Years, the town's military vote unfolds in the exact opposite manner of your original memories!{{2=?|<br /><br />Where once a mighty Barracks stood, the council votes down the proposal, leaving the <b>{{0=warwinner}}</b> furious as the <b>{{1=warloser}}</b> gain influence.|<br /><br />Where once the village refused to build a garrison, the council now enthusiastically constructs a fortified <b>Barracks</b> for the <b>{{0=warwinner}}</b>!}}
SeedResolution_Title;<b>{{0=|A Place of Knowledge|A Wealth of Goods|An Investor's Paradise}}</b>
SeedResolution_Content;Ripples from the civic investment made in the previous timeline echo through the village!{{0=| The University archives overflow with treatises that shouldn't exist for another decade.| The market stalls groan under the weight of exotic ingredients brought in by temporal trade winds.| The local bank's ledgers show mysterious compound interest accrued across timelines.}}
SeedResolution_0_Content;Starting with the player holding the Storybook token and proceeding clockwise, each player gains <b>{{0=|1 Knowledge cube of their choice|1 Ingredient of their choice|$2}}</b> and draws <b>1 Compulsion card</b> <icon=CompulsionBack>.
BlameGameEvent_Title;<b>Paradoxical Dilemma</b>
BlameGameEvent_Content;Suddenly, counter-intelligence agents of the <b>{{0=warwinner}}</b> surround the Town Hall! They have detected temporal anomalies and suspect that one of the prominent estates is sabotaging their war effort.<br /><br />Each player will be interrogated in private. During your interrogation, you may choose to remain silent or point the finger of blame at one of your fellow players!
TwoPBlameGameEvent_Title;<b>The Dilemma</b>
TwoPBlameGameEvent_Content;In a 2-player game, this interrogation functions as a classic Prisoner's Dilemma:<br /><br />- If <b>both players remain silent</b>, everyone will be rewarded at the start of the next Generation.<br />- If <b>one player blames the other</b> while the other stays silent, the blamed player will suffer a severe penalty.<br />- If <b>both players blame each other</b>, the investigators will punish both estates!
ShowBlameHandDevice_Title;<b>Private Interrogation</b>
ShowBlameHandDevice_Content;Hand the Storybook to <b>{{0=player}}</b> and ensure no other players can see the screen.
BlameInterrogation_Title;<b>Interrogation</b>
BlameInterrogation_Content;The chief investigator slams a folder onto the desk and glares at you across the lamp-lit room.<br /><br />'Before we discuss the sabotage in town, let us establish your credentials. Do you currently possess a <b>{{0=warwinner}}</b> Flag token?'
BlameInterrogation_Content1;Yes, I do. Why do you ask?
BlameInterrogation_Content2;No, I do not.
Blame1b_Title;<b>Offer</b>
Blame1b_Content;The investigator leans forward and taps his coin purse. 'A pity. However, for a modest contribution of <b>$2</b> to our war chest right now, I can issue you an official <b>{{0=warwinner}}</b> Flag token on the spot. Do we have a deal?'
Blame1b_Content1;Yes, I accept. (Pay $2)
Blame1b_Content2;Sorry. I must sadly decline.
Blame1c_Title;<b>Passing the Blame</b>
Blame1c_Content;The investigator opens his ledger. 'Now then—someone in this valley has been tampering with forces beyond comprehension. Tell us who is responsible, or hold your tongue and share in the suspicion. What is your choice?'
Blame1c_Content1;To stay silent.
Blame1c_Content2;To blame {{0=targetPlayer}}.
BlameResolve_Title;<b>Determined Resolution</b>
BlameResolve_Content;All interrogations have concluded. Return the Storybook to the Starting Player as the investigators step onto the steps of the Town Hall to announce their findings.
BlameResolve_BuySetup_Content;{{1=?|The player who purchased a Flag token during interrogation takes 1 <b>{{0=warwinner}}</b> Flag token from the supply.|Each player who purchased a Flag token during interrogation takes 1 <b>{{0=warwinner}}</b> Flag token from the supply.}}{{2=||<br /><br />Each player who gained a Separatists Flag token also gains $2!|<br /><br />Each player who gained a Unified Monarchists Flag token also gains 2VP!}}
BlameOut1_Title;<b>Diverting Their Attentions</b>
BlameOut1_Content;With the majority of the accusations pointing squarely at <b>{{0=blamePlayer}}</b>, the military investigators march directly to their estate and ransack one of their wings!
BlameOut1_0_Content;<b>{{0=blamePlayer}}</b> must discard <b>1 Estate Upgrade</b> <icon=DiscardEstateUpgrade_Icon> of their choice and advance their Insanity Marker <b>2 spaces</b> on the Insanity Track <icon=Creepy_Icon>.
BlameOut2_Title;<b>Crossed Signals</b>
BlameOut2_Content;With conflicting accusations flying in every direction, the furious investigators impose sweeping confiscations across every estate in the valley!
BlameOut2_0_Content;{{0=summary}}
TimeTravel3Setup_Content;Turn to page <b>14</b> of the Village Chronicle.
BlameOut3_Title;<b>Silence is Golden</b>
BlameOut3_Content;Because not a single scholar betrayed their peers during the interrogation, the investigators were forced to leave empty-handed! In gratitude for your solidarity, the underground network has set aside extra supplies for every estate—<b>each player will gain 2 Resources of their choice at the start of Generation III</b>!
SecretParadoxBonus_Title;<b>Chaos Theory</b>
SecretParadoxBonus_Content;{{0=?|As the temporal storm reaches its zenith, you realize that the very Paradoxes threatening the timeline have also thin-walled the barrier between ignorance and genius!|Those who dared to court temporal Paradoxes throughout this Generation discover hidden insights etched into the fabric of time itself!}}
SecretParadoxBonus_0_Content;The player with the <b>most Paradox tokens</b> <icon=S3_ParadoxToken> in their play area (in case of a tie, all tied players) gains <b>4VP</b> and advances their lowest Knowledge Track token <b>1 space</b>!
TTBarracksPenalty_Title;<b>Barracks Penalty</b>
TTBarracksPenalty_Content;The garrison commander inspects the Barracks roster at the end of the Generation. Any player who did not place a piece on the <b>Barracks</b> during this round loses <b>5VP</b>!
TimeEnd1_Content;Perform all standard End of Generation steps.<br /><br />Once you are ready to see the fate of the timeline, click Confirm.
TimeEnd1_Window_Title;<b>Paradox</b>
TimeEnd1_Window_Content;As the clock strikes midnight on the final year of the Generation, the accumulated Paradox tokens <icon=S3_ParadoxToken> across all players' play areas begin to resonate with blinding light!<br /><br />Count the total number of Paradox tokens currently held by all players combined. How many Paradox tokens are there in total?
TimeEnd1_Window_Content1;{{0=dox}} or more Paradox tokens.
TimeEnd1_Window_Content2;Fewer than {{0=dox}} Paradox tokens.
TimeEnd2_Content;Perform all standard End of Generation steps.<br /><br />Once you are ready to see the fate of the Time Machine, click Confirm.
TimeEnd2_Window_Title;<b>{{0=?|Fully Repaired|Rusty, But Worth a Try}}</b>
TimeEnd2_Window_Content;{{0=?|Because you successfully repaired the Time Machine during this Generation, its chronal stabilizers hold firm as the timeline shifts around the valley!|The timeline around the village begins to collapse, and the Time Machine has not been fully repaired! You rush to the laboratory to engage the emergency temporal drive with whatever repair components you managed to gather.<br /><br />How many <b>Time Machine Repairs</b> cards do the players collectively possess?}}
TimeEnd2_Window_Content1;Zero.
TimeEnd2_Window_Content2;One.
TimeEnd2_Window_Content3;Two.
TimeEnd2b_Title;<b>An Unsettling Time</b>
TimeEnd2b_Content;With only <b>{{0=tmNumber}}</b> installed, the Time Machine lurches violently as you pull the lever!{{1=?| Sparks shower the laboratory as the uncalibrated coils tear a jagged rift through the timestream, hurling you into a dark and uncertain future.| The partial repairs keep the hull intact, but the navigation chronometer shatters mid-jump, depositing you into a timeline on the brink of catastrophe!}}
//====== Gen2 - Martial Law ======;
IntroMartial_Monarchists_SubTitle;Plagued by Conflict
IntroMartial_Monarchists_Content;If one can call the prospect of perpetual conflict stabilizing, my life settled into a somewhat steady routine. During the day, the sound of distant gunfire rumbled through the halls of my estate as silver plumes of smoke billowed beyond the mountainous horizon, casting tendril-like shadows across the land — a constant reminder of civil war. At night, the rare spectacle of an explosion brightening the sky surprised me with how viscerally I reacted.<br /><br />Soldiers in their bright regalia keep watch over the town from a newly erected outpost, waving the brilliant orange flag of royalty. The Monarchy had claimed victory from afar after stationing their ranks across the region, but as scuffles remained constant, this declaration was all pomp without substance. The Monarchy drafted citizens into their ranks and levied penalties against those who showed disloyalty.<br /><br />The inference that one of my standing should owe a debt of servitude to those who already tax my earnings into oblivion was enough to make me spill my tea. And to what end, I wondered? Could peace be mustered in a populace kept so distant from the individuals who ruled it? It was called the industrial revolution for a reason, was it not?<br /><br />But, I must admit, the safety that the Monarchy afforded appealed to my pocketbook. Appeasing the Monarchy would ensure money and influence, but it also appeared — for better or ill — that royalty was distant enough to take little interest in our experimentations unless they provided direct benefit to themselves, whereas the Separatists were interested in knowledge and were desperate to explore all scientific options available to them to turn the tide. However, their frail sensibilities would not so easily accept my experimentations.<br /><br />Ah, to be left to one's own devices or to be famously scrutinized, reviled, and revered in equal measure! The decision weighed upon me so heavily it gave me mild indigestion during my evening banquets. What direction should I choose to advance my most important scientific work?
IntroMartial_Separatists_SubTitle;Down with the Monarchy
IntroMartial_Separatists_Content;The length and difficulty of my journey was exacerbated by the ongoing conflict. Compounding this harried inconvenience, my spouse and I suffered the indignity of a lengthy interrogation by soldiers of the Separatist forces, who had imposed an unofficial martial government.<br /><br />Peasants-turned-soldiers in their motley uniforms keep watch over the town from a newly erected outpost waving a sanguine flag. They spoke of freedom as they dug fresh graves in the cemetery, the wrought iron gates perpetually wreathed in lilies. I observed the daily horse-drawn carts, dragging the wounded towards ill-equipped infirmaries, my crimson reflection in the muddy ruts of unpaved highways.<br /><br />It was both in spite of and because of this brashness that I found myself drawn to the scrappy Separatist upstarts and their eagerness to fight for the capricious whims of the great unwashed. The Separatists were desperate for the advantages that my family's experimentations provided, and while hesitant over our methods, were willing to further our knowledge in return. Unfortunately, this relationship made them more entitled to levy accusations towards us.<br /><br />However, the influence of the throne was still absolute. If one could ingratiate themselves with the distracted Monarchy, their influence and money was on offer. The peasantry would be too discontent to focus on our more "ambitious" works. Unfortunately, unless experimentation directly benefited them, the Monarchy had no use for it.<br /><br />Ah, to be left to one's own devices or to be famously scrutinized, reviled, and revered in equal measure! The decision weighed upon me so heavily that I could scarcely enjoy my afternoon pastries. Neither could the muffled wailing coming from the cellar laboratory nor the distant clattering of gunfire at night calm my weary mind. What direction should I choose to advance my most important scientific work?
GUNSAward_Title;<b>Seeds of Conflict</b>
GUNSAward_Content;Before my spouse and I had even settled our affairs, I was rewarded not only for my family's numerous contributions to the region, but also for the political allegiance I held (or dreadfully inherited as the case may be). Further promises of considerable clout were made if I were to continue to support the war.<br /><br />As the conflict raged on, it was clear that with my business acumen, noble influence, and burgeoning scientific genius, I would be a highly sought after ally.
AdvancedWeaponryIntro_Title;<b>A Few Improvements</b>
AdvancedWeaponryIntro_Content;I was quick to suggest a few "enhancements" to their battery and presented several <b>advanced weaponry</b> schematics which could prove instrumental to victory.<br /><br />While the rumors of my parent's eccentricities made them hesitant, the promise of support from my lucrative estate proved too much to resist. If I could demonstrate to them the visceral efficacy of my proposal, they promised further investment. An easy task.
Martial_Title;Martial Law
Martial_TurnTheTide_Title;<b>Turn the Tide</b>
Martial_WeaponsBonus_Title;<icon=StorybookToken><b> Weapons Bonus</b>
Martial_MilitaryDemands_Title;<b>Military Demands - Barracks</b>
Martial_MilitaryIncentive_Title;<b>Military Incentive - Barracks</b>
Martial_EverythingIsAWeapon_Title;<b>Everything is a Weapon</b>
Martial_Outpost_Title;<b>Outpost</b>
PackingHeat1_Title;<b>Amassment of Weaponry</b>
PackingHeat1_Content;With the glorious schematics made into reality, I was able to test my weapons with great effect on the lands of my estate. However, with each crack of thunderous incendiaries, my bold new vision for modern arms attracted further attention, for better or worse.
PackingHeat1a_Title;<b>Attracting Attentions</b>
PackingHeat1a_Content;While the {{0=...|Unified Monarchists|Separatists|...}} were critical of my efforts (or jealous), the {{1=...|Separatists|Unified Monarchists|...}} were keen to curry my favor. Of course, I was not surprised. If I were in their shoes - quivering deprostrate in the presence of genius - I would surely hope to gain my notice as well.
OutpostExplain_Title;<b>OUTPOST</b>
ATOWSabotageIntro1_Title;<b>A Time for Sabotage</b>
ATOWSabotageIntro1_0_Title;<b>A Time for Sabotage</b>
ATOWSabotageIntro1_0_Content;For too long I had been ignored! One might ask what accursed schemes would push one towards the illicit undertaking of sabotage? I ask, is it not enough to feel forgotten, downtrodden, unloved, and spited by those who would in the same breath speak of you as a colleague?<br /><br />It was time to strike while my passions were still agitated! But, was it in my best interest to turn my destructive gaze towards the {{0=...|Separatists|Unified Monarchists|...}}' noble cause? Or perhaps one of my kin could stand to be targeted by my ire?<br /><br /><b>The decision was clear to me:</b>
ATOWSabotageIntro2_Title;<b>A Time for Sabotage</b>
ATOWSabotageIntro2_0_Title;<b>A Time for Sabotage</b>
ATOWSabotageIntro2_0_Content;For too long I had been ignored! One might ask what accursed schemes would push one towards the illicit undertaking of sabotage? I ask, is it not enough to feel forgotten, downtrodden, unloved, and spited by those who would in the same breath speak of you as a colleague?<br /><br />It was time to strike while my passions were still agitated! But, was it in my best interest to turn my destructive gaze towards the {{0=...|Separatists|Unified Monarchists|...}}'s noble cause? Or perhaps one of my kin could stand to be targeted by my ire?<br /><br /><b>The decision was clear to me:</b>
ATOWSabotageIntro2Sep_Title;<b>A Time for Sabotage</b>
ATOWSabotageIntro2Sep_0_Title;<b>A Time for Sabotage</b>
ATOWSabotageIntro2Sep_0_Content;While I had seen what devastation was wrought first-hand by the cruelty of sabotage, this knowledge only made my sense of justice more clear.<br /><br />It was the time to strike while my passions were still agitated! But, was it in my best interest to turn my destructive gaze towards the {{0=...|Separatists|Unified Monarchists|...}}'s noble cause and crush the Outpost at the edge of town? Or perhaps one of my kin should be targeted by my ire?<br /><br /><b>The decision was clear to me:</b>
ATOWSabotage1_Title;<b>The Choice for Resistance</b>
ATOWSabotage1_Content;I could not be swayed. It was clear that my most moral and proper duty was to oppose tyranny in all forms. Though I shuddered at the means by which this task would be accomplished, I knew first-hand how motivational a force fear could be.<br /><br /><b>The choice was clear:</b>
ATOWSabotageConfirm_Title;<b>Demolition for Change</b>
ATOWSabotageConfirm_Content;I penned a letter to my contact within the {{0=...|Separatists|Unified Monarchists|...}}. The site had been chosen and the {{1=...|Barracks|Laborer's Union|...}} would fall, weakening the {{2=...|Unified Monarchists|Separatists|...}}' position in the village.
ATOWSabotageMonConfirm_Title;<b>Demolition for Change</b>
ATOWSabotageMonConfirm_Content;I penned a letter to my contact within the {{0=...|Separatists|Unified Monarchists|...}}. The site had been chosen and the {{1=...|Outpost|...}} would fall, weakening the {{2=...|Unified Monarchists|Separatists|...}} position in the village.
SabotageSignIn1_Title;<b>Making it Personal</b>
SabotageSignIn1_Content;I could no longer turn a blind eye to their meddling. Like the clanging chime of a brass bell on a longcase clock, the time had come for an insidious misfortune to befall one of my dear cousins.<br /><br /><b>Please click on your name:</b>
SabotagePlayerChoice1_Title;<b>The Target of My Wrath</b>
SabotagePlayerChoice1_Content;My grim sabotage was swift and well-orchestrated. Perhaps my family would reconsider their apathy towards me after witnessing the utter devastation I could cause to their reputations.<br /><br />After one fateful evening, I knew that they would <b>lose 3VP</b> & could possibly have to destroy a completed Experiment.<br /><br /><b>Please click on the name of the player you would like to sabotage:</b>
SabotagePlayerConfirmed_Title;<b>The Choice Was Made</b>
SabotagePlayerConfirmed_Content;{{0=...|Oliver|...}} would shoulder the burden for the misery they had caused me.
ATOWSabotageNO_Title;<b>Avoid Indulgence</b>
ATOWSabotageNO_Content;Study was essential! Alas, I could not allow myself idle time to indulge in immediate self-gratification. To attack one's own rivals was in itself admitting that they were, in fact, valid competition. In reality, my contributions would far exceed their meager offerings.<br /><br />There was no need for pomp and explosions. I was a true craftsman dedicated to the art of science. My focus was indomitable and this dedication would see me victorious!
AMessenger_Title;<b>A Messenger Arrives</b>
AMessenger_Content;<b>All players may again view the Storybook.</b><br /><br />On a Saturday afternoon, I was hustled to the entryway by my caretaker. A young messenger was nervously tapping her leather boots against the stone. In her left hand was a small figurine in the shape of a {{0=...|Sickle|Shield|...}}, which I had left by the windowsill. Her eyes were scanning the room and she was visibly startled by our speedy return. The caretaker muttered his apologies, calling her a thief, but I calmed his nerves quickly.<br /><br /><b>The messenger turned and spoke to the player with the {{0=...|Sickle|Shield|...}} token.</b><br /><br />"Which flag do you fly?" <i>Which Flag token do you have face-up?</i>
Amessyes_Title;<b>A Messenger Arrives</b>
Amessyes_0_Title;<b>A Messenger Arrives</b>
Amessyes_0_Content;The Messenger reached into her shoulderbag and retrieved a letter, which she handed to me. When I hesitated, she nodded, apparently unable to leave until I had provided an answer.<br /><br />Inside the envelope was a formal letter of thanks from a {{0=...|Unified Monarchists|Separatists|...}} military official. My parents had noted a keen interest in a possible business venture during wartime. The letter contained blueprints for an addition to my estate, which would be used to house goods seized from members of the resistance forces and sympathizers.
Amessyes2_Title;<b>The Messenger continued</b>
Amessyes2_Content;<b>All players may again view the Storybook.</b><br /><br />I returned the signed papers to the messenger. She clicked her teeth in the caretaker's direction, then set off down the road.
Amessno_Title;<b>No Importance</b>
Amessno_Content;What a rude and frankly, under-dressed fellow for visiting with the aristocracy. The messenger sped to the gate upon hearing my reply.<br /><br />I only note this situation to remind others of the vagrantry within the Austro-Hungarian empire these days. Seems these bedraggled couriers are trying to play us for a fool, expecting our allegiances to pay dividends for their unsavory habits. If we ever needed science to find a cure for beggars, there would be no time like the present.
AMessenger2_Title;<b>A Fortuitous Letter</b>
AMessenger2_0_Title;<b>A Fortuitous Letter</b>
AMessenger2_0_Content;One morning, as I considered the viability of electrical conductivity for use in surgery, the caretaker discovered a small brown letter wrapped in twine upon my doorstep. I hastily opened the note.<br /><br />"Which flag do you fly?" <i>Which Flag token do you have face-up?</i>
AMessYes2b_Title;<b>A Fortuitous Letter</b>
AMessYes2b_Content;Inside the envelope was a message that gave an in-depth assessment of the enemy's defenses.<br /><br />If the number of buildings destroyed in town is equal to or greater than <b>{{0=...|1|2|...}}</b>, then the {{1=...|Separatists|Unified Monarchists|...}} will be successful in overtaking the town's defenses.<br /><br />Armed with this important knowledge, I quickly destroyed all traces of the letter. Perhaps I did not have the ability to change what had been set in motion, but at least I was better prepared.
AMessno2_Title;<b>No Consequence</b>
AMessno2_Content;It was a brief correspondence from an acquaintance of mine from university. While the contents did not intrigue me, the lack of political speak was refreshing and spurred me to contemplation. For the next few days, I was overcome with the creative impulse that security and seclusion provided.
AfternoonTea_Title;<b>Afternoon Tea</b>
AfternoonTea_Content;<b>All players may again view the Storybook.</b><br /><br />It was absolutely dreadful. Astringent tea from an obscure area of the orient - bitter, stale cranberry scones, wildflower honey, and store-bought cream - this was without question the worst tea party to which I had ever had the displeasure of an invitation. And to think, the Monarchy was responsible for such a wasted afternoon.<br /><br />What kind of aristocracy was this? It made me re-evaluate my position entirely. If I could be served indigestible digestives then perhaps I should cause the nobility a little indigestion in response by burning down the {{0=...|Barracks|Outpost|...}}! It would certainly remove the requirement to visit.<br /><br />However, a plan as critical as this one required a conspiracy to execute. Therefore, regretably, the fate of the operation was left to the whims of my family, whom I loved dearly.
AfternoonTeab_Title;<b>VOTE</b>
TwoPAfternoonBid_Title;<b>BID</b>
AfternoonTeaRes_Title;<b>Vote Complete</b>
TwoPAfternoonBidRes_Title;<b>Bid Complete</b>
AfternoonTeaResolutionYAY_Title;<b>A Destructive Success</b>
AfternoonTeaResolutionYAY_Content;The {{0=...|Barracks|Outpost|...}} was no match for the power of our well-orchestrated combined experimental talents. Did the series of clamorous explosions arouse suspicions? Perhaps. But the fanfare certainly offered the townsfolk new inspiration to rally towards the cause.{{1=?|<br /><br />With minimal casualties, the Barracks had been turned to rubble. No longer would we be beholden to the tyrannous edict of forced conscription.}}
AfternoonTeaResolutionNAY_Title;<b>Conspiracy Failed</b>
AfternoonTeaResolutionNAY_Content;{{0=?|I could not fault my cousins for their decision. It is sometimes a struggle for those with unfortunately low intellect to execute on a scheme. The afternoon tea incident would forever remain unavenged.|My altruistic nature would not allow me to seek revenge on such trivial matters when my great work was primed to change the world. Of course, I attempted to dissuade my dear cousin from this rash course of action, but I was unsuccessful. Expectedly, their dubious manners and overt schemes were not well-received by the local officials. It was fortunate that our illustrious grandfather were not here to see this pathetic display. I am sure he is seething in his coffin over it even now!}}
ResistEvent_Title;<b>Quartering Troops</b>
ResistEvent_Content;All players may again view the Storybook.<br /><br />My cousins and I received a visit from a lieutenant within the {{0=...|Unified Monarchists|Separatists|...}} militia stationed outside of town. He informed us that the encampment has become overcrowded and the conditions for soldiers have deteriorated.<br /><br />He called upon our sense of national duty to provide quarters for the leadership until the conflict is quelled. I could not determine if his request, which was met by our combined mirth, was serious or in jest. His face, however, remained solemn throughout his request.
ResistEvent1_Title;<b>Quartering Enforced</b>
ResistEvent1_Content;The military accepts our responses, and then reconfirms their previous insistence with the assistance of guns.
ResistEvent2_Title;<b>Voluntary Quartering</b>
ResistEvent2_Content;The military is busy tending to several internal matters and cannot rigidly enforce the quartering edict. They are appreciative of the circumstances this puts upon our homes and move on.
MartialSepEvent_Title;<b>Escalation</b>
MartialSepEvent_Content;As the war pressed on relentlessly, it was I who suffered most terribly. With embattlements requiring constant provisions, procuring the necessary ingredients for my experiments became increasingly more difficult.<br /><br />However, in my humble brilliance I settled on a firm solution based upon one simple question: Why do I need specialty ingredients when I can just attach guns to everything?<br /><br />Certainly this slapdash methodology was not ideal nor dignified, but it certainly achieved a devastative result. Why my first practical demonstration caused both sides to cease hostilities after witnessing a small battalion reduced to a mere wine stain upon the battlefield.<br /><br />However, the regional military factions required additional convincing as the use of our weapons was still considered a "war crime" and would require further convincing to employ these additional methods. Imagine, "science" being considered a war crime? Is it not a general's hope to reach an efficient victory?
MartialSepEventa_Title;<b>BRIBE</b>
MartialSepEventb_Title;<b>Total Bribe</b>
MartialSepEventYes_Title;<b>Success</b>
MartialSepEventYes_Content;I regret to say that perserverance alone does not advance one's goals in the hills of Bohemia. A small investment and showmanship to back it up, now that's what impresses a red-blooded Austro-Hungarian. Especially when one can view so much of that warm blood festooning the battlefield with such dazzling radiance!<br /><br />It is this showmanship, and the strategic concealment of it when negotiations are being penned, that will advance the Hungarian conflict to a swift conclusion.
MartialSepEventNo_Title;<b>Failure</b>
MartialSepEventNo_Content;My experiments are not some frivolous diversion for the gossipmongers of {{0=...|London|...}} to mock as they please! They looked at me as if I were intending to replace the gears in my longcase clock with stock and barrel of a rifle. Are we not creating weapons of war? Why would compounding weaponry with additional weaponry be unnacceptable?<br /><br />I could not imagine a more advantageous arrangement. However, if the military establishment has no need for the innovation I would bring to the table, then I will put my services to better use!
BarracksSimple1_Title;<b>Service Required</b>
BarracksSimple1_Content;I was admittedly distressed by the Monarchy's insistence upon military service to help quell the uprising. But, as a citizen eager to support my country in any regrettable fashion it required, I willingly offered service, or in the unfortunate case that my affairs elsewise required my attentions, submitted my penalty in full.
BarracksSimple2_Title;<b>Service Required</b>
BarracksSimple2_Content;I was admittedly distressed by the Monarchy's insistence upon military service to help quell the uprising. But, as a citizen eager to support my country in any regrettable fashion it required, I willingly offered service, or in the unfortunate case that my affairs elsewise required my attentions, submitted my penalty in full.
BarracksSimple3_Title;<b>Service Required</b>
BarracksSimple3_Content;I was admittedly distressed by the Monarchy's insistence upon military service to help quell the uprising. But, as a citizen eager to support my country in any regrettable fashion it required, I willingly offered service, or in the unfortunate case that my affairs elsewise required my attentions, submitted my penalty in full.
Sabotage1Now_Title;<b>Cruel Betrayal</b>
Sabotage1Now_Content;I awoke to discover a section of my estate in shambles! {{0=|The exterior wall near the corner of my estate had been struck by an explosive device. I was immediately suspicious of the clear lines of soot at the base, suggesting that the demolition had in fact been calculated to expose a portion of my laboratory.|The papers within my laboratory were scattered about and a small fire had claimed and blackened a portion of the room. Given the frequency of loud noises and odoriferous ingredients emanating from the room, I was not surprised when none in the house noticed anything amiss.}}<br /><br />Though the repairs would prove arduous, it would not deter me from my work. If others were so wanton or jealous as to try to destroy what I had created, it was clear that my work was more vital than ever before!
Player1BeenSabotaged_Title;<b>A Noble Retort</b>
Player1BeenSabotaged_0_Title;<b>A Noble Retort</b>
Player1BeenSabotaged_0_Content;Being a learned individual of noble birth, I am not one easily moved towards aggression. My passions are passions of scholarly determination and intellectual exploration. But when it was made known to me that {{0=...|Oliver|...}} was behind the deplorable physical attack upon my estate, I knew it was my firm duty to respond directly.<br /><br />As a stabled horse would swat away a fly with its tail, my cousin's woeful and inadequate betrayal barely registered upon my thoughts. Yet when I consulted with my barrister, they deemed it necessary that I should issue a sternly worded statement of purpose. Otherwise, I would not be properly protecting my own interests, of course.<br /><br /><b>I decided that in response to their treachery:</b>
DuelRules1_Title;<b>Rules of the Duel</b>
DuelRules1_Content;Over the next few days, I formalized the rules of engagement for a duel that would take place as soon as all parties were able. I knew that I could choose a duel of <b>scientific prowess</b> or <b>pistols</b> at twenty paces.<br /><br />A scientific duel would be a duel where we would compare our research and skill levels in one of four scientific fields to be determined randomly. By adding our total Journal Track levels to our completed Experiments of that type, we would determine the victor!<br /><br />A duel with pistols would be a duel where the victor was determined through sheer chance.<br /><br /><b>The decision was clear to me:</b>
DuelDenounce1_Title;<b>Firm Rebuke</b>
DuelDenounce1_Content;<b>Carefully hand the Storybook to {{0=...|Oliver|...}}. This passage is then read aloud to all players.</b><br /><br />I remember the morning upon which the letter arrived with the stand-up wash. With the scent of rosemary in my freshly sponged hair, a sordid disappointment came upon me. The stern words of my kin were filled with all the pomposity of a marching band and yet issued no official challenge or retort whatsoever. The matter had been settled through alternative means, and my virtuous name amongst the scientific establishment, though stained by my provocative actions, only saw the smallest of setbacks.<br /><br />Perhaps I had craved the excitement of an escalation between myself and my cousin. Or maybe it was the competitive nature of true science and discovery that stirred my lust for familial discontent. It served no purpose to dwell on it further however. The matter was settled and I soon found myself absorbed in my work once again.
AcceptDuel1_Title;<b>Code Duello</b>
AcceptDuel1_0_Title;<b>Code Duello</b>
AcceptDuel1_0_Content;I remember the morning upon which the letter arrived with the stand-up wash. With the scent of rosemary in my freshly sponged hair, my hackles raised and I toppled the warm basin to the floor in my rage! My own cousin, inviting me to a <b>duel</b>!<br /><br />This duel of <b>{{0=...|science|pistols|...}}</b> would {{1=?|compare our Journal Track and Experiments in one of four scientific fields. This field would be determined randomly on the day of the duel.|randomly determine a victor through sheer chance.}}<br /><br /><b>With little deliberation, I put my quill to the page and responded:</b>
DuelDecline1_Title;<b>Letter of Apology</b>
DuelDecline1_Content;While my dear cousin was clearly the guilty party in this arrangement, I had more profitable matters with which to attend. The magnitude and scope were far greater than a simple matter of he-said, she-said.<br /><br />I chose to be the greater individual and issued a formal apology for whatever offenses I had hitherto caused - without legal admittance of guilt - absolving myself of the duty to duel entirely. I hoped that this would spare any needless grudges or hard feelings in the future.
AcceptDuel1b_Title;<b>Duel Accepted</b>
AcceptDuel1b_Content;{{0=|Though I perceived my body as merely a vessel to contain my brilliant mind and dreaded to imagine the wasted time it would take to martial my skills, I would nevertheless answer in the affirmative. Under the eyes of God and the Devil, I would strike with precision and settle this matter with spilt blood.|I decided that honor was above all. I would not be bullied into submission by a sycophant searching for recognition. If a duel was required, then a duel we shall have!}}
DuelResolution1_Title;<b>The Bloody Business</b>
DuelResolution1_Content;<b>This and the subsequent passages are revealed and read aloud to all players.</b><br /><br />As quick as the sun rose above the Carpathian Mountains, the morning of the dreaded duel had arrived. I was eager to settle this business and return home to my laboratory, but not so eager as to miss removing the arrogant smirk from my cousin's lips.<br /><br />{{0=?|I opened the hatch on my carriage, allowing a fresh plume of acrid smoke to billow into the open, revealing my managerie of scientific equipment. I was ready to conduct some true science!|I once again checked the chamber of my pistol, seeing a single polished bullet stationed inside. With a deep breath, I engaged the firing pin with my thumb and holstered the weapon at my side. It was then that I felt the beating of my heart as a chill ran down my spine. I was ready to end this bloody business.}}
DuelResolution1a_Title;<b>{{0=...|Engineering|The Moment of Truth|...}}</b>
DuelResolution1a_Content;{{1=?|The scientific duel will be <b>{{0=...|Engineering|Chemistry|Biology|Occult|...}}</b>.|At a distance of twenty paces, I turned and fired. I heard the report of two shots before a cloud of smoke blurred my vision. In my shocked state, I could not determine if this was two clear shots or the single bullet from my own chamber and the echo of its blast shattering the stillness of the morning.}}
DuelResolution1sci_Title;<b>Science</b>
ScienceDuelTiedRes_Title;<b>Stalemate</b>
ScienceDuelTiedRes_Content;I was quite unimpressed by the efforts of my family member, but while it vexed me to admit it, I was ultimately unable to crush their pitiful {{0=...|Engineering|Chemistry|Biology|Occult|...}} exploits with my own. We did not speak nor shake hands as we exited the dueling grounds, resentment simmering in our heads.<br /><br />As required in the code duello, the matter was now complete, and while personal feelings of injustice may still exist between the parties, this conflict was deemed over.
DuelResolution1b_Title;<b>{{0=?|An Unfortunate Death|Wounded Pride}}</b>
DuelResolution1b_Content;{{1=?|Though I felt a tinge of remorse at the sight, my cousin and I were both aware of the fatal risks this bloody confrontation carried with it. I watched spellbound as {{0=...|Oliver|...}} {{2=|was unceremoniously crushed between two bronze gears. The machine created for this event would need to be disassembled and cleaned before it could be used again.|withered into a rubbery scrap of skin, their blood having been accidentally distilled during the duel. Thankfully, the beakers and pipettes involved in the process could still be used after a proper scrubbing.|was mauled and desecrated into an unrecognizable pile of exposed flesh and muscle. Appreciatively, the experiment used in the duel was docile after feeding and easily recaptured.|disappeared into a swirling silver vortex, leaving behind only a single hand that attempted to prevent this occurrence by grabbing onto a nearby metal fixture. It wriggled for a few moments before expiring.|reeled once before crumpling to the mossy ground. The bullet had hit a major artery that could not be sutured before the loss of blood overwhelmed them. On the more matter-of-fact side, the body that remained was otherwise untouched and was returned to the estate within hours.}}<br /><br />As blood pooled beneath them, staining the dueling grounds crimson, I shielded my eyes and fled from the site. The duel had ended in death. The generation would have to continue based solely upon their willed instructions, penned weeks before the lethal event.<br /><br />As required in the code duello, the matter was now complete, and while personal feelings of injustice may still exist between the parties, this conflict was deemed over.|I watched as my opponent, {{0=...|Oliver|...}} {{2=|suddenly complained of a strained wrist as their pitiful, makeshift contraption grinded to a halt. They|held the side of their arm where a chemical burn had reddened the skin and|grimaced, exposing a deep wound in their forearm as the modified falcon under their care flew far into the distance. They|red-faced, turned to a new page in their occult tome and feigned a paper-cut so egregious that they|burst into tears. Apparently my bullet had struck their shoulder, causing a rip in the fabric and minor cut. Unable to stomach the pain, they}} stumbled to their doctor. While their injuries from the duel were minor, I felt a deep fulfillment in knowing that their insufferable pride had been dealt a cruel blow that morning.<br /><br />As required in the code duello, the matter was now complete, and while personal feelings of injustice may still exist between the parties, this conflict was deemed over.}}
ResistSides_Title;<b>Alliances Are Set</b>
ResistSides_Content;Given the intensity of the conflict, many of our interests could be switched without too much notice. And it is much easier to do so, if we have contributed to the war effort.<br /><br /><b>Choose Sides</b><br />In turn order, each player who built at least <b>{{0=|1 Advanced Weaponry Experiment|2 Advanced Weaponry Experiments}}</b> may choose to flip their Flag token to the opposing side's Flag.<br /><br />Once all players have chosen, continue to the next page.
ResistEnd_Title;<b>{{0=?|Victory for the Resistance|Resistance Quashed}}</b>
ResistEnd_Content;{{3=?|With <b>{{0=...|1|2|...}} buildings destroyed</b>, the message was clear that they were not wanted. Driven by the will of the people and undoubtedly terrified by the enormity of my scientific contributions, the bloodied and beaten faction that had controlled the town limped into the distance leaving the {{1=...|Separatists|Unified Monarchists|...}} to celebrate their victory.|With <b>so few buildings destroyed</b>, the message was clear that the resistance was weak. My final years confirmed a return to normalcy as the efforts of the resisting faction within the region were suppressed and the {{2=...|Unified Monarchists|Separatists|...}} remained vigilant and victorious.}}<br /><br />It was just as I had planned. What a tragedy that mortality dims our eyes just as the dawn's light crests the hills of innovation. I only wish that the next generation knew how I suffered to ensure their triumph.
ResistEnd2_Title;<b>Financial Defenses</b>
ResistEnd2_Content;Advanced weaponry may turn the tide of a battle, but if the army has no monetary support to build and supply their troops with said defenses, the war will eventually be lost. It is this pledge of allegiance that inevitably determined the outcome of the war.<br /><br />Count up how many {{0=...|Unified Monarchists|Separatists|...}} Flag tokens total are face-up in all players' Estates. Then count up how many {{1=...|Separatists|Unified Monarchists|...}} Flag tokens total are face-up in all players' Estates. The army with the most Flag tokens wins the war. <i>(If there is a tie, the {{0=...|Unified Monarchists|Separatists|...}} win the war.)</i><br /><br />Who won the war?
ResistEnd3_Title;<b>Shots Fired</b>
ResistEnd3_Content;It appeared that the contributions of my cousins and I - as entirely expected - were the deciding factor in the war effort for the {{0=...|Separatists|Unified Monarchists|...}}. Our advanced, modern weaponry had proven essential on the battlefield and truly captured the hearts and minds of the populace. But would it be enough?<br /><br /><b>Count the number of completed Advanced Weaponry Experiments among all players.</b> If this number is equal to or greater than <b>{{1=...|3|4|5|...}}</b>, then the {{0=...|Separatists|Unified Monarchists|...}} were successful in overtaking the town's defenses. Otherwise, the {{2=...|Unified Monarchists|Separatists|...}} have won the war.
MonarchReignIntro_SubTitle;Introduction
MonarchReignIntro_Title;A New Generation
MonarchReignIntro_Content;And thus passed an entire generation under the yolk of constant battle and misery. Even after the Monarchists claimed victory, skirmishes broke out within the land between the loyalists to the crown and the angry separatists.<br><br>Over the years, the king was able to reestablish control of the region, especially after making the family's town a supply hub for royal operations across the globe. Through their steady governance, the town's resistance faded to a memory as they realized their prosperity was tied intimately with the will of the king.<br><br>By the time our hero's heir inherited the estate, an uneasy period of stable rule returned to the town and surrounding countryside. Many separatist factions remained, only in the shadows, doing whatever they could to quietly resist the rule of the sovereign.<br><br>Unfortunately, their heirs had been granted a much larger piece of the estate to manage. In fact, all of it. Every cousin's child was named an equal successor to the same plots of land in a mad scheme written into all of the wills simultaneously. It felt almost as if they were being watched and toyed with by an unseen spectral adversary.
RoyalBarnCheck_SubTitle;Setup
RoyalBarnCheck_Title;The Barn
RoyalBarnCheck_Content;With the war ended, the King returned control of the Barn back to the estate, even providing caretakers free of charge to see to its operations.<br><br><i>It was the least I could do for my loyal subjects,</i> the King offered in a letter signed by his royal seal.
RoyalBarnCheck_0_Content;Flip the <b>Barn</b> Estate Upgrade over to its normal side. It has been restored!
BribeDenied_SubTitle;Setup
BribeDenied_Title;Traitorous Rumors
BribeDenied_Content;Rumors that your family had funded the Separatists in the previous generation swirled around the town. Though they are likely untrue, the King's guard confiscates any weaponry tokens they find that may have been caches for an insurgency.
BribeDenied_0_Content;Any players with <icon=S3_WeaponToken> must discard them immediately and gain nothing in their place.
RoyalDecreeExplain_SubTitle;Setup
RoyalDecreeExplain_Title;Royal Favors
RoyalDecreeExplain_Content;While my influence was no longer as direct as a {{0=|Tiger Launcher|Psychic Mindbomb|Irresistible Aphrodisiac|Helmet-Mounted Flamethrower}} or a {{1=|Steam Grenade|Remote Controlled Plague Rat Swarm|Flaming Pitchfork|Mechanized Human Armor Suit|Dream Stealer}} appearing on the battlefield in all their glory, a pocket full of coin and a persuasive meal could also perform similarly with the right individual. That individual just so happened to be stationed in the newly built Unified Monarchist property in town. I would find myself frequenting this office when I wanted to redirect the oppression of local policies from the crown.<br><br><b>Exercising Royal Decrees</b><br>Anytime you visit the <b>Royal Advisor</b> and pay $1, you will be given the opportunity to make a Royal Decree that will affect the region.
RoyalDecreeExplain_0_Content;Look at each player's <i>Allegiance Track</i>. Every player receives 1 <icon=S3_CrownToken> from the Supply for every 3 checkpoints they passed on the Monarchist side of the track (Rounded down).<br><br>For example, if a player had reached the value 4 space on the Monarchist side, they would receive 1 <icon=S3_CrownToken> since they passed the 1, 2, and 4 checkpoints.<br><br>Then remove the <i>Allegiance Track</i> token and each player's tracking tokens from the game.
RoyalPriceisRight_SubTitle;Setup
RoyalPriceisRight_Title;Rebuilding the Town
RoyalPriceisRight_Content;With such direct access to royalty, it was mere weeks before I garnered a curious intrigue for my work. I knew this notoriety would serve my purposes well and shield me from scrutiny of my more unscrupulous designs.<br><br>However, intrigue is what I desired. Suspicions, I did not. I aimed to remain like a whispering shadow, a ghostly hand so close as to curry favor and power, yet far enough removed to not arouse undesired attention. With such dark work to be done, it would require a deft and meticulous hand. And as luck would have it, this was precisely what I was born to do.
RoyalPriceisRight_0_Content;Turn the Village Chronicles to <b>Page 10</b> for the <b>Early Years</b>.<br><br>Place the Suspicion Marker (Gray Angry Mob token) on the <b>first space of the Suspicion Track</b> (containing the setup icon).{{0=?|<br><br>Every player must pay an immediate $2 estate tax now and at the beginning of each round this generation.}}
MonarchReign_Title;Monarch Reign
MonarchReign_Allegiance_Title;Monarchist Allegiance
MonarchReign_Allegiance_Content;If a player does <b>NOT</b> have a Unified Monarchist Flag token face-up, their <b>Self</b> piece {{0=?|cannot visit a Town Location.|only takes an action <b>once</b> when visiting a Town Location.}}
MonarchReign_CrownTokens_Title;<icon=S3_CrownToken> Tokens
MonarchReign_CrownTokens_ClickHere; When a player gains a <icon=S3_CrownToken>.
MonarchReign_CrownTokens_Content;
MonarchReign_RoyalDecrees_Title;<icon=StorybookToken> Royal Decrees
MonarchReign_RoyalDecrees_ClickHere; When a player takes the action at the <icon=StorybookToken> Royal Decrees location.
MonarchReign_RoyalDecrees_Content;
MonarchReign_TownChurch_Title;<icon=StorybookToken> Town Church
MonarchReign_TownChurch_ClickHere; When a player visits the <icon=StorybookToken> Town Church.
MonarchReign_TownChurch_Content;
MonarchReign_CommemorativeStatue_Title;<icon=StorybookToken> Commemorative Statue
MonarchReign_CommemorativeStatue_ClickHere; When a player visits the <icon=StorybookToken> Commemorative Statue.
MonarchReign_CommemorativeStatue_Content;
MonarchReign_NextRoundSetup_Content;{{0=?|Turn the Village Chronicles to <b>Page 11</b> for the <b>Middle Years</b>.|Turn the Village Chronicles to <b>Page 12</b> for the <b>Late Years</b>.}}{{1=?|<br><br>Every player must pay an immediate $2 estate tax for the new round.}}
FirstCrownCons_Title;Secrets in the Shadows
FirstCrownCons_Content;As the cousin met with the Royal Envoy to curry favor with the King, their sleeve accidentally caught on the corner of the table. Underneath a stack of papers, a small leather-bound booklet was revealed with an unfamiliar symbol embossed on its cover.<br><br>The envoy quickly covered the booklet and cleared his throat. <i>There are others who also reward loyalty and ambition,</i> he whispered, his eyes darting toward the door. <i>They operate in the shadows of the Crown, guiding the hand that holds the scepter. Should you wish to serve a higher purpose... keep that token close.</i>
FirstCrownCons_0_Content;Gain 1 <icon=S3_CrownToken> from the Supply.<br><br>During this Generation, players may spend <icon=S3_CrownToken> at the <b>Royal Decrees</b> location to enact laws in the King's name!
CrownCons_Title;AWhispered Invitation
CrownCons_Content;Once again, the Royal Envoy passes a small heavy token across the mahogany desk, accompanied by a knowing nod. The weight of the gold feels heavier than mere currency - it is the weight of authority itself.
CrownCons_0_Content;Gain 1 <icon=S3_CrownToken> from the Supply.
ReignIntro_Title;The Halls of Power
ReignIntro_Content1;How many <icon=S3_CrownToken> will this player spend (in addition to the 1 required for the action space) to issue a Royal Decree?<br><br><link=0>0</link> | <link=1>1</link> | <link=2>2</link> | <link=3>3</link>
ReignHUB_Title;Royal Decrees
ReignHUB_Content1;Which Royal Decree would <b>{{0=_}}</b> like to enact?{{1=?|<br><br><link=0>Mandatory Curfew</link>}}{{2=?|<br><br><link=1>Scientific Subsidies</link>}}{{3=?|<br><br><link=2>Grave Robbing Clemency</link>}}{{4=?|<br><br><link=3>Charitable Hospitals</link>}}{{5=?|<br><br><link=4>Royal Conscription</link>}}{{6=?|<br><br><link=5>Public Works & Parks</link>}}{{7=?|<br><br><link=6>Inquisitorial Warrant</link>}}{{8=?|<br><br><link=7>Festival of Enlightenment</link>}}<br><br><link=8>Nevermind (Exit)</link>
Reign1_Title;Royal {{0=|Decision|Dilemma|Conundrum}}
Reign1_Content;<b>Carefully hand the Storybook to {{0=reigntemp}}. This passage is then read aloud to all players.</b><br><br>{{1=|After a brief dinner,|With some rejuvenating spirits and food in our bellies,|I easily ingratiated myself into the man's inner circle with a gentle financial nudge. Soon,}} the royal advisor confided in me that he felt somewhat stifled by what he deemed "insignificant matters of this region." I, of course, offered to aide in his endeavors.<br><br>It was only proper that my assistance would result in a boon for my own ventures. In fact, the precise decision I made had very little effect on the region itself insomuch that I cannot recall what it was. The most important question was, would benevolence or cruelty serve me best?<br><br><b>The choice became clear to me after a momentary deliberation. I chose:</b>
Reign1_Content1;<link=0>I took the side of the people.</link> This will result in: {{0=crownL}} {{1=ch1}}<br><br><link=1>To hell with the people.</link> This will result in: {{2=crownR}} {{3=ch2}}
Reign1b_Content;The advisor thanked me for the assistance. From our short conversation, I knew that my friend was quite put upon by decision-making processes. I was quite certain that he would do as I suggested as contemplation would only waste time that could be better spent {{0=|waxing his mustache.|adjusting his girdle.|sampling wine and cheese.}}
Reign1b_Placeholder;Enter noble title...
Reign1b_0_Content;{{0=crown}} {{1=reward}}<br><br><i>Reminder: The <icon=S3_CrownToken> token can only move into numbered spaces on the track. If a movement would cause it to move into the start or end space, this movement is ignored.</i>
Reign2_Title;Scientific Subsidies
Reign2_Content;<b>{{0=_}}</b> petitions the Crown to establish a Royal Grant for Applied Sciences, funneling tax revenue directly into the estate's laboratories for the betterment of the realm.<br><br><i>Effect: Gain $3, 1 Ingredient of your choice, and 2VP.</i>
Reign2_Content1;<link=0>Offer the scamps temporary lodging.</link> <i>This will result in: {{0=crownL}} All players may pay $1 to gain a <b>body</b> ingredient.</i><br><br><link=1>Run the rabble off.</link> <i>This will result in: {{1=crownR}} {{2=ch2}}</i>
Reign2b_Content;The advisor thanked me for the assistance. I was quite obliged by the compliment, but our mutually beneficial arrangement suited my needs splendidly. {{0=?|The drifters would certainly be put to work, I'm sure.|It was unfortunately not the season to house visitors, even if they were meant to be temporary.}}
Reign2b_Placeholder;Enter noble title...
Reign2b_0_Content;{{3=?|{{0=crownL}} Then, all players may pay $1 to gain a <b>body</b> ingredient.|{{1=crownR}} {{2=ch2}}}}<br><br><i>Reminder: The <icon=S3_CrownToken> token can only move into numbered spaces on the track. If a movement would cause it to move into the start or end space, this movement is ignored.</i>
Reign3_Title;Grave Robbing Clemency
Reign3_Content;<b>{{0=_}}</b> drafts a decree pardoning all offenses related to anatomical procurement when performed in the service of Royal Medical Research.<br><br><i>Effect: Gain 2 <icon=Bodies_Icon>, 1 <icon=Insanity_Icon>, and 3VP.</i>
Reign3_Content1;<link=0>Allow Hunting.</link> <i>This will result in: {{0=crownL}} Choose one <b>animal token</b> and return it to the game box. This animal can be in the possession of another player.</i><br><br><link=1>Disallow Hunting.</link> <i>This will result in: {{1=crownR}} {{2=ch2}}</i>
Reign3b_Content;The advisor thanked me for the assistance. I was happy to have control over such a strained situation. {{0=?|As expected, open season resulted in the extinction of one of our great native species. Survival of the fittest, I suppose.|}}
Reign3b_Placeholder;Enter noble title...
Reign3b_0_Content;{{3=?|{{0=crownL}} Choose one <b>animal token</b> and return it to the game box. This animal can be in the possession of another player.|{{1=crownR}} {{2=ch2}}}}<br><br><i>Reminder: The <icon=S3_CrownToken> token can only move into numbered spaces on the track. If a movement would cause it to move into the start or end space, this movement is ignored.</i>
Reign4_Title;Charitable Hospitals
Reign4_Content;<b>{{0=_}}</b> establishes a wing of free royal clinics for war veterans and their families, earning the adoration of the townsfolk and easing tensions across the region.<br><br><i>Effect: Move your marker 1 space left on the Insanity Track, move the Angry Mob 1 space left, and gain 3VP.</i>
Reign4_Content1;<link=0>Allow Demonstrations.</link> <i>This will result in: {{0=crownL}} The negative effect for having a Separatist token will be removed.</i><br><br><link=1>Crack Down.</link> <i>This will result in: {{1=crownR}} A player with a Separatist token face-up cannot place their Self into Town at all.</i>
Reign4b_Content;The advisor thanked me for the assistance. The situation was under control. {{0=?|Personal freedom, as always, was paramount to me.|There will be no mercy for traitors. The military would see to their dispersal.}}
Reign4b_Placeholder;Enter noble title...
Reign4b_0_Content;{{2=?|{{0=crownL}} The negative effect for having a Separatist token will be removed. The restriction on Self tokens is lifted.|{{1=crownR}} A player with a Separatist token face-up cannot place their Self into Town at all.}}<br><br><i>Reminder: The <icon=S3_CrownToken> token can only move into numbered spaces on the track. If a movement would cause it to move into the start or end space, this movement is ignored.</i>
Reign5_Title;Royal Conscription
Reign5_Content;<b>{{0=_}}</b> invokes emergency royal authority to conscript debtors and prisoners into indentured service at the estate's experimental facilities.<br><br><i>Effect: Gain 1 Servant from Lost & Found (or Supply), 1 <icon=Bodies_Icon>, 1 <icon=Creepy_Icon>, and 4VP.</i>
Reign5_Content1;<link=0>Decree this law</link><br><br><link=1>Consider a different law</link>
Reign5b_Content;Fear ripples through the town as <b>{{0=_}}</b> is granted a formidable new title by the Crown! Enter the new title prefix for <b>{{0=_}}</b>:
Reign5b_Placeholder;Enter noble title...
Reign5b_0_Content;<b>{{0=_}}</b> gains 1 Servant from Lost & Found (or the Supply), 1 <icon=Bodies_Icon>, 1 <icon=Creepy_Icon>, and 4VP.
Reign6_Title;Public Works & Parks
Reign6_Content;<b>{{0=_}}</b> commissions grand gardens, streetlamps, and libraries throughout the town, ushering in a golden era of civic pride and academic prestige.<br><br><i>Effect: Gain 1 Knowledge of your choice, 1 Estate Upgrade from the display, and 4VP.</i>
Reign6_Content1;<link=0>Allow the people their fun.</link> <i>This will result in: {{0=crownL}} All players <b>lose 2 <icon=Creepy_Icon>.</b> You gain 2VP.</i><br><br><link=1>This is sacrilege!</link> <i>This will result in: {{1=crownR}} Choose a player to immediately <b>gain 2 <icon=Creepy_Icon></b>.</i>
Reign6b_Content;The advisor thanked me for the assistance. Religion is such a delicate matter. {{0=?|And by treating it without any delicacy whatsoever, my cousins and I enjoyed a moments respite from general persecution.|It could not be taken lightly. My cousin would do well to remember this next time!}}
Reign6b_Placeholder;Enter noble title...
Reign6b_0_Content;{{2=?|{{0=crownL}} All players <b>lose 2 <icon=Creepy_Icon>.</b> You gain 2VP.|{{1=crownR}} Choose a player to immediately <b>gain 2 <icon=Creepy_Icon></b>.}}<br><br><i>Reminder: The <icon=S3_CrownToken> token can only move into numbered spaces on the track. If a movement would cause it to move into the start or end space, this movement is ignored.</i>
Reign7_Title;Inquisitorial Warrant
Reign7_Content;<b>{{0=_}}</b> convinces the Royal Inquisition to raid a rival cousin's laboratory under suspicion of treasonous conspiracy, seizing their research materials.<br><br><i>Effect: Steal 1 Ingredient or <icon=Bodies_Icon> from another player (unless they pay you $2), gain 1 <icon=Creepy_Icon>, and gain 5VP.</i>
Reign7_Content1;<link=0>A little for myself.</link> <i>This will result in: {{0=crownL}} {{1=ch1}}</i><br><br><link=1>Glory to ME.</link> <i>This will result in: {{2=crownR}} Choose your own title that will display with your name for the rest of the story.</i>
Reign7b_Title;Inquisitorial Target
Reign7b_Content;The advisor, when he resumed consciousness, thanked me for the assistance. I informed him that the business was secured and the people would be overjoyed with his decisiveness.
Reign7b_Content1;Select a player to raid:{{0=?|<br><br><link=0>Player 1</link>}}{{1=?|<br><br><link=1>Player 2</link>}}{{2=?|<br><br><link=2>Player 3</link>}}{{3=?|<br><br><link=3>Player 4</link>}}{{4=?|<br><br><link=4>Player 5</link>}}
Reign7c_Content;Please enter your brand new Regal title.
Reign7c_Placeholder;Enter noble title...
Reign7c_0_Content;<b>{{0=_}}</b> gains 1 <icon=Creepy_Icon> and 5VP. Now <b>{{1=_}}</b> must respond to the warrant!
Reign7c2_Title;Thank You, {{0=reigntemp}}
Reign7c2_Content;The advisor, when he regained his sense, thanked me for the assistance. I thrice reminded him to refer to me as {{0=reigntemp}}. Ah, {{0=reigntemp}}. Such a glorious title!
Reign7c2_Content1;Will <b>{{0=_}}</b> pay a $2 bribe to the Inquisitors (paid to <b>{{0=_}}</b>'s rival) to prevent them from seizing 1 Ingredient or <icon=Bodies_Icon>?<br><br><link=0>Yes (Pay $2)</link> | <link=1>No (Allow seizure)</link>
Reign7c2_Popup_Content;{{2=?|<b>{{0=_}}</b> pays $2 directly to <b>{{1=_}}</b> to turn the Inquisitors away.|<b>{{1=_}}</b> takes 1 Ingredient or 1 <icon=Bodies_Icon> of their choice from <b>{{0=_}}</b>'s estate!}}
Reign8_Title;Festival of Enlightenment
Reign8_Content;<b>{{0=_}}</b> sponsors a grand Royal Exposition celebrating scientific achievement, arts, and medicine, drawing scholars and dignitaries from across the continent.<br><br><i>Effect: Gain 2 Knowledge of your choice, $2, and 5VP.</i>
Reign8_Content1;<link=0>Legalize their sale.</link> <i>This will result in: {{0=crownL}} Gain 1 Weapon token. Weapon tokens can be spent as money. $1 per Weapon token.</i><br><br><link=1>Restrict their sale.</link> <i>This will result in: {{1=crownR}} Gain 1 Weapon token. Weapon tokens are worth 1VP at Game End.</i>
Reign8b_Content;The advisor thanked me for the assistance. Money or fame was always such a difficult choice. {{0=?|But, in this case, it was hard to resist the additional funds to fuel my schemes.|In the end, however, I could not waste such a precious resource on mere peasants. The pen may be mightier than the sword, but not mightier than a Helmet-Mounted Flamethrower.}}
Reign8b_Placeholder;Enter noble title...
Reign8b_0_Content;{{2=?|{{0=crownL}} Gain 1 <icon=S3_WeaponToken> token. <icon=S3_WeaponToken> tokens can now be spent as money. $1 per <icon=S3_WeaponToken> token.|{{1=crownR}} Gain 1 <icon=S3_WeaponToken> token. Weapon tokens are now worth 1VP at Game End.}}<br><br><i>Reminder: The <icon=S3_CrownToken> token can only move into numbered spaces on the track. If a movement would cause it to move into the start or end space, this movement is ignored.</i>
Reign10_Title;No Decrees Remaining
Reign10_Content;All Royal Decrees of this tier have already been enacted. The King's clerks refund your <icon=S3_CrownToken> and bid you good day.
Stickfun_Title;The Wooden Totems
Stickfun_Content;On a solitary afternoon in my study, I found my thoughts drifting to a curious object displayed on the mantle: the wooden figure whittled by a disturbed gentleman. However, as my gaze examined its surface, I noticed a curious indentation that appeared to be a frayed connection. I contacted my cousins to see if any others had acquired a similar object.<br><br>{{0=?|During a congenial supper visit, we discovered that the objects connected in a very specific pattern. With a metallic clicking sound, the pieces suddenly contorted into the broken form of a wooden man. The ligaments twisted wildly, and like a spider, the creature suddenly skittered up the walls, taking a defensive stance along the banister.<br><br>We were impressed, and with only one servant becoming horrible maimed in the process, we captured the beast and contributed it to the war effort.|After consulting briefly with them, I realized that without another figure, I would never discover the secret. However, the figure did burn for an especially long time when I jettisoned it into the fireplace.<br><br>I used this time and warmth to reinvigorate my studies.}}
Stickfun_0_Content;{{0=?|Any player with a <icon=S3_WoodenFigureToken> token returns it to the Scenario box and gains 3 <icon=S3_WeaponToken> tokens.|The player with the <icon=S3_WoodenFigureToken> returns it to the Scenario box and draws one Experiment card from the deck of their choice.}}
CoWEvent_Title;The Cost of War
CoWEvent_Content;Ah, to be born of noble blood is a very troublesome thing. The townsfolk genuflect in my presence, the local military is willing to accept my generous donations, and the crown feels nearer to me than ever, yet still I am wrenched apart from within. Did my loyalties lay with the state or with myself?<br><br>The decision could not rest with me alone, unfortunately. But if my cousins - whom I love so dearly - and I, could combine our interests, the aristocracy would surely take note. Would the region be ruled by a monarchy with a strong, <b>iron fist</b>, crushing opposition and caring little for the welfare of its citizenry? Or would the <b>benevolent</b> rallying of the people serve us best in the end, despite the additional royal scrutiny it would incur?<br><br>Perhaps our early actions had already helped confirm our convictions, either way, the time had come to make a decision. For {{0=townname}}, we knew what was best.
TwoPCoWEvent_Title;The Royal Auditor's Auction
TwoPCoWEvent_Content;The Royal Collector invites both cousins to submit sealed bids for the post of Royal Auditor. A representative of the neutral guild, <b>{{0=_}}</b>, also prepares a bid.
TwoPCoWRes_Title;The Collector's Verdict
TwoPCoWRes_Content;The player who bid the most coins pays them to the supply and <b>gains 4VP.</b><br><br>They then make the following choice. <i>(If there is a tie, no money is paid, the outcome chosen must be <b>benevolence</b>, and no player receives the bonus VP)</i>.<br><br><b>The winner of the bid chooses an option below:</b>
TwoPCoWRes_Content1;What was the highest bid?<br><br><link=0>High Bid is LESS than $8</link><br><br><link=1>High Bid is $8 or MORE</link>
TwoPCoWRes_0_Content;{{0=?|The Royal Collector scoffs at the meager offerings! Both players must pay $4 to the Supply (or all of their money if they have less than $4), and neither gains the post.|The highest bidder pays their bid to the Supply and gains 2 <icon=S3_CrownToken>, 1 Estate Upgrade from the display, and 5VP! The other player keeps their money.}}
CoWEventb_Title;The Royal Auditor's Auction
CoWEventb_Content;The Royal Collector invites all cousins to submit sealed bids of Money in their hands. Reveal all bids simultaneously! (Ties are broken in favor of <b>{{0=_}}</b>, or clockwise from them).
COWRes_Title;The Collector's Verdict
COWRes_Content1;What was the combined total of all players' bids?<br><br><link=0>Total Bids are LESS than $8</link><br><br><link=1>Total Bids are $8 or MORE</link>
COWRes_0_Content;{{0=?|The Royal Collector is insulted by the paltry tribute! All players keep their bids, but every player loses $3 (or all they have) to the Supply and moves 1 space right on the Insanity Track.|All players pay their bids to the Supply. The highest bidder gains 2 <icon=S3_CrownToken>, 1 Estate Upgrade from the display, and 5VP!}}
CommemorativeStatueEvent_Title;A Monument to Victory
CommemorativeStatueEvent_Content;To celebrate the enduring triumph of the Crown, the King announced that a towering bronze Commemorative Statue would be erected in the center of the town square.<br><br>Rather than bearing the likeness of the Monarch himself, the King decreed that the statue would honor whichever local noble family had demonstrated the greatest devotion to the realm - immortalizing their visage for generations to come.
CommemorativeStatueEventb_Title;Commissioning the Statue
CommemorativeStatueEventb_Content;Each player secretly bids any amount of Money in their hand. Reveal both bids simultaneously!
CommemorativeStatueEventb_Content1;Which cousin won the bid to have the Commemorative Statue sculpted in their likeness?{{0=?|<br><br><link=0>{{1=_}}</link>}}{{2=?|<br><br><link=1>{{3=_}}</link>}}{{4=?|<br><br><link=2>{{5=_}}</link>}}{{6=?|<br><br><link=3>{{7=_}}</link>}}{{8=?|<br><br><link=4>{{9=_}}</link>}}
CommemorativeStatueEventRes_Title;Unveiling the Monument
CommemorativeStatueEventRes_Content;The player who won the bid may choose which player the commemorative statue is erected in honor of.
CommemorativeStatueEventRes_0_Content;<b>{{0=_}}</b> pays their bid to the Supply (all other players keep their bids) and immediately gains 5VP!
CommemorativeStatueEventResb_Title;The Town Square Transformed
CommemorativeStatueEventResb_Content;For the remainder of the generation, the base of <b>{{0=_}}</b>'s statue becomes a gathering place for loyalists, petitioners, and royal heralds.
CommemorativeStatueEventResb_0_Content;Place the <b>Commemorative Statue</b> Storybook card over the <b>Farmer's Market</b> location.<br><br>Whenever any player visits this location, they must select their name in the app!
CommemorativeSignIn_Title;At the Foot of the Statue
CommemorativeSignIn_Content1;Which player is visiting the Commemorative Statue?{{0=?|<br><br><link=0>{{1=_}}</link>}}{{2=?|<br><br><link=1>{{3=_}}</link>}}{{4=?|<br><br><link=2>{{5=_}}</link>}}{{6=?|<br><br><link=3>{{7=_}}</link>}}{{8=?|<br><br><link=4>{{9=_}}</link>}}
CommemorativeMAIN_Title;Basking in Bronze Glory
CommemorativeMAIN_Content;Although the craftmanship was amateurish and the marble of lower grade than expected, I was once again stunned into silence as I arrived to marvel at the statue. What it lacked in polish, it excelled in artistic passion!<br><br>The picturesque monument always set my heart beating and drove me to tears. Sobbing into my handkerchief, I could feel the doubts melt away.<br><br>What an inspiration!
CommemorativeMAIN_0_Content;<b>{{0=_}}</b> gains $3, 1 Ingredient of their choice, and 2VP!
CommemorativeOTHER_Title;In Another's Shadow
CommemorativeOTHER_Content;How could they construct such a ghastly structure in the vague form of an unworthy clod? The thought set my features to crease into an ugly sneer {{0=|as I ventured nearer the dismal, gray statue.|as a chill wind swept debris about the cracked foundation.}}<br><br>And yet, set upon by the emotional heft of this abomination, I felt at once reinvigorated. For while love in its most passionate form was known to revive the soul, it is hate which raises the blood to the cheeks and sets the mind to precise action. I spoke a curse so vile I felt the lilacs wilt at the base of the wretched monument and spat upon the ground thrice.<br><br>My cousin may have enjoyed their victory in that moment, but soon I would be the one standing upon the pedestal... the pedestal of science!
CommemorativeOTHER_0_Content;<b>{{0=signincomm}}</b> may search an Experiment deck and draw the card of their choice. <i>Reshuffle the deck afterwards.</i>
Weapons_Title;Royal Arsenal Audit
Weapons_Content;Before the final curtain falls on the generation, Royal Inspectors sweep the estates one last time, rewarding any secretly stockpiled munitions that are voluntarily surrendered to the King's guard.
Weapons_0_Content;Each player gains 2VP for every <icon=S3_WeaponToken> remaining in their possession, then returns them to the Supply.
ShadowBonus_Title;The Order in the Shadows
ShadowBonus_Content;The player(s) closest to the <icon=S3_CrownToken> token will receive a 5VP bonus! If there is a tie, no players receive the bonus.
ShadowBonus_0_Content;{{0=?|The player(s) celebrated by the Order in the Shadows gain <b>8VP</b>!|No player receives the Shadow Order bonus.}}
BenevolenceBonus_Title;{{0=?|Benevolence Bonus|Iron Fist Bonus}}
BenevolenceBonus_Content;The player with the most <b>{{1=?|Benevolent|Iron Fist}}</b> decrees will now receive a bonus. <i>If there is a tie, no players will be rewarded.</i><br><br>{{0=breakdown}}
BenevolenceBonus_0_Content;<b>{{0=mostben}}</b> gains {{1=decbon}}VP!
PeaceIntro_SubTitle;Introduction
PeaceIntro_Title;A New Generation
PeaceIntro_Content;And thus passed an entire generation under the yolk of constant battle and misery. Even after the Separatists claimed victory, skirmishes broke out within the land between the loyalists to the crown and the angry separatists.<br><br>Over the years, the rebel leaders were able to establish a fragile democratic coalition in the region, especially after making the family's town a center for scientific and industrial progress. Through their tireless work, the town's monarchist sympathies faded to a memory as they realized their freedom was tied intimately with the new republic.<br><br>By the time our hero's heir inherited the estate, a vibrant period of ambitious rebuilding returned to the town and surrounding countryside. Yet across the borders, the deposed Monarch's allies gathered their armies to crush the young republic.<br><br>Unfortunately, their heirs had been granted a much larger piece of the estate to manage. In fact, all of it. Every cousin's child was named an equal successor to the same plots of land in a mad scheme written into all of the wills simultaneously. It felt almost as if they were being watched and toyed with by an unseen spectral adversary.
SeparatistBarnCheck_SubTitle;Setup
SeparatistBarnCheck_Title;The Barn
SeparatistBarnCheck_Content;With the war ended, the provisional council returned control of the Barn back to the estate, sending volunteers from the town to help restore its operations.<br><br><i>The people do not forget those who sheltered the cause,</i> the council's letter declared.
SeparatistBarnCheck_0_Content;Flip the <b>Barn</b> Estate Upgrade over to its normal side. It has been restored!
PeaceWar_SubTitle;Setup
PeaceWar_Title;A World at War
PeaceWar_Content;Though the Separatists won their freedom locally, the surrounding kingdoms and empires viewed the fledgling republic as a dangerous contagion. Coalition armies marched toward the borders from every direction.<br><br>The Provisional Council turned to the town's famed scientific family with an urgent mandate: forge the advanced weaponry and medical marvels necessary to defend the republic and conquer the old world order!
PeaceWar_0_Content;Retrieve the <b>World Conquest</b> board and the <b>Advanced Weaponry</b> deck from the Scenario box and place them near the main board.<br><br>Shuffle the Advanced Weaponry cards and deal <b>4 cards face-up</b> in a row beside the World Conquest board.
PeacePrep_SubTitle;Setup
PeacePrep_Title;Stockpiling for the Front
PeacePrep_Content;The council quartermasters immediately begin commissioning munitions from the cousins' laboratories.{{0=?|<br><br>Furthermore, because your family covertly funded the Separatist cause during the dark days of the war, the quartermasters grant your laboratories special requisition privileges!}}
PeacePrep_0_Content;Look at each player's <i>Allegiance Track</i>. Every player receives 1 <icon=S3_WeaponToken> from the Supply for every 3 checkpoints they passed on the Separatist side of the track (Rounded down).<br><br>Then remove the <i>Allegiance Track</i> token and each player's tracking tokens from the game.{{0=?|<br><br>Because the family funded the Separatists, players may substitute 1 <icon=S3_WeaponToken> for any 1 Ingredient when completing Experiments this generation!}}
PeacetoRebuild_SubTitle;Setup
PeacetoRebuild_Title;Scars of the Uprising
PeacetoRebuild_Content;The wounds of the recent civil war were still raw and the process of rebuilding was not an inexpensive proposition. While I pledged to offer assistance in any way that my humble, self-driven, well-educated mind could, I was quite surprised when they actually had the indecency to act upon this proposal.<br><br>The Separatist government enforced {{0=|no new taxes, thankfully, as zero buildings were sabotaged in the previous generation. At least consistent support for my native country had its benefits.|a one-time estate inheritance tax of $1 - due to a single building being destroyed - which would go into effect during my early years. While at least it would not rob me of my most precious resource - time - it would sour my mood upon days of leisure.|a recurring estate tax of $1 - to rebuild several buildings - that would go into effect consistently <i>(at the start of each new round)</i>. While at least it would not rob me of my most precious resource - time - it would sour my mood upon days of leisure.}}
PeaceDiscard_SubTitle;Setup
PeaceDiscard_Title;Supply Lines
PeaceDiscard_Content;To ensure a steady flow of experimental armaments to the front lines, the Council establishes a strict quota of Weapon Tokens to be made available each round.
PeaceDiscard_0_Content;Take <b>{{0=_}}</b> <icon=S3_WeaponToken> per player from the Supply and place them in a pool beside the World Conquest board. Return any remaining <icon=S3_WeaponToken> to the box for now.
PeaceDiscard_1_Content;Turn the Village Chronicles to <b>Page 11</b> for the <b>Early Years</b>.<br><br>Place the Suspicion Marker (Gray Angry Mob token) on the <b>first space of the Suspicion Track</b> (containing the setup icon).
HowtoWar_Title;War on the World Rules
HowtoWar_Content;<b>Advancing the War Effort:</b><br><br>1. During your turn, you may spend <icon=S3_WeaponToken> and/or resources shown on any face-up <b>Advanced Weaponry</b> card to claim it, gaining its immediate reward and placing your marker on the <b>World Conquest</b> track.<br><br>2. At the end of the <b>Early Years</b> and <b>Middle Years</b>, a <b>Battle</b> occurs! Players compare their contributions to the war effort and earn rewards based on their rank.<br><br>3. At the end of the <b>Late Years</b>, the <b>Final Conflict</b> determines the ultimate fate of the Republic!
Peace_Title;The Republic at War
Peace_Allegiance_Title;Separatist Allegiance
Peace_Allegiance_Content;Viva la Revolution! The Republic stands defiant against the crowns of the world.
Peace_WarOnTheWorld_Title;<icon=StorybookToken> War on the World
Peace_WarOnTheWorld_ClickHere; Click here to review the rules for the World Conquest board and Advanced Weaponry deck.
Peace_WarOnTheWorld_Content;Players may claim face-up <b>Advanced Weaponry</b> cards during their turns by spending <icon=S3_WeaponToken> and required resources.
Peace_EverythingIsAWeapon_Title;Special Privilege: Everything is a Weapon
Peace_EverythingIsAWeapon_Content;Because your family funded the Separatists, you may spend 1 <icon=S3_WeaponToken> in place of any 1 Ingredient when completing an Experiment!
Peace_PublicRelations_Title;<icon=StorybookToken> Office of Public Relations
Peace_PublicRelations_Content;When placing a piece at the <b>Office of Public Relations</b>, pay $1 to gain 1 <icon=S3_WeaponToken> and 2VP.
Peace_FinalConflict_Title;<icon=StorybookToken> Final Conflict
Peace_FinalConflict_ClickHere; Click here to review the War on the World rules.
Peace_FinalConflict_Content;This is the final round before the decisive battle for the Republic!{{0=?|<br><br><b>Note:</b> Because the cousins refused to deploy chemical weapons in the Middle Years, the coalition armies have fortified their lines - flip the Final Battle card to its harder side!}}
ATOW_FamineEvent_Title;The Blockade Famine
ATOW_FamineEvent_Content;As winter descended, a naval blockade by the Royalist Coalition cut off all grain and livestock shipments to the Republic. Starvation gripped the town, and desperate citizens gathered outside the Council chambers demanding food.<br><br>In a closed-door session, the Council approached the cousins with a grim proposal: use the estate's biolabs to synthesize an emergency meat substitute from... unconventional organic matter.
TwoPFamineBid_Title;Council Emergency Vote
TwoPFamineBid_Content;The Council calls upon the cousins to vote on the emergency rations proposal using their influence ($). A prominent town alderman, <b>{{0=_}}</b>, also casts a deciding vote.
TwoPFamineBidRes_Title;The Rationing Decision
TwoPFamineBidRes_Content;Both players secretly bid any amount of Money, then reveal simultaneously (ties are broken by <b>{{0=_}}</b>). The highest bidder pays their bid to the Supply and decides the Council's course of action!
TwoPFamineBidRes_Content1;What does the winning bidder decide?<br><br><link=0>Offer a new meat product from the laboratories</link><br><br><link=1>Allow the populace to starve rather than cross that line</link>
TwoPFamineBidRes_Window_Content1;What does the winning bidder decide?<br><br><link=0>Offer a new meat product from the laboratories</link><br><br><link=1>Allow the populace to starve rather than cross that line</link>
ATOW_FamineEventV_Title;Council Emergency Vote
ATOW_FamineEventV_Content;The Council calls upon all cousins to vote on the emergency rations proposal by secretly bidding Money in their hands. Reveal all bids simultaneously! (Ties are broken by <b>{{0=_}}</b>).
ATOW_FamineEventRes_Title;The Rationing Decision
ATOW_FamineEventRes_Content1;The player who bid the most pays their bid to the Supply and makes the choice for the entire town:<br><br><link=0>Offer a new meat product from the laboratories</link><br><br><link=1>Allow the populace to starve rather than cross that line</link>
ATOW_FamineEventYes_Title;A Modest Proposal
ATOW_FamineEventYes_Content;Carefully pass the Storybook to the player who won the bid.<br><br>Please enter the name of the new meat product:
ATOW_FamineEventYes_Window_Content;Crates of canned, heavily spiced meat arrive in the town square bearing the label <b>{{0=_}}</b>. The townsfolk devour the rations gratefully, never suspecting the horrifying truth of its origin.<br><br>Only the cousins know why the graveyard wagons return empty each dawn.
ATOW_FamineEventYes_Placeholder;Name your new meat product...
ATOW_FamineEventYes_0_Content;Every player gains <b>2 <icon=Insanity_Icon></b> and <b>$3</b> from the Council's rationing contract!
ATOW_FamineEventNo_Title;Hunger in the Streets
ATOW_FamineEventNo_Content;The cousins refuse to taint their laboratories with such an unspeakable atrocity. The winter is brutal and unforgiving, and riots break out as the hungry citizens blame the wealthy estates for hoarding supplies.
ATOW_FamineEventNo_0_Content;Move the <icon=AngryMob_Icon> <b>2 spaces left</b> toward the Estate on the Suspicion Track!
PeaceStick_Title;Whispers in the Orchard
PeaceStick_Content;Even amidst the roar of factory furnaces and artillery tests, someone—or something—continues to hang twisted wooden effigies from the trees bordering the estate.
PeaceStick_0_Content;Every player with a <icon=S3_WoodenFigureToken> on their Estate gains 1 <icon=Insanity_Icon> and 1 <icon=S3_WeaponToken>.
PeaceEvent_Title;The Stalemate at the Pass
PeaceEvent_Content;By the middle years of the generation, the war against the Royalist Coalition had ground into a bloody stalemate along the mountain trenches. Thousands of republican soldiers were perishing each month against the entrenched imperial artillery.
PeaceEventb_Title;Project Asphyxia
PeaceEventb_Content;A delegation of desperate generals visited the cousins' laboratories at midnight. They carried blueprints for pressurized dispersal shells capable of blanketing an entire valley in an alchemical nerve vapor.<br><br><i>One barrage would break their lines forever,</i> the General pleaded. <i>The wind blows toward their encampment... though a few border villages lie in the valley below.</i>
PeaceEventc_Title;The Alchemical Choice
PeaceEventc_Content1;The cousins must decide together (or by majority vote, ties broken by the player with the most <icon=S3_WeaponToken>):<br><br><link=0>Join the War Effort and manufacture the gas</link><br><br><link=1>Ignore the Opportunity and refuse to build chemical weapons</link>
PeaceEventGas_Title;The Yellow Mist
PeaceEventGas_Content;Within weeks, green-canistered shells rolled off the estate's assembly lines. When the mist settled over the mountain pass, the coalition army was annihilated without a single shot fired in return.<br><br>The Republic celebrated a miraculous breakthrough, and the Council opened an Office of Public Relations to laud the family's patriotic genius—while quietly censoring all reports from the silent border villages.
PeaceEventGas_0_Content;Every player gains 1 <icon=Creepy_Icon>, 1 <icon=Insanity_Icon>, and 1 Ingredient of their choice.<br><br>Place the <b>Office of Public Relations</b> Storybook card beside the board for the Late Years!
PeaceEventNo_Title;Conscience Over Conquest
PeaceEventNo_Content;The cousins burned the blueprints before the generals' eyes, refusing to unleash such an indiscriminate horror upon the world. The generals stormed out in fury, warning that the final offensive would be twice as costly without the weapon.
PeaceEventNo_0_Content;There is no immediate bonus, and the Final Battle in the Late Years will be significantly more difficult!
BattleTime_Title;Report from the Front
BattleTime_Content;Cannon fire echoes across the horizon as the season's military campaign reaches its climax! Resolve the current <b>Battle</b> on the World Conquest board:<br><br>1. Each player totals their military contribution from claimed Advanced Weaponry cards and spent <icon=S3_WeaponToken>.<br>2. Award VP and rewards according to the current Battle card.<br>3. Replenish the Advanced Weaponry display to 4 face-up cards.
BattleCompleteReturn_Title;The Campaign Continues
BattleCompleteReturn_Content;The dust settles over the battlefield as the regiments regroup and resupply for the next phase of the war.
Peace_NextRoundSetup_Content;Replenish the pool of <icon=S3_WeaponToken> to <b>{{0=_}} per player</b> from the box.{{1=?|<br><br>Turn the Village Chronicles to <b>Page 12</b> for the <b>Middle Years</b>.|<br><br>Turn the Village Chronicles to <b>Page 13</b> for the <b>Late Years</b>.}}{{2=?|<br><br>Because of the severe devastation from the war, every player must pay a <b>$2 reconstruction tax</b>!}}
FinalBattleTime_Title;The Final Conflict
FinalBattleTime_Content;All across the continent, the decisive hour has arrived. Every experimental tank, airship, and alchemical battery forged in your laboratories is deployed to the front lines for the ultimate battle!{{0=?|<br><br>Because the cousins refused to manufacture the nerve gas in the Middle Years, the coalition lines remain heavily fortified.}}
FinalBattleTime_0_Content;Resolve the <b>Final Conflict</b> on the World Conquest board now!{{0=?|<br><br>Remember to add +2 to the enemy defense threshold in every region due to refusing Project Asphyxia.}}
FinalBattleComplete_Title;The Dust of History
FinalBattleComplete_Content;With the final campaign resolved, count any remaining <icon=S3_WeaponToken> in each player's possession—each remaining <icon=S3_WeaponToken> is worth <b>1VP</b> (and counts toward any Vanity Estate Upgrades that score military prestige).
Scoring_Title;Scoring
Scoring_Content;Each Estate Upgrade is worth 1VP.<br />Add any additional points from Vanity Estate Upgrades.<br />Score -3VP for any Maladjustments gained at the End of this Generation.<br />{{0=?|<b>Time Machine:</b><br />If the player with the Time Machine Masterwork has not completed it, they must lose 5VP.<br />|}}<br />THE PLAYER WITH THE MOST POINTS IS THE WINNER OF THE GAME.
ATOW_Scoring_Continue;Click to tabulate scores for posterity...
WinnerHUBproblem_Title;Tie-Breaker
WinnerHUBproblem_Content;Multiple players are tied for the highest score! The tied player who completed their Masterwork wins the game. Which of the tied players completed their Masterwork?
WinnerHUBproblem_Content1;Multiple tied players (or none) completed their Masterwork
WinnerHUB_Title;Victory
WinnerHUB_Content;Congratulations, <b>{{0=WinnerName}}</b>! Your scientific legacy has triumphed over all rivals.
EndAtow1_Title;A Giant Success
EndAtow1_Content;And so it is that this chapter of the story has concluded. It is a story that you no doubt have read about countless times in the newspapers or heard with your family while in the sitting room huddled around your radioscope. The <b>immensity</b> of my family's experiment astounds even myself as I crane my neck to look upon it in all its magnificence.<br /><br />But damn it all, I swear on my name, {{0=winner}} IV, that I will use this bit of fame to fuel my ambitions to the stars. Reaching Utopia is not enough: I must aim higher.<br /><br />{{1=?|Releasing the Time Machine schematics had surprisingly little effect, or possibly it had an infinite number of consequences, which technically amounts to no effect at all. And if it did have an effect, I would certainly have no knowledge of the effect's effect as the timeline would have already twisted my knowledge of it. Suffice to say, with time travel, as with real life, everything and nothing matters.<br /><br />|}}What could be more innovative than a Giant Time Machine or a {{2=giantThing}}, you wonder? Why an even BIGGER version, of course! One of tremendous size!<br /><br />This is not the end: it is only the beginning. My own story still remains to be written, forged into legacy like those before me. I will not stop until the sun is blotted out by the sheer heftiness of my imagination!<br /><br />THE END?
EndAtow2_Title;Behind the Curve
EndAtow2_Content;My close friends and family - many of whom I have permanently severed contact with because of their feelings on the matter - have expressed extreme misgivings about the publication of this book. They claim that my macabre fascination with exposing this to the world is unhealthy!<br /><br />Some have even derisively labeled this work as pseudoscience, homeopathy, or a drug-induced fever dream, but I say to them, "who are you to criticize the moon and the stars for being in the sky?" This work is important! How can they not see it? If anything, these outlandish experiments further prove the relevance of the science that is far better researched, performed, and peer-reviewed after publication in respected journals.<br /><br />For while the world may have sped onward at a pace that our scientific contributions could not match, rendering our innovations lame and timid in comparison, I believe that my family's failure to make an impact on a world of the future is an important lesson. Our contributions must be remembered, not for their value to the progress of mankind, but for laying the foundations of the work that others would ignore because of other more viable innovations which they could hone to perfection.<br /><br />The world may have progressed beyond a need for mad science, but I believe it is this spirit that will define my family's legacy. Even if what they did, does not.<br /><br />THE END?
EndAtow3_Title;A Wrinkle Within Time
EndAtow3_Content;The astute reader may have already surmised that the recollections of three generations was at many points noticeably vivid and detailed. Almost as if the author were not simply transcribing those moments from memory, but witnessing them first-hand. If not, then perhaps I am not as adept at my writing craft as I give myself credit.<br /><br />Does it not seem peculiar that an individual from {{0=townname}}, a small town in Eastern Europe, would become a household name at such a pace? Quite peculiar indeed, isn't it?<br /><br />For you see, it was I, {{1=winner}}, editor, author, and compiler of my family's illustrious personal memoir. This was not a memoir as proposed, but a non-fiction chronicle of events witnessed directly by myself. Being gifted a schematic of a Time Machine certainly has its benefits.<br /><br />I will not attempt to persuade you to the authenticity of my account. With all the wondrous occurrences and graphic failures described within this lengthy tome - that I'm sure my family would never have admitted to of their own volition - I have no doubt that this revelation carries with it more credibility.<br /><br />With the timeline repaired, I feel compelled to offer this history as a testament to the industrious lineage to which I am indebted and to cement their achievements into the firmament of scientific history forever.<br /><br />THE END?
EndAtow4_Title;A Timeline Unbound
EndAtow4_Content;The words scatter and reform as I move my pen about the page. Like rusted leaves turned to beetles, they skitter towards the margins. The ink flows to the nub and surges back inside. The twine that binds the pages, the glue that grips the spine, bound and unbound again, it all flits by reality like a zoopraxiscope, projected images of distorted timelines with minor changes.<br /><br />I cannot know if this memoir is complete. I cannot know if anyone will see these words. The veins on my fingers change color. The {{0=warwinner}} won the war. I cannot tell if I am real or a projection. The twine that binds the pages, the glue that grips the spine... Am I repeating myself?<br /><br />Can you read this?<br /><br />Can you read these words?<br /><br />Is there no response? Who do I presume would respond but myself?<br /><br />Can you read this?<br /><br />I cannot know if anyone will see these words. Like rusted beetles, leaves that skitter margins unbound<br /><br />Can you page the about pen my move I as reform and scatter words the<br /><br />Can you read this?<br /><br />THE END?
EndAtow5_Title;Royal Praise
EndAtow5_Content;After the passing of my beloved parents, who were never able to see what their influence had accomplished, I was able to compile this extended memoir which I have no doubt will be received equitably with my abridgements.<br /><br />The royalty were pleased with the successes brought about in part by my family. They appreciated the tenacity displayed when they {{2=|supported the establishment of an initial barracks and armed stronghold within the region.|supported the building of a barracks for the royal government.|could not in good conscience create a barracks for the wrong side of the conflict.|were against the move to establish a costly barracks in a region when the prevailing opinions were so strong.}}<br /><br />They remained loyal from generation to generation and helped {{3=?|inspire a successful rebellion.|retain power with no compromises.}} And when the situation required persuasive tactics, they {{4=|used destructive tools to orchestrate a sabotage even when it hurt this fair village of {{0=townname}}.|negotiated a peaceful transition without the need to destroy portions of the village.|never faltered. Their outspoken fealty deftly retaining power for all these generations.}} {{5=?|Their suggestions pressed a positive agenda for the people of the realm. While demonstrably out of character, it allowed for an easy return to power.|Their suggestions pressed glory for the crown and crown alone, even when it inconvenienced the people.}} Three generations of service, dedication, and influence.<br /><br />My own continued story? Why, as of yet I haven't felt the same inclination to follow in my dear progenitors' footsteps. My service, as newly appointed royal advisor, {{1=winner}} IV, right-hand to the crown, leaves me dreadfully little time for hobbies. Maybe someday I shall lift a pipette: it is so difficult to know the future.<br /><br />I now have a passion of a different sort and this competitive chapter is complete. And not a moment too soon: it is time for tea.<br /><br />THE END?
EndAtow6_Title;Tipping the Scales
EndAtow6_Content;This is not a story of Icarian fate where rampant ambition overwhelms reason. No, it is a story of wartime oppression and dismissal by inbred monarchs who would blindly penalize neoteric enterprise instead of embracing the glory of modern advanced experimentation.<br /><br />This is a story of three full generations of dedicated service by a proud Hungarian family with a rich history who were then flippantly cast out of their homes to live in exile. And for what? For revealing an uncomfortable truth? For showing that true science has the power to shape worlds and equally crush them within its grasp? My parents <b>could not evade the royal scrutiny</b> and here I exist, expatriated, wrenched from the work bequeathed to me.<br /><br />Oh, how I wish I could view the well-kept estate of my youth with its comforting stone walls and ivy-laden iron gates. To gaze out of the northern veranda to the valley and watch the peasants wade through the smog like toads amongst the slough.<br /><br />But even as I, {{0=winner}}, have tasted the sweetness of victory, I cannot savor it. The war is over. The legacy is severed. Pity me, for I know not what path to trod. I only hope these words spark something within you, dear reader, that you may not share the same fate as I.<br /><br />THE END?
EndAtow7_Title;History of Applied Sciences
EndAtow7_Content;The 11th Edition of this coursebook has been provided by the glorious nation of Hungary, sponsored by the {{0=townname}} region, as a required companion to the Applied Sciences curriculum. It has been recently revised under the guidance of the author, Dr. {{1=winner}}.<br /><br /><i>Instructors:</i> Once reading has been completed, offer appropriate time for discussion. Individually, students should then answer the questions below.<br /><br /><b>REVIEW QUESTIONS</b><br /><br /><b>1.</b> Who is <b>{{1=winner}}</b>?<br /><b>2.</b> In what year was <b>{{2=newmeat}}</b> introduced? How did {{2=newmeat}} affect the great war effort?<br /><b>3.</b> {{1=winner}} was born on the outskirts of {{0=townname}}. What is the name of the famous outpost that supplied the civil war efforts in the 1890's?<br /><b>4.</b> What was the critical importance of the <b>{{3=invention}}</b>? Illustrate.<br /><b>5.</b> What nation is the greatest and <b>only</b> nation in the world?<br /><br />THE END?
EndAtow8_Title;Local Legend
EndAtow8_Content;I submit this post-script as the fourth generation to take on the {{0=winner}} name. The printing costs have already mounted to a sum which I find difficult to manage after the <b>collapse of the war effort</b> and the subsequent reparation policies levied against this country to weaken its ability to muster new troops.<br /><br />With the inability for leaders to <b>make the difficult and needed decisions</b> to press the war effort forward, the conflict was lost even before it began. {{1=|I can only hope those lost in the tragic biochemical release will find some solace in the revelation herein of the true source of the attack.<br /><br />|While practical in theory, I recognize that the processing of enemy soldiers into consumable goods was an unfortunate practice that potentially renders this work unreadable to some.<br /><br />|}}I am aware of what my lineage represents to the international community, and while I wish to distance myself from the whole affair, I also could not in good conscience allow the manuscripts I unearthed be destroyed. With its release, I hope to show - in all its graphic detail - that not all intentions were negative and that the science still holds true even to this day.<br /><br />With righteous conviction and humility in my heart, I am forever your servant. - Dr. {{0=winner}}<br /><br />THE END?
FinalCredits_Title;Credits
FinalCredits_Content;<b>My Father's Work</b><br />Designed by T.C. Petty III<br />Published by Renegade Game Studios<br /><br />Thank you for playing <i>A Time of War</i>!
FinalCredits_Content1;Return to Main Menu
ParadoxIntro_SubTitle;A Brighter Future
ParadoxIntro_Content;While the discovery of my family's experiments and journals would cement my scientific ambitions for years to come, I had never actually met them. I was too young to remember the disappearance of my brilliant progenitor. To lose a parent and then another to the subsequent dementia that followed was more folly than one child should ever have to bear. I was shielded from this reality, rushed away to Vienna, where I was consumed by my studies until my twenty-first year. It was only at my partner's insistence that I decided to settle my inheritance.<br /><br />I remember being stunned as I arrived by train on a mid-summer's evening. I do not know what I expected from the anecdotes my nanny had relayed to me, but it was not the bustling cityscape that greeted me. As the sun dipped into the forest, the glimmer of modern steel light fixtures amplified the urban luminescence. My delighted spouse and I enjoyed a quiet ride in our steamer car, which offered us a chance to observe the idyllic community and decidedly pleasant folk enjoying the convenience of electricity and steam turbine technology.<br /><br />The estate appeared untouched by years of vacancy - recently pruned brambles and ivy adorned the iron gate and the expansive grounds were immaculate. A caretaker of great age and a small housekeeping staff greeted us. Although updating the grounds to the more modern standard of the nearby town would prove a daunting task, the servants' warm reception allayed our remaining anxieties. Upon discovery of my family's laboratory, what had been planned as a mere visit received an indefinite extension.<br /><br />When I spoke of my family's history of experimentation, I was rarely met with indifference but more often firm words of encouragement. It appeared that this region, so rife with abnormal progress, viewed my theories as rudimentary but delightfully avant-garde. Even when I expounded upon dark rituals and the grotesque, they encouraged further exploration and referred me to the newly constructed University.<br /><br />This caused me severe consternation. Was this not what I wanted — a clear path towards scientific enlightenment and support of my family's landmark ideas? Why did their lack of friction vex me so? Did they view my illustrious work as trivial?<br /><br />It was this grim realization that strengthened my will. If these craven modernists wanted more, then so be it! I would push the limits of science further than ever before and damn the consequences!
Paradoxical_Title;Unexplainable Phenomenon
Paradoxical_Content;There is no taming the wiles of time. History abhors a paradox. Though I did not fully understand the significance, fascinating oddities began to appear when loopholes were left untied.
TimeTravelEvent_Title;Advanced Work is Important!
TimeTravelEvent_Content;While the journal was an astonishing discovery in itself, I did not realize that the true revelation would arrive several weeks later while I sampled brandy upon my veranda. A swirl of stormclouds suddenly converged overhead, and with a spear of electricity a fantastic metal contraption appeared. The {{0=|two|three|four|five}} travelers emerged, wrinkles lining their features and gray, wispy hair held back by jeweler's goggles strapped to their heads.<br /><br />Our meeting was brief, but over a brunch of polenta and egg-plant stuffed with forcemeat, they relinquished control of several new schematics which they claimed had been retrieved from the future and would revolutionize the modern world. As one may have surmised from this encounter, the intrepid traveler was none other than my long-lost parent, here to entrust one final piece of my legacy.<br /><br />With these experiments, they implored, I could work towards a true Utopia - a world of technological perfection.
TimeTravelEventb_Title;The Future of Convenience
TimeTravelEventb_Content;These schematics weren't exactly what I had envisioned as a chilling and ethically dubious leap into the future of science, but they were certainly handy around the house.<br /><br />If one could procure the additional materials required to create them, I was convinced that these devious advanced devices would allow me to achieve the proper recognition I deserved.
FigureontheTrackIn_Title;Nostalgic Guests
FigureontheTrackIn_0_Content;I wasn't quite sure why the mantle in my study was adorned with a small metal {{0=Sickle or Shield}}. As with much of the decor, I allowed my spouse free reign over matters of interior decoration, and thought nothing of it until a dinner guest became enamored with its presence.<br /><br />He doffed his top hat and brass monocle to put the object to closer inspection. "I thought they had all been destroyed after the war so many years ago. Curious that you would proudly display such a vulgar symbol of aggression!"<br /><br />Little did I realize the rumors I would soon endure from this singular supper event.
FigureontheTrackInb_Title;A Legacy of Intrigue
FigureontheTrackInb_Content;<b>All players may again view the Storybook.</b><br /><br />The {{0=Sickle or Shield}} I so obliviously kept upon my mantle became a topic of conversation around town, becoming a central source of intrigue for my secret work. They began to ask me questions, even as I became more bold and curt with my responses.<br /><br />However, I soon discovered that their sneers weren't sneers of derision, merely appropriate disgust at the necessary but sometimes graphic lengths to which my experimentation perched upon the bleeding edge of innovation. To my surprise, as I began to hold a grotesque exhibition of some of my family's preserved works, the academic response was one of motivation.<br /><br />Although I could not withhold my vocal disdain for extrinsic motivations - wretched carrots dangled tenuously in front of weaker minds - I also recognized that if I could cause them to react in a fervor, I could expect rapturous applause instead of pitchforks. However, it would take significant effort to do so.
NobodyFigures_Title;Accolades for Exploration
NobodyFigures_Content;I soon discovered that the sneers I sometimes received when I offered hints of my secret work weren't sneers of derision, merely appropriate disgust at the necessary, but sometimes graphic lengths to which my experimentation perched upon the bleeding edge of innovation. To my surprise, as I began to hold a grotesque exhibition of some of my family's preserved works, the academic response was one of motivation.<br /><br />While the masses could never fully appreciate the breadth of study required in order to create such exquisite revelations, I could see no reason to invite their animosity. When the townsfolk began to offer assistance as my work teetered on the brink of ethicality, I vowed to press onward further than ever before and embrace the fervor that would surround it.
Late2ResA_Title;Gift of Silence
Late2ResA_Content;For a reason which was never fully explained to me - I assumed it was my family's influence on events long past - the villagers were even more jovial and accepting of me continuing the important work left to gather dust for so many years. They even opened their coffers to me.<br /><br />It would have been uncouth of me not to accept their generosity despite, and I assure you of this fact, my considerable wealth.
ParadoxFirst_Title;New Science
ParadoxFirst_Content;When I discovered the journal, the masterwork plans, and the clandestine fragments of experiments in the laboratory, I laughed. Surely, my great-grandfather had grandiose ambitions at the time, but modern advancements made many of the blueprints obsolete and frankly, a bit cute.<br /><br />I decided to improve upon them, and I knew just the thing that would dazzle them all!
CostStick1_Title;Rediscovered Artist
CostStick1_Content;An art critic arrived at my estate, and immediately took an enthusiastic interest in the misshapen wooden figure.<br /><br />He explained his theory on the authenticity of the artistic piece: "His more well-known work in marble defined most of his career, however we believe that Ferenczy explored an abstract modernist period well before his contemporaries, with wooden figures."<br /><br />The collector offered me <b>$2</b> for the misshapen wooden figure, a sum that I gladly accepted in order to be rid of the hideous thing.
FutureStick_Title;The Key
FutureStick_Content;I noticed that the misshapen wooden figure felt hollow inside. With a moment's hesitation, I cracked the object against the corner of the table. The contents spilled out upon the floor.<br /><br />The object inside could not exist, and yet there it was. My mind was filled with questions that I knew might never be fully answered, but I was thankful for the assistance.
MonumentVote_Title;Time Machine - Publication?
MonumentVote_Content;While the ideas set forth in my parent's journal entries were both outdated and embarrassingly rudimentary in some areas, one thing that the fools in academia hounded us to provide was the schematics to the Time Conveyance Device. For a discovery so radical and immense in its influence on multiple dimensions of the world, the meager sums they offered for entrusting it to their universities was insulting.<br /><br />I would never give it to them to abuse secretly at their discretion. No! But to publish it widely and allow all of the Hungarian people the chance to rewrite history? That, it seemed, would be the sort of experimental chaos the stuffed shirts at the university would never see coming!<br /><br />But, perhaps, and most undoubtably, it would have untold repercussions.<br /><br />The issue at hand, however, was the matter of secrecy. If any one of us - myself or my dear cousins - decided to publish the schematic, it would be freely available.<br /><br />I knew that each would need to make their own private decision and I prayed that it would be the correct choice.
MonuA_Title;Fate of Time
MonuA_0_Content;I was called upon to make my choice between secrecy and the unknown.<br /><br />If I chose to focus on Utopian Experiments and conceal the time machine, the townspeople may be slightly harder to please, but I would ensure stability and have time to devise a new schematic.<br /><br />However, if I were the <b>only one</b> to release the time machine schematics, I would receive extra glory. This choice would definitely cause a completely random special event to occur. It might be really good, really terrible, or somewhere in between.<br /><br /><b>The decision was easy. We should:</b>
MonuA_0_Content1;<link=0>Focus on Utopian Experiments and keep the schematics hidden.</link><br /><br /><link=1>Release the Time Machine schematics to the general public.</link>
MonuB_Title;Fate of Time
MonuB_0_Content;I was called upon to make my choice between secrecy and the unknown.<br /><br />If I chose to focus on Utopian Experiments and conceal the time machine, the townspeople may be slightly harder to please, but I would ensure stability and have time to devise a new schematic.<br /><br />However, if I were the <b>only one</b> to release the time machine schematics, I would receive extra glory. This choice would definitely cause a completely random special event to occur. It might be really good, really terrible, or somewhere in between.<br /><br /><b>The decision was easy. We should:</b>
MonuB_0_Content1;<link=0>Focus on Utopian Experiments and keep the schematics hidden.</link><br /><br /><link=1>Release the Time Machine schematics to the general public.</link>
MonuC_Title;Fate of Time
MonuC_0_Content;I was called upon to make my choice between secrecy and the unknown.<br /><br />If I chose to focus on Utopian Experiments and conceal the time machine, the townspeople may be slightly harder to please, but I would ensure stability and have time to devise a new schematic.<br /><br />However, if I were the <b>only one</b> to release the time machine schematics, I would receive extra glory. This choice would definitely cause a completely random special event to occur. It might be really good, really terrible, or somewhere in between.<br /><br /><b>The decision was easy. We should:</b>
MonuC_0_Content1;<link=0>Focus on Utopian Experiments and keep the schematics hidden.</link><br /><br /><link=1>Release the Time Machine schematics to the general public.</link>
MonuD_Title;Fate of Time
MonuD_0_Content;I was called upon to make my choice between secrecy and the unknown.<br /><br />If I chose to focus on Utopian Experiments and conceal the time machine, the townspeople may be slightly harder to please, but I would ensure stability and have time to devise a new schematic.<br /><br />However, if I were the <b>only one</b> to release the time machine schematics, I would receive extra glory. This choice would definitely cause a completely random special event to occur. It might be really good, really terrible, or somewhere in between.<br /><br /><b>The decision was easy. We should:</b>
MonuD_0_Content1;<link=0>Focus on Utopian Experiments and keep the schematics hidden.</link><br /><br /><link=1>Release the Time Machine schematics to the general public.</link>
MonuE_Title;Fate of Time
MonuE_0_Content;I was called upon to make my choice between secrecy and the unknown.<br /><br />If I chose to focus on Utopian Experiments and conceal the time machine, the townspeople may be slightly harder to please, but I would ensure stability and have time to devise a new schematic.<br /><br />However, if I were the <b>only one</b> to release the time machine schematics, I would receive extra glory. This choice would definitely cause a completely random special event to occur. It might be really good, really terrible, or somewhere in between.<br /><br /><b>The decision was easy. We should:</b>
MonuE_0_Content1;<link=0>Focus on Utopian Experiments and keep the schematics hidden.</link><br /><br /><link=1>Release the Time Machine schematics to the general public.</link>
MonuRes_Title;{{0=?|A Bend Towards Chaos|A Secure Future}}
MonuRes_Content;{{0=?|To hell with academia! I was not afraid of some minor fourth-dimensial tampering. Would it not be immoral to refuse all persons the basic human right to alter their own fate? I would unlock and disperse the secrets of creation no matter what horrors lay before me.<br /><br />Publishing the means to construct a time machine to the general public was a calculated move that even the most daring polymath wouldn't be brave enough to make. My family would leave an indelible mark on the timeline of the cosmos regardless of the anarchic course that now lay ahead.|Bold as it would have been to openly allow the public to source parts and make their own journey through time, the potential time loss was too great to ignore. With the future already at my fingertips, there was no need to ride the waves of chaos. With the precision of a potter molding clay at the wheel, I would design a perfect world.}}<br /><br />Because of our decision, the town has seen the brilliance of our vision and will honor the best amongst us appropriately with a special monument.
ParadoxRandoEvent_Title;The Consequences of Free Time Travel
ParadoxRandoEvent_Content;The fools! The absolute imbeciles! The diabolical currs! My cousins knew there could be dire consequences for allowing time travel to become accessible to almost anyone, and now I would be forced to abide the random effects of a force unknown.
ParadoxRandoEvent_Content1;<link=0>Click to create a new paradox!</link>
ParadoxTimeRandom_Title;{{0=|A Surge of Productivity|A Clarity of Purpose|None Left Behind|Future Notes|Trust and Benevolence|A Return to Suspicion|Targeted|Utter Catastrophe}}
ParadoxTimeRandom_Content;{{0=|The time device proved to be invaluable for productivity. While the general populace squabbled over self-interests, creating and destroying the countryside in equal measure with varying degrees of incalculable existential horror, I was generally left to my leisure in solitude with my spouse and servants.<br /><br />One flick of an electrical switch and the copper fixtures of the device sent me back to the moments before a failed experiment. I soon became acquainted with visitations from myself, even sharing tea with several versions of my person to talk over and revise a particularly difficult thesis. While the process aged me quicker than desired, the ingredients it saved and the excellent conversation proved well worth it.|Technological advancement retrieved from the future, the stability offered by knowing you can change your past, the ability to travel backwards in time to guide one's self away from a rough day ahead - general access to a time machine could lift a near Utopia right to the edge of perfection!<br /><br />While I was somewhat disappointed in the lack of chaos, I was ecstatic at the reaction of the university elite. Our decision had such a positive effect on the world, it made the academics positively seethe! Those furrowed brows and anxious worry lines grafted onto their imbecilic faces made the outcome of this rash decision a joy to behold. It wasn't long before this joy gave way to clarity of purpose. I felt reinvigorated, hoping each day that my next experiment would evoke the same horrific response.|If I were to forgo humility for a moment and describe one of my most favorable traits, I am a creature of infinite patience. So, I watched as the first experiments in time alteration bore miniscule results and continued in my tasks without paying them much heed. Like all initial fascinations, the wave of interest in manipulating fate slowly gave way to other technological distractions and time machines became popular children's toys around the holidays.<br /><br />I cannot recollect the moment when I noticed it, perhaps it happened naturally, but as the timeline shifted ever so slowly, it appeared that the forces aligning the cosmos preferred stasis over the whims of chaos. With each passing season, the studious gap between myself and my cousins seemed to edge ever closer.<br /><br />And though I abhorred the thought of intervention from forces outside of my understanding, I cannot say that I did not relish my stoicism being rewarded.|There are narrative consequences for unleashing a Time Machine into the wild, and the devastation is too far-reaching for one single paragraph in a mad scientist's memoir to detail. However, it has <b>no effect on gameplay</b> and therefore will be omitted.<br /><br />It is better to write these words now in anticipation of the game, My Father's Work, which will see release in 2022 and detail the historical events of my family. I've played it a few times during my travels and while I wish it had a solo version, it's still very good.<br /><br />Perhaps history will no longer align with the narrative presented in the game and this paragraph will seem oddly out of place. Ah, such is the confounding nature of time travel.|The people have developed a sense of trust and acceptance for my work after the unmitigated success of the time altering apparatus. Trust and acceptance? I grapple with this concept with many of my waking hours. Even on the days where I feel emboldened to venture backwards into the timestream to undo this stomach-turning adoration, some peon in the village simply undoes my work.<br /><br />My beautifully macabre estate is now looked upon with exuberance by tourists to the region. Tourists! By god, this will make pushing the boundaries of ethical imagination nearly impossible! I must break through this irrational barrier of love and generosity before it stifles my work!|How could they accuse us of sedition? The Time Machine was my family's gift to all of humanity and yet they call it willfully negligent and unethical!<br /><br />Do we blame Prometheus for every home burnt to the ground because of the invention of fire? Is the zoetrope responsible for every detestable piece of film created after it? Should we ban perfumes and colognes for their ability to more fervently entice couples into intimacy? It is only natural that the most important discoveries carry with them a modicum of insidious potential.<br /><br />It is absurd that a correlative effect is so readily pinned upon me. Yet, their superstitions have once again returned!|They discovered who did it. Hungarian government tracked it.<br /><br />Perhaps it was easy to discern this information as every pamphlet, editorial, journal, and detailed blueprint was signed in bold ink. It was all for naught as well. The Hungarian government quietly tracked each copy down with the assistance of the scientific community, and secured this knowledge for themselves alone.<br /><br />My family's decision to disseminate this information had dire consequences for those that chose this path. Their Masterwork was rendered pointless to complete as it would be confiscated immediately by police force emboldened by access to the time stream. Fortunately, those that decided to remain silent could not be implicated merely by association and remained free to continue their work.|There is always a cycle of destruction and renewal with every major epoch in the world's history, and this would probably be seen as a minor stumbling block in the overall chronology of events. With the ease of general access to a device that had the power to bend time and space around it, it was soon discovered that the average individual may have lacked the self-control and intelligence required to prevent the catastrophic destruction of nearly every living thing in Eastern Europe.<br /><br />Owning an Estate made of stone, looming high above the valley, I was able to retain most of my possessions. Although the air was now tinged with a hint of sulfur and resources were a touch harder to procure.<br /><br />This was a minor setback.}}
ParadoxEvent_Title;{{0=?|Monument to Progress|Rebuilding}}
ParadoxEvent_Content;{{0=?|The town offered a token of their appreciation for setting their trajectory towards a Utopian future.|With no monument built, the remaining people in the region set to the unfortunate task of reconstructing a landscape torn apart by time paradoxes and interdimensional beings.<br /><br />It was a bitter pill to swallow. I had done so much - given so much of myself. To receive no reward for offering the gift of time travel to the world - despite the total and utter chaos it affected - tainted my otherwise impeccable reputation.}}
ATOW_Title;A Time of War
COWRes_Content;Tally the vote count <i>(if there is a tie, the outcome is <b>benevolence</b>)</i>.<br><br><b>Please choose the outcome of your vote:</b>
CommemorativeSignIn_Content;It was both a marvelous testament to the scientific spirit and a bitter eyesore sculpted from marred stone by amateur architects. My humility would not allow me to view it in a truly positive light. Yet, as frivolous as it was, it was vital in imprinting the legacy of my most revered family upon the region.<br><br><b>Which player visited the Commemorative Statue today?</b>
MonarchReign_Church_Content;Visit the Local Church to atone for sins and reduce Creepy.
MonarchReign_Church_Title;Local Church
MonarchReign_MostDecrees_Content;{{2=?|The player who makes the most decrees will gain a <b>bonus</b> at the End of the Generation.|The player who makes the most decrees that {{1=?|aided the people|hurt the people}} will gain a <b>{{0=decbon}}VP bonus</b> at the End of the Generation.}}
MonarchReign_MostDecrees_Title;Most Decrees
MonarchReign_RoyalDecree_ClickHere;click here to make a royal decree.
MonarchReign_RoyalDecree_Content;The Monarchy is likely to listen to those who are generous. When a player visits the <b>Regional Advisor</b> and pays $1,
MonarchReign_RoyalDecree_Title;Royal Decree
MonarchReign_RoyalEye_Content;Any player with a <icon=Creepy_Icon> Marker on their Score Track Marker, <b>loses 1VP</b> whenever they gain <icon=Creepy_Icon>.
MonarchReign_RoyalEye_Title;Royal Eye
MonarchReign_RoyalsTakeNotice_ClickHere;click here for the negative consequence they must endure.
MonarchReign_RoyalsTakeNotice_Content;If a player ever overlaps or exceeds the <icon=S3_CrownToken> token on the <icon=Creepy_Icon> Track,
MonarchReign_RoyalsTakeNotice_Title;Royals Take Notice
MonarchReign_Shadow_Content;At the End of the Generation, the player(s) closest to the <icon=S3_CrownToken> token on the <icon=Creepy_Icon> Track without overlapping or exceeding it will <b>gain 6VP</b>.
MonarchReign_Shadow_Title;Like a Whispering Shadow
MonarchReign_WeaponBonus_Content;{{0=?|<icon=S3_WeaponToken> tokens can be spent like money to pay for any costs. Each <icon=S3_WeaponToken> token is worth $1.|Each <icon=S3_WeaponToken> token is worth 1VP at the End of the Generation.}}
MonarchReign_WeaponBonus_Title;Weapon Token Bonus
Peace_End_Content;When all players are ready, click below to proceed to the next round.
Peace_End_Title;Continue to Next Round
PlayerScoreName_Content;Enter final score for <b>{{0=playerName}}</b>:
PromptNextTieBreakerMoney_Content;Enter remaining money for <b>{{0=playerName}}</b> to break the tie:
Reign10_0_Content;As the royal family's favored advisor, my trip to Budapest included an opportunity to attend to a crisis amongst the peasantry.<br><br><b>The choice became clear to me after a momentary deliberation. I chose:</b>
Reign10_0_Content1;<link=0>I took the side of the people.</link><br><br><link=1>To hell with the people.</link>
Reign1b_Title;Thanks from the Advisor
Reign2b_Title;A Note of Thanks
Reign3b_Title;Thanks Are in Order
Reign4b_Title;Thanks Are in Order
Reign6b_Title;Thank You
Reign7b_0_Content;{{0=crownL}} {{1=ch1}}<br><br><i>Reminder: The <icon=S3_CrownToken> token can only move into numbered spaces on the track. If a movement would cause it to move into the start or end space, this movement is ignored.</i>
Reign7c2_0_Content;{{0=crownR}}<br><br><i>Reminder: The <icon=S3_CrownToken> token can only move into numbered spaces on the track. If a movement would cause it to move into the start or end space, this movement is ignored.</i>
Reign8b_Title;Thanks from the Advisor
ReignIntro_Content;{{0=?|The royal advisor had anticipated my visit and breathed a sigh of relief when I entered. Clearly the responsibility did not suit him. I was all too happy to encourage that attitude.|The new Unified Monarchist building felt distinctly out of place in the town center - as distant in tone and architecture as the royal capitol from the countryside. The royal advisor himself was similarly off kilter. He was a portly man of considerable age with a gray moustache, stiff and twirled. His bright clothes ballooned in all directions.}}<br><br>I had sent a brief correspondence in advance, so I signed the guest book and entered quickly with practiced etiquette.<br><br><b>Please click on your name:</b>
RoyalPriceisRight_1_Content;Turn to page <b>9</b> of the Village Chronicle.{{0=?|<br><br>Then, since this is a 3 player game, pass the starting player marker clockwise 1 additional time.|}}
CostStick1_0_Content;Any player who has a <icon=S3_WoodenFigureToken> token returns it to the Scenario box and <b>gains $2</b>.
FigureontheTrackIn_1_Content;Place the Storybook device back where all players can see it. Click to continue.
FigureontheTrackIn_Content;Pass the Storybook device to the player with the <b>{{0=figure}}</b> token.
FigureontheTrackInb_0_Content;Remove the Suspicion Marker and <icon=AngryMob_Icon> Marker from the <icon=Creepy_Icon> Track. The player with the {{0=figure}} token places it on space <b>{{1=accolade}}</b> of the <icon=Creepy_Icon> Track.<br /><br />The first time a player's marker ever reaches or exceeds the <b>{{0=figure}}</b> token, <b>{{2=?|they may immediately build a Vanity Estate Upgrade of their choice|they may immediately take a Perform Experiment action}}</b>.
FutureStick_0_Content;Any player who has a <icon=S3_WoodenFigureToken> token returns it to the Scenario box and takes an <b>Advanced Ingredient</b> of their choice.
Late2ResA_0_Content;Each player gains 2 Resources (of any type) from the supply and adds them to their Quarters.
MonuRes_0_Content;Retrieve the <b>In Memoriam</b> Estate Upgrade and place it face-up near the Village Chronicle.<br /><br />{{0=summary}}
NobodyFigures_0_Content;Remove the Suspicion Marker and <icon=AngryMob_Icon> Marker from the <icon=Creepy_Icon> Track. Retrieve the {{0=figure}} token and place it on space <b>{{1=accolade}}</b> of the <icon=Creepy_Icon> Track.<br /><br />The first time a player's marker ever reaches or exceeds the <b>{{0=figure}}</b> token, <b>{{2=?|they may immediately build a Vanity Estate Upgrade of their choice|they may immediately take a Perform Experiment action}}</b>.
ParadoxEvent_0_Content;The player who has {{0=?|moved the furthest along the <icon=Insanity_Icon> Track|most completed Utopian Experiments}} <b>gains the In Memoriam</b> Estate Upgrade. <i>If there is a tie, the one with the fewest VP receives the tile.</i>
ParadoxFirst_0_Content;Retrieve the <b>Giant Masterwork</b> Experiments. Each player retrieves the matching Giant version of their Masterwork and returns their original Masterwork to the box. Any newly drawn Masterworks will now be chosen from their Giant versions.
ParadoxGiantCheck_Title;Giant Masterwork Check
ParadoxGiantCheck_Content;How many players completed their <b>Giant Masterwork</b>?
ParadoxGiantCheck_Content1;<link=0>0</link><br /><br /><link=1>1</link><br /><br /><link=2>2</link><br /><br /><link=3>3</link><br /><br /><link=4>4</link>
ParadoxTimeRandom_0_Content;{{2=|All players <b>draw a C-level Experiment</b> and immediately place it into their <b>Stored Experiments</b>. Do not gain any VP, penalties, or rewards for this experiment. It counts as a Completed C-level Experiment.|All players immediately move their <icon=Insanity_Icon> marker to the starting space. Then, all players gain 1 Compulsion.|Each player immediately <b>gains 2VP for each other player token</b> ahead of them on the VP track.|Nothing happens. However, the emotions the players feel at this lack of chaos affecting the game is very real, I'm sure.|All players <b>lose</b> 1 <icon=Creepy_Icon> for each Estate upgrade with a <icon=Creepy_Icon> on it. <i>If this would cause a player to retreat to the left past the {{0=figure}} token, they must return a Vanity Estate Upgrade to the supply.</i>|Retrieve the Angry Mob marker and place it on the space on the Creepy Track with the {{0=figure}} token. Then return the {{0=figure}} token to the scenario box. The original Angry Mob rules are in effect again.<br /><br /><i>If any player has already reached or exceeded this space on the Angry Mob track, they must return a Vanity Estate Upgrade to the supply.</i>|{{1=targeted}}<br /><br />Any player with a face-down Masterwork can no longer complete it this Generation. <i>If you have already completed it, immediately lose an amount of VP equal to the completion value on the front side and gain 3 Resources (ingredient, knowledge, or money) from the supply.</i>|Turn to page <b>22</b> of the Village Chronicle.<br /><br />Return the <b>In Memoriam</b> upgrade tile to the scenario box. Return the <b>{{0=figure}}</b> token to the scenario box.}}
Paradox_AngryMobReturn_Title;Angry Mob Return
Paradox_AngryMobReturn_Content;All <icon=AngryMob_Icon> icons are in effect once again. As normal, if a player meets or exceeds the Angry Mob token on the Creepy Track, they cannot perform actions in Town.
Paradox_End_Title;Continue to Next Round
Paradox_InMemoriamDestroyed_Title;In Memoriam
Paradox_InMemoriamDestroyed_Content;With the near-total destruction of {{0=townname}}, there is no one available to honor scientific achievement. <b>This will no longer be awarded</b>.
Paradox_InMemoriam_Title;In Memoriam
Paradox_InMemoriam_Content;With our brand of ethically dubious science now considered a legitimate classification of study, the city council would like to build a memorial. <b>{{0=?|The player who has moved the furthest along the <icon=Insanity_Icon> Track|The player with the most completed Utopian Experiments}}</b> at the end of the Generation will gain this tile for no cost. <i>If there is a tie, the one with the fewest VP receives the tile.</i>
Paradox_ScienceAtAnyCost_Title;Science At any Cost
Paradox_ScienceAtAnyCost_Content;Ignore any <icon=AngryMob_Icon> icons. The {{0=figure}} token remains in the same spot for the entire Generation. The first time each player reaches or exceeds the <b>{{0=figure}}</b> token, <b>{{1=?|they may immediately build a Vanity Estate Upgrade of their choice|they may immediately take a Perform Experiment action}}</b>.
Paradox_Setup_Title;SETUP
Paradox_Setup_Content;Turn to page <b>15</b> of the Village Chronicle.{{0=?|<br /><br />Then, since this is a 3 player game, pass the starting player marker clockwise 1 additional time.|}}
Paradox_Technician_Title;Technician
Paradox_Technician_Content;When visiting the <b>Technician</b>, you may pay 1 basic Ingredient to gain the matching <b>Advanced Ingredient.</b> This trade can only be performed once per action.
Paradox_Title;Forward to Progress
Paradox_University_Title;University
Paradox_University_Content;When you visit this location, pay $1 to gain a Caretaker from Lost.
Paradox_University_ClickHere;Click here for a detailed explanation.
Paradox_Utopian_Title;Utopian Experiments
Paradox_Utopian_Content;A new set of Experiments are available for players to complete. They may be drawn whenever any action would allow a player to draw new Experiments.
Paradoxical_0_Content;Retrieve the <b>Time Paradox</b> cards and shuffle them into a face-down deck. Each player draws a <b>Time Paradox</b> card for <b>each</b> <icon=S3_ParadoxToken> token in their possession.<br /><br />While most <b>Time Paradox</b> cards have a negative effect and are resolved immediately, some <b>Time Paradox</b> cards have special effects and must be kept face-up for the remainder of the Generation.
TimeTravelEvent_0_Content;Return the <b>Time Machine Repair</b> cards to the Scenario box.<br /><br />Retrieve the <b>Utopian Experiments</b> from the Scenario box. Shuffle them face-down and place them nearby to form a deck.<br /><br />Each player then <b>draws 1 Utopian Experiment</b> and adds it to their hand.
TimeTravelEventb_0_Content;Retrieve the <b>Advanced Ingredient</b> tokens and form a supply in reach of all players.<br /><br />When visiting the <b>Technician</b>, you may pay 1 basic Ingredient to gain the matching <b>Advanced Ingredient.</b> This trade can only be performed once per action.
CostStick2_0_Content;Any player with a <b>Wooden Figure</b> token returns it to the Scenario box and the <b>Storage Shed</b> has no effect for them at the start of this Generation.
CostStick2_Content;I could not determine why I had held onto such a grotesque, amateurish item. However, although I had no scientific basis for the assessment, its presence appeared to provide an aura of ill fortune. My endeavours suffered and frustrations at my lack of productivity became a destructive force. I cast the figure into the fireplace in a fit, but the essence remained.
CostStick2_Title;Ill Fortune
CostStick_0_Content;Any player with a <icon=S3_WoodenFigureToken> token returns it to the Scenario box and <b>gains 1 Resource</b> of their choice.
CostStick_Content;I could not determine why I had held onto such a grotesque, amateurish item. However, although I had no scientific basis for the assessment, its presence appeared to provide an aura of good fortune. My endeavors were more easily bolstered and my resolution firmer upon viewing it.
CostStick_Title;Good Fortune
Late2ResB_0_Content;Each player <b>gains 2 Resources (of any type)</b> from the supply and adds them to their Quarters.
Late2ResB_Content;For some reason which was never fully explained to me - I assumed it was my family's willingness to <b>fully and silently collaborate</b> in the past - the villagers were even more jovial and accepting of me continuing the important work left to gather dust for so many years. They even opened their coffers to me.<br /><br />It would have been uncouth of me not to accept their generosity despite, and I assure you of this fact, my considerable and self-made wealth.
Late2ResB_Title;Gift of Silence
OldManNo_0_Content;<b>Discard an Experiment card from your hand.</b>
OldManNo_Content;It was both a letter from the future written on bright, bleached stationary of an exceedingly fine consistency: and yet somehow also a ragged note scrawled in blood on a sheet of papyrus. I became fixated upon the deciphering the cryptic passages from two different times, spending countless hours attempting to stabilize it in some way.<br /><br />But the task proved too daunting and too vexing to complete! I threw it into the fires of my hearth in exasperation, only to watch it burn and cool itself in an endless loop. I lost much time and attention with my emotional reaction and I knew I should not have allowed the paradox to displace my emotions so boldly!
OldManNo_Title;No Consequence
OldManToken_0_Content;One morning under a swirling green sky, as I considered the viability of electrical conductivity for use as an incision tool in surgery, the caretaker discovered a small letter wrapped in twine upon my doorstep. As I hastily opened the note, it seemed to flicker wildly as if the time stream were resisting my actions.<br /><br />"Which flag do you fly?" <i>Which Flag token do you have?</i>
OldManToken_0_Content1;<link=0>Separatists</link><br /><br /><link=1>Unified Monarchists</link>
OldManToken_Content;Carefully give this Storybook device to the player with the <b>{{0=figure}}</b> token and do not allow any other players to see the screen.
OldManToken_Title;Secret Note
OldManYes_0_Content;Place the {{0=figure}} token near your Estate Affairs action. <b>When you take the Estate Affairs action to draw cards, do not discard.</b>
OldManYes_Content;It seemed completely out of place to receive a letter detailing my grandparents significant impact within the resistance forces. The results spoke for themselves.<br /><br />Upon unfolding the letter, I was surprised by its suddenly smooth surface and I dropped it onto the stone floor. While the words were still visible, they appeared to illuminate themselves from behind a clear pane of now fractured glass. When I lifted it again, the text scrolled with the motion of my thumb and a near endless supply of words were revealed to me. With this strange, future, electronic, mail in my laboratory I had no shortage of ideas!
OldManYes_Title;Underground Contacts
Stasis_0_Content;The player who completed their Masterwork <b>gains 5VP</b>.<br /><br />Each player <b>gains 1 <icon=Bodies_Icon></b>.
Stasis_Content;I felt the fiber of my being congeal from an oscillating tension I had endured for so long that my blood could no longer perceive it. The sky remained red for a brief moment, a faint electronic chord sounded, and neon grid-like lines flashed through all the objects in the world before disappearing once again. The time-loop had been closed.<br /><br />As expected, as soon as the deed was completed, the original time traveling {{0=|couple|trio|quartet}} returned once again: or in this case, for the first time. They seemed oblivious to what had transpired in the past or how my cousins and I viewed them as the cause of decades of suffering and interruption.<br /><br />Elderly as they were, they were easily dispatched.<br /><br />I messaged my cousins, declaring that the time machine was secured. They seemed grateful that peace had finally been restored and nothing more would interrupt our important work.
Stasis_Title;Timeline Stabilized
TimeWarp1st_Content;The sky cast a crimson glow upon the stone walls of my estate. I felt the air crackle with energy once again.
TimeWarp1st_Title;Time Shifts
TimeWarp2_0_Content;<b>All players retrieve ALL their pieces from Lost</b> as their servants from the multiverses reappear to provide assistance.
TimeWarp2_Content;Whether my cousins and I dallied too long amongst the bounties of this alternate timeline or the universe required a reset, the mangled time-stream continued onward with or without my intervention.<br /><br />The sky cast a crimson glow upon the stone walls of my estate. I felt the air crackle with energy once again.
TimeWarp2_Title;Time Shifts Naturally
TimeWarp_0_Content;<b>Lost in Time</b> - All player pieces are removed from the Town board and placed in Lost.<br /><br />The player who took the action that triggered this Time Shift <b>gains {{0=bonusVp}}VP</b>.
TimeWarp_Content;{{0=|I could see a rift - a shimmering slice in the fabric of time - open up before me.|After conducting my business, I felt the Earth tremble beneath my feet. My blood vessels pulsed, bulging varicose above my straining muscles as an unseen force seemed to press upon me.|A bolt of lightning carved through the pathway ahead, sending my carriage to an abrupt halt. The air swirled into a violent tornado around me.|My stomach fell. A lump caught in my throat.}}
TimeWarp_Title;Time Shifts
Warning1_Title;A Dire Warning
Warning2_Title;The Timeline Shifts
WarningEvent2_Content;The sky no longer glows crimson as we arrive in this timeline. Is it possible that we have returned to our original timeline, or close enough given the intricacies of time travel?<br /><br />However, with the fabric of time rehealing itself, we realized that only a constant in our generational ambitions would solidify the timeline:<br /><br /><b>We must finish our Great-Grandfather's Masterwork!</b>
WarningEvent2_Title;A Semblance of Stasis
WarningEvent_Content;In a brief instant, the trajectory of the universe shifted. I am not sure if anyone will ever read these words, as even now they flutter in and out of existence on the page.<br /><br />While enjoying a friendly sitting room conversation in the company of my cousins, our teacups were rattled by some unknown force. With a blinding flash, a curious, metal, box-like device appeared before us, sparks and embers swirling in the resultant wall of dust.<br /><br />Suddenly, the door burst open and the body of a reptilian beast sliced through the fog: its eyes a glossy white. It fell to the singed carpet, lifeless, its neck sliced open yet cauterized, though a fresh burst of dark blood pooled onto the stone beneath it. Could it be? A dinosaur?<br /><br />A white-haired woman emerged from the chemical mist, clutching her side. The elderly lady was dressed in metallic attire that was both intriguing and exotic. The shiny material was frayed as though some impossibly large claws had shredded it, while splatters of liquid (much of it dark red) adorned her outfit. Behind her, {{0=|another scientist|two other scientists|three other scientists}} emerged from the wreckage.
WarningEvent_Title;The Time Travelers Appear
WarningIntro_Content;Years passed as the world recovered from the devastation of the Great War. Our cousins had warnings passed down in the journals from the previous generation. They spoke of a horrifying cataclysm that would tear the very fabric of time and space apart.<br /><br />Determined to prevent this bleak future, we studied the cryptic notes left behind by our predecessors, preparing ourselves for what was to come.
WarningIntro_SubTitle;Years Later...
WarningMaybe_0_Content;Each player may decide to discard any Utopian Experiments from their hand. For each Experiment discarded, you may draw 1 Experiment to replace it from the deck of your choice.
WarningMaybe_Content;In the weeks previous, I had felt a strange premonition. As was sometimes the case when an inquisitive townsperson visited the grounds or a courier who delivered a sensitive parcel to my door in the evening became too friendly, I would hastily conceal my workspace and destroy anything that revealed too much. But, this was... different.<br /><br />Things were about to change and I would not be left witless and unable to progress further in my work.<br /><br /><b>WARNING: You will not be able to gain new Advanced Ingredients until the timeline is restored. <i>This may never happen.</i></b>
WarningMaybe_Title;One Last Opportunity
WarningWarEnding_Content;As a brief consideration for those who may read these words and perceive a gap in the narrative of my family's lineage, I will address the period of civil war that was mentioned so often a full generation previous.<br /><br />Though details about this minor conflict are sparse, I could discern that {{1=?|the {{0=warwinner}} were able to use public pressure to establish a republican house with only minor skirmishes and rebellions along the way. Working in tandem with a figurehead monarchy, a democratic process was enacted.<br /><br />Decidedly trivial and woefully boring, I could not understand my family's fascination with the events. Suffice to say, it had minimal effects on my current state.|the {{0=warwinner}} were able to quash the minor events of the 1860's and 70's, easing minor taxation grievances and relegating this civil war to a few muckraking, sensationalist headlines in the emerging newspapers.<br /><br />In fact, it was so difficult to find materials related to the disagreement that I could not understand my family's fascination with the events. Suffice to say, it had minimal effects on my current affairs.}}
WarningWarEnding_Title;The War?
Warning_Cont17Act_ClickHere;Click here to change the world...
Warning_Cont17Act_Content;When a player completes an action at the <b>Park</b> location:
Warning_Cont17Act_Title;Visit the Park
Warning_Cont17Desc_Content;While some of the village lay in ruin, a deep green moss covered most of it, giving the stone a calming natural quality. In fact, the entire town seemed to be seething with this growing mossy floor while the townspeople seemed eerily serene. Patches of moss grew on the skin of passersby, and it all seemed to emanate from a golden statue at the center of the <b>Park</b>.
Warning_Cont17Desc_Title;Peaceful Green
Warning_Cont18Act_ClickHere;Click here to change the world...
Warning_Cont18Act_Content;When a player completes an action at the <b>Bank</b> location:
Warning_Cont18Act_Title;Visit the Bank
Warning_Cont18Desc_Content;The world has changed again and we get the impression that the author of this game hasn't written the description for this part and probably never will. In fact, he specifically requested the page be intentionally unfinished a full year before writing anything here. If you've flipped through the pages of the Village Chronicle, you were probably confused by this page already.<br /><br />{{0=|We feel the emotional weight of six years of developing this game and writing it all by hand resting on our shoulders. 'They better like it.' A voice whispers. It is the game designer again, self-inserting, which is kind of a hack move.|'I think an empty page is exactly what we need right now. Maybe this is a chance to recognize that we're all aimlessly trudging forward through the void. Maybe there's a deeper meaning to it all and we should take a moment to discuss it. Board games just aren't what they used to be. Why do they need electronic apps? Perhaps it's best if we visit the bank and get out of here before the game designer starts acting even more like a hipster.'}}
Warning_Cont18Desc_Title;Breaking the 4th Wall
Warning_Cont19Act_ClickHere;Click here to change the world...
Warning_Cont19Act_Content;When a player completes an action at the <b>Church</b> location:
Warning_Cont19Act_Title;Visit the Church
Warning_Cont19Desc_Content;Upon first glance, it seems as if the town sits in a peaceful state, with manicured lawns and neighborly townsfolk. However, they are a bit <i>too</i> neighborly. Everyone is smiling all of the time, walking at a leisurely pace, waving whenever you make eye contact. Everyone attends church services regularly and it does not seem to matter what denomination, because everyone worships some strange geometric shape that hovers several meters above the altar.
Warning_Cont19Desc_Title;Too Perfect
Warning_Cont19Rule_Content;We felt a deep lethargy overtake us anytime we attempted experimentation in such a perfect environment. You must assign <b>2</b> legal pieces in order to take the <b>Perform Experiment</b> action.
Warning_Cont19Rule_Title;Science is Stressful
Warning_Cont20Act_ClickHere;Click here to change the world...
Warning_Cont20Act_Content;When a player completes an action at the <b>Town Hall</b> location:
Warning_Cont20Act_Title;Visit the Town Hall
Warning_Cont20Desc_Content;Everyone in the town was extremely jovial and greeted us with wide-eyed enthusiasm. The modern society stunned us with its glass buildings, bronze fixtures, and steel architecture. However, the hissing whirr of a steam-powered device suddenly broke the illusion. Along every street corner was a mechanical contraption that swiveled, seemingly following our every move. We felt a unique tension in the air, as if our every move was being watched and criticized.
Warning_Cont20Desc_Title;Big Brother
Warning_Cont21Act_ClickHere;Click here to change the world...
Warning_Cont21Act_Content;When a player completes an action at the <b>Blacksmith</b> location:
Warning_Cont21Act_Title;Visit the Blacksmith
Warning_Cont21Desc_Content;We arrived at an astonishing underwater village. The sturdy glass fixtures surrounding the village created a pressurized chamber that kept the floating phosphorescent sea creatures from entering. We marveled at the engineering required to create such a brilliant enclosure and even considered staying until we realized that all the townsfolk were eating insects by flinging their sticky tongues into the air.
Warning_Cont21Desc_Title;Amphibious
Warning_Cont22Act_ClickHere;Click here to change the world...
Warning_Cont22Act_Content;When a player completes an action at the <b>Bunker</b> location:
Warning_Cont22Act_Title;Visit the Bunker
Warning_Cont22Desc_Content;We were immediately accosted by a moldy leathery stench that festered in our nostrils like burning sulfur from the tip of a match. The air was hot, the entire town deserted as if it had never existed. We were surprised to find our estates left relatively untouched, though palm trees and jungle vines now covered the exterior gardens.<br /><br />Suddenly, a thunderous noise erupted, reverberating against the stone walls. In the distance, we watched as towering beasts of the Mesozoic Era roamed across the dusty plains. The tyrannosaurus stalked its prey, its face glimmering brightly like a bronze statue. Moments later, a bright laser burst from its eye-socket, singling out a lone brachiosaurus from the herd and cutting it in twain.<br /><br />As the biomechanical menace masticated its freshly charred meal, we determined that this may be a rather difficult environment in which to continue our experiments.
Warning_Cont22Desc_Title;Age of the Dinosaurs
Warning_End_Title;Continue to Next Round
Warning_MasterworkStasis_ClickHere;Click here to pacify the timestream.
Warning_MasterworkStasis_Content;When a player completes a Masterwork this Generation,
Warning_MasterworkStasis_Title;My Great Grandfather's Masterwork
Warning_Perseverance_Content;No changes have occurred to the town. Players may continue with their experiments as normal.
Warning_Perseverance_Title;Perseverance
Warning_SetupCont_Content;Turn to page <b>{{0=cont}}</b> of the Village Chronicle.
Warning_SetupCont_Title;SETUP
Warning_SetupEarly_Content;Turn to page <b>16</b> of the Village Chronicle.{{0=?|<br /><br />Then, since this is a 3 player game, pass the starting player marker clockwise 1 additional time.|}}
Warning_SetupEarly_Title;SETUP
Warning_SetupStasis_Content;Turn to page <b>16</b> of the Village Chronicle.
Warning_SetupStasis_Title;SETUP
Warning_Technician_Content;Players have a permanent bonus Servant - the Technician. For the rest of the game, players treat the Technician as one of their Servants during the game, EXCEPT this Servant cannot be Lost! If an effect would cause this Servant to be Lost or sent Back From the Brink, ignore it (you may place them directly in your Quarters instead). Furthermore, this Servant ignores the <icon=Insanity_Icon> gain from any source and does not require returning to Quarters at the end of a round when placed in the Town!
Warning_Technician_Title;Technician
Warning_University_ClickHere;Click here for a detailed explanation.
Warning_University_Content;When you visit this location, pay  to gain a Caretaker from Lost.
Warning_University_Title;University
Warning_UtopianShift_Content;A new set of Experiments are available for players to complete. They may be drawn whenever any action would allow a player to draw new Experiments.
Warning_UtopianShift_Title;Utopian Experiments
Warning_Utopian_Content;The experiments from the future cannot be solved until a higher level of Knowledge is acquired. To complete a Utopian Experiment, you must substitute a light bulb token of the same type as any of the Knowledge icons required instead of the normal requirement. Because you are substituting an entire requirement, that requirement is considered fulfilled with just the single light bulb token! Light bulbs are returned to the supply just like other ingredients.
Warning_Utopian_Title;Utopian Experiments
WhoopsUtopian_0_Content;Return the <b>Time Machine Repairs</b> cards to the Scenario box.<br /><br />Retrieve the <b>Utopian Experiments</b> from the box. Shuffle them face-down and place them nearby to form a deck.<br /><br />Each player then <b>draws 1 Utopian Experiment</b> and adds it to their hand.
WhoopsUtopian_Content;While the journal of my parents was an astonishing discovery in itself, I did not realize that the true revelation would arrive several weeks later when I rifled through the pages willed to me. I suspect that you may assume that my memory had slipped or that I had not been thorough in my studies of those browning pages locked within the cellar laboratory, but I swear by my blood to be true.<br /><br />I had read over the myriad notes and journal entries so many times that I had memorized their contents, yet one afternoon when I turned to a central page, several pristine and folded pieces of parchment fell to the floor. A faint and acrid scent of burnt oil wafted from the papers, which each detailed a new, amazing schematic for devices far more advanced than any I had ever perceived possible.
WhoopsUtopian_Title;The Future is NOW
WhoopsUtopianb_0_Content;Retrieve the <b>Advanced Ingredient</b> tokens and form a supply in reach of all players.<br /><br />When visiting the <b>Technician</b>, you may pay 1 basic Ingredient to gain the matching <b>Advanced Ingredient.</b> This trade can only be performed once per action.
WhoopsUtopianb_Content;How they arrived was a mystery, but who or what gifted them to me was not my concern. Their utility was universal and their rigorous specifications unmatched. With these experiments, I could work towards a true Utopia - a world of technological perfection.<br /><br />If one could procure the additional materials required to create them, I was convinced that these devious advanced devices would allow me to achieve the recognition I truly deserved.
WhoopsUtopianb_Title;The Future of Convenience
