Tag;English_Source
Gameplay_Lang;English
//====== Setup ======;
Init_Title;<b>Preparations</b>
IntroImmortalitySetup_Title;<b>A Foreword</b>
IntroImmortalitySetup_Content;Herein contains a historical account of a peculiar lineage. One that spans multiple generations and by all accounts will continue to fascinate historians for many years to come.<br /><br />I have endeavored to provide as complete a scholarly history as one could provide given the conflicting accounts and whims of hearsay. While many of the details, haunting to the imagination as they may be, stretch the very limits of our human understanding, it is my hope that this text and the accompanying research materials procured will provide evidence as to their truth. The harrowing and potentially supernatural series of events has the capacity to shake the very foundations of the scientific world as we perceive it.<br /><br />With deference to the fellowship that commissioned this explicit work, though I have never met with these generous benefactors, I humbly submit this biographical account in its entirety and swear by the veracity of the contents within.<br /><br />In good health,<br />Dr. Ensign Benwallis
ScenarioStart_SubTitle;Yellow Fever
ScenarioStart_Content;The siblings' arrival to claim their considerable inheritance was met with the indifference of a murky countryside, gray and overcast. The sky was heavy with moisture, but could not crack into a tempest, as if heralding the unfortunate circumstances to which they would soon find themselves.<br /><br />Upon reaching the village, a foul stench tinged the air as teams of horses pulled the charcoal wagons like a silent funeral procession through the muddy streets. Emaciated peasants shielded their faces from the ashen gloom, seemingly unbothered by the display, and went about their somber activities uninterrupted. Several canvas-bound carts lined the edges of the main road, the dismal, gray skin of a human foot sometimes dangling freely from a rip in the fabric.<br /><br />The Yellow Fever had struck the village, and for several weeks any visit to its somber limits forced the young heirs to keep a cloth handkerchief about their mouth and nostrils to protect from the miasma. While they were remiss to admit it, this seemed the perfect macabre backdrop in which to advance their father's dreadful business.<br /><br />While the prevailing mood in the village was one of morose caution, the young entrepreneurs saw potential in these darkened streets. A particularly ambitious individual could lift this gray village into a thriving city. Perhaps even an aristocrat with coin to spare could make a persuasive argument as to its direction.<br /><br />As the kindred surveyed the dreary countryside from behind the iron gates of their estate, they watched the billowing mists move slowly across the valley. The townsfolk stirred as a disquieting laugh echoed down from the hillside. They were excited to begin their father's work in earnest!
Dubious_Title;<b>Dubious Bartering</b>
Dubious_Content;Within days of their settling in to their spouse's liking, the local diocese sent a messenger to speak with each of the heirs about their father's charitability towards the diseased — or lack thereof. The bishop entreated them to donate precious time and money to help aid the sick at the church.<br /><br />Having an extensive background in biological studies at the university, the youths proudly offered their scientific services in subduing the epidemic. The bishop was unenthusiastic about the response and pressed them to change their mind — to no avail.
//====== Gen1 - Fever ======;
// ---Hub---;
Fever_Title;Yellow Fever
Fever_Hospital_Title;BUILD A HOSPITAL
Fever_Hospital_Content;The church can no longer handle the influx of the diseased and needs to expand their facilities. 
Fever_Bank_Title;BANK
Fever_Library_Title;LIBRARY
Fever_Creepy_Title;<icon=StorybookToken> Attracting Attention
Fever_Sane_Title;<icon=StorybookToken> The Mark of Genius
Fever_End_Title;Second round Event - Election Season
Fever_End_Content;Political pandering may require more than simply a silver tongue and a bright smile. Be sure to have some extra capital on hand as the need may arise.
// ---Gen1CreepyTrack---;
Gen1CreepyTrack_Title;Enemy of the People
Gen1CreepyTrack_Content;The increasingly eccentric actions of the siblings aroused dark memories from the previous generation, and tense rumors once again circulated throughout the village. However, as these same fears were shared more openly, the news attracted opportunities for those with similar, nefarious intent.
Gen1CreepyTrackRes_Title;A Seedy Arrangement
Gen1CreepyTrackRes_1_Content;It was unorthodox for {{0=...|Oliver|James|Olivia|...}}, or anyone of that reclusive lineage, to entertain unknown visitors, but something must have piqued their curiosity. A conversation from an evening dinner is noted in a journal entry:<br /><br />"Your estate is simply exquisite," the representative was noted as saying with an unsettling grin. "I am impressed to find a rarefied jewel nestled in such a remote place. But, as you will no doubt agree, it can always use improvement and I would like to offer you support in this." In fact, it was noted that the individual's mannerisms were especially secretive and plotting.<br /><br />The representative from the Fraternity of Hunters offered their support with substantial funds. With the hope" that this kindness would be repaid in the future.
Gen1CreepyTrackRes_2_Content;It was unorthodox for {{0=...|Oliver|James|Olivia|...}}, or anyone of that reclusive lineage, to entertain unknown visitors, but something must have piqued their curiosity. A conversation from an evening dinner is noted in a journal entry:<br /><br />"Your reputation is known across the region for vehemently challenging the established norms," the representative from the Order of St. Hubertus was noted as saying with a wide grin. They leaned in conspiratorially, an expensive perfume loud enough in fragrance to draw water from the eyes. "From what I hear, you are unwilling to allow the rules of academia to hold your work back from its true excellence. Please, let me admire your experimentation."<br /><br />This was highly controversial! And to be so brazen about it! It was left to the scientist to decide if being granted the opportunity to <b>perform an extra experiment</b> was worth the possible consequences of revealing one's work.
Gen1CreepyYes_Title;Agreed
Gen1CreepyYes_A_Content;The individual produced a banker's cheque from their overcoat and an ink pen from their breast pocket, signing the note with an extravagant signature. Stamped upon the egg-shell cardstock in golden foil was the insignia of a bow and arrow. The man twirled his handlebar mustache with a deep laugh before exiting by carriage.<br /><br />Perhaps it had been a chance meeting, yet for some reason, the scientist suspected a deeper meaning had yet to be revealed.
Gen1CreepyYes_B_Content;The representative was appreciative of {{0=...|Oliver|James|Olivia|...}}'s humble demonstration. As the experiment was performed, they proceeded to take extensive notes which were then sealed up in a leather satchel as they departed soon after. The satchel was conspicuously emblazoned with the insignia of a wolf's head.<br /><br />Perhaps it had been a chance meeting, yet for some reason, the scientist suspected a deeper meaning had yet to be revealed.
Gen1CreepyNo_Title;Ridiculous!
Gen1CreepyNo_Content;As one might expect, the next few pages of notes in the journal are filled with unflattering jests and laughter at this absolutely half-witted rube and the seedy proposition they had offered. And so {{0=...|Oliver|James|Olivia|...}} waved them away with flippant disregard for wasting their time.<br /><br />An individual has no allegiance but to one's self. They would not be saddled with some unknown, absurd consequence!<br /><br />However, unbeknownst to the semi-virtuous scientist, there was another party that observed this gesture with great interest. Perhaps in time this mystery would be revealed.
// ---Gen1SanityTrack---;
Gen1SanityTrack_Title;To Quell the Mind
Gen1SanityTrack_Content;Just as a sharpened blade loses some of its steel, so it is the same with a pointed intellect so repeatedly ground. This precise focus upon scientific labors caused the siblings' brains to wander and ache for relief even as a powerful ambition compelled them well beyond their physical tolerances.
Gen1SanityTrackRes_Title;A Letter From an Old Friend
Gen1SanityTrackRes_0_Content;"You shouldn't drive yourself so hard," the letter stated. "It is unsustainable. For each night you toil away until dawn's light, it takes years from your mind."<br /><br />While the nature of their work ensured that it was performed in solitude, {{0=...|Oliver|James|Olivia|...}}, and their spouse especially, still enjoyed writing letters to the few friends who would receive them. This particular letter from an old colleague at university recommended a specific retreat in Rovinj, where the warm Mediterranean air would rejuvenate the body and quiet the mind. For a small price, they could own a vacation home.<br /><br />While this time away could have a negative affect on their child, it would also allow them to <b>gain knowledge</b> and <b>calm their sanity</b>. Refusal, however, would carry no risk and maybe give them more time to complete their labors.
Gen1SanityYes_Title;Vacation Offer Accepted
Gen1SanityYes_Content;Perhaps the weight of the work lay heavy upon their shoulders or the stress of parenthood prompted a needed escape. In either case, {{0=...|Oliver|James|Olivia|...}} would utilize this second home often. As they contemplated the calm ocean waters from their seaside villa, their child was left in the care of servants and spent their winters within the solitary stone walls of the cold estate.
Gen1SanityNo_Title;Time is Precious
Gen1SanityNo_Content;There was no time to rest. And even if there was, the frequent bouts of insomnia {{0=...|Oliver|James|Olivia|...}} experienced certainly eliminated the option. It was all in the work. They were convinced that this obsession that carved lines into their graying skin was more important than self-preservation. How could they vacation while perched on the precipice of a triumphant victory?
// ---FeverServe1---;
FeverServe1_Title;Fortuitous Assistance
FeverServe1_Content;The small village certainly offered a degree of seclusion and a minute amount of rustic charm on the days when gangrenous bodies of the afflicted were not carted through the streets. But in accordance with this anonymity, it did not easily provide the luxuries generally afforded to the whims of {{0=|two|three|four}} young aristocrats and their spouses.<br /><br />The family was overjoyed then to receive a letter from some of their most trusted colleagues - however, this joy abated when they detailed an opportunity to offer wardship and tutelage to unfortunate youths failing in their studies. While the interruption was exasperating, an additional hand would allow them more time to focus on important work and to avoid the aromas of the local peasantry.<br />
// ---S5Special---;
S5Special1_Title;The Town Is in Need of Direction
S5Special1_Content;After the untimely death of the current mayor (and the previous three), the town was once again embroiled in politics. While several mediocre businessmen had thrown their hats into the arena, the family sensed a restlessness in the small village as they searched for direction forward. Having been raised with an affinity for friendly competition, it was decided that governance would be a droll leisure activity for the family. They decided to use their influence to sway the election in their favor.<br /><br />This was especially pressing as the new mayor would immediately 
S5Special1A_Title;A Bid for Mayor
S5Special1B_Title;Humble Beginnings
S5Special1B_Content;The family had made their first mark on the history of the town, for good or ill. It would be several years before they would understand the ominous ramifications of this decision, but it was clear that life in {{0=...|London|Dubai|Paris|...}} would never again be the same.
S5SpecialSetup1B_Title;Direction of the Town
// ---FeverServe2---;
FeverServe2_Title;Daughters Entrusted
FeverServe2_Content;During the heat of summer, a handsomely dressed woman arrived at each estate with a letter in hand. Interestingly, a former business associate of their mother's requested a daughter be put under each of the houses' charge - along with a considerable stipend to offset the cost. While an appreciable burden, it was irrefusable given the social mores of the time. Being twenty-three and therefore past the age of reasonable marriage, she accepted the new labors with a somewhat heavy heart and was quickly ingratiated into the fold.
// ---FeverHeart---;
FeverHeart_0_Title;Legacy of Charity
FeverHeart2_0_Title;Charity Awarded
// ---S5Fate---;
S5Fate1_Title;Financial Woes
S5Fate1_Content;The village of {{0=...|London|Dubai|Paris|...}} was, for lack of a more appropriate term, agricultural in its funds and like many similar small villages, were woefully unprepared for the ravages of disease. Despite the generosity (or lack thereof) of the family, the church's already severely limited resources have been stretched to their limit in their distinctly unscientific attempts to stem the spread of infection. With no more donations to call upon, the diocese turned to the local financial institutions for aide.
S5Fate1_Content1;With additional financial capital from the <b>Bank</b>, the church obtained the funds needed to build a Hospital. 
S5Fate1_Content2;The addition of a <b>Library</b> to the already strained finances of the village proved insurmountable, and the church failed to build a Hospital. Perhaps the lifestyle of an aristocrat blinded the mayor to this reality, but it was certain that the village would progress down a darker path.
S5Fate2_Title;FATE of the Infected
S5Fate2_Content;The congregation and citizenry, stricken with the weight of those lost in the battle with Yellow Fever, could only provide a meager sum, which placed the financial future of the village into the hands of the most charitable scientists.
S5Fate2_Content1;<b>SUCCESS!</b><br />With charitable contributions totaling over <b>{{0=...|6|7|8|9|10|...}}</b> <icon=S1_HeartToken>, the Hospital was built. The additional medical infrastructure provided the town a respite from another severe outbreak and ushered in a new era.
S5Fate2_Content2;<b>FAILURE!</b><br />With charitable contributions failing to exceed <b>{{0=...|6|7|8|9|10|...}}</b> <icon=S1_HeartToken>, the Hospital was not built. This ill-timed news was delivered just as several new cases of influenza spread across the region. Without the Hospital, the results were drastic.
//====== Gen2 - Hospital ======;
// ---Hospital Intro---;
HospitalIntro_SubTitle;Thriving in Adversity
HospitalIntro_Content;It is said that springtime under the watchful eye of the snow-tipped Carpathian mountains is a wondrous sight to behold. A single excursion in these rolling hills amongst the paths that split green grass is said to reinvigorate the lonely traveler. It is common to catch the aroma of sweet bread in the air, the sounds of babbling streams with moss-covered roots sipping the cool waters, and the richness of golden honey sunsets illuminating the countryside. If but for one season, a certain blitheness, a blissful simplicity of purpose alights the torch of poetry in the dark minds of men.<br /><br />Therefore, perhaps it is most appropriate that the return of the scientists coincided with this season, as thanks to their predecessors' aid the town had become rejuvenated. The ashen grayness that once dominated the small town had been brightened, like the azalea flowers and crocus that now bloomed in window boxes along the streets.<br /><br />The new hospital had become a site of great hope and strength for the people and the town was able to weather the disease even while the newspapers described the bleakness of the surrounding cities. Due to the work of their progenitors, honorary positions on the board of trustees at the hospital were awarded to their sons and daughters -  positions which they sadly could not refuse. However, this controlled proximity to the ravages of disease also offered a boon for scientific inquiries and exploration.<br /><br />This serendipitous push forward in disease prevention attracted the attention of not only the diocese, but also the scientific community hoping to replicate their success. There were even rumors of a government-sponsored university -  a prospect that caused great tension within the church and the townsfolk used to their isolated and bucolic existences.<br /><br />The possibilities for advancement - and exploitation - seemed limitless. But, would their ingenious and unorthodox ambitions prove too unconventional for the cautious minds of academia? Or would the pressures of rejection from their peers break their indomitable spirit?
EradicateDisease_Title;The Cure
EradicateDisease_Content;They dined together on weekends, accepting hosting duties with a benign reciprocity. As such, many an evening's conversation descended into more hotly contested subjects of the time. No topic was more pervasive than disease. And most specifically, Yellow Fever -  with the incessant sound of coughing and chiming of bells with every breeze.<br /><br />While they agreed that for a {{0=|duo|trio|quartet}} of respectable, infamous scholars, this problem should prove trivial, it was the actual curing effect that was hotly contested. The disease provided them a decent concealment for their surreptitious enterprise. Were they to become philanthropists, it may prove detrimental to secrecy.<br /><br />They decided to leave the matter up to personal pursuits. If someone felt industrious enough to complete it, then so be it.
ChooseScience_Content;<br /><br /><b>"Universal Interest" - Journal Entry - November, 1859 - {{0=...|Oliver|James|Olivia|...}}</b><br /><br />It has been three days since I received a letter from the Hungarian government and two days since my cousins deigned it necessary to make me the target of their ridicule. My parents cared deeply for this horrid community - a sentiment that those miscreants know nothing about!<br /><br />I am not some groveler who needs confirmation from the stuffed shirts and upturned noses of European academies. But, getting to choose the <b>subject of the upcoming Symposium</b> that could very well determine if a <b>University</b> is built in {{1=...|London|Dubai|Paris|...}}?<br /><br />My parents instilled into me a scientific vigor that far surpasses even the members of my own, somewhat beloved, family. As I returned from studies abroad, it was my own aptitudes that spearheaded my cousins into action. Damn them and their jibes! I will show them. In fact, I have already made my choice and penned my response. It will be I who will be doing the laughing in the end.
ThirtyFiveVp_0_Title;Planned Destruction
ThirtyFiveVp_0_Content;From the letters and journal entries of the young entrepreneurs, we can see a deeply seated rivalry between them, spurred onward by feelings of inadequacy, solitude, and betrayal. Nothing was more insidious than the moments when they actively sabotaged the work of others for their own benefit.<br />
Gen1InsanityYes2_Title;Absent Parent
Gen1InsanityYes2_0_Content;An investment in a summer home may have calmed their parent's nerves during times of stress, but it also meant time away from the Estate. These increasingly frequent visits to rekindle sanity meant {{0=...|Oliver|James|Olivia|...}} II's childhood guidance came more from the servants around the home than from their parental figures. This left an unfortunate void in their psychological development, one that affected their actions for the remainder of their life.
// ---Hub---;
Hospital_Title;Thriving in Adversity
Hospital_Board_Title;<icon=Storybook><b> Board of Trustees</b>
Hospital_Board_Content;Due to the efforts of your family, the Hospital has graciously awarded you with a seat on the Hospital's board of trustees.
Hospital_Hospital_Title;Hospital
Hospital_Cure_Title;<icon=StorybookToken><b> The Cure</b>
Hospital_Panacea_Title;<icon=StorybookToken><b> The Panacea</b>
Hospital_ImmortalitySecret_Title;<icon=StorybookToken> <b>The Secret to Immortality</b>
Hospital_ScientificAdvances_Title;<icon=StorybookToken><b> Scientific Advances</b>
Hospital_VictoryAhead_Title;<icon=StorybookToken><b> Victory Ahead</b>
Hospital_Symposium_Title;<b>University Symposium</b>
Hospital_Symposium_Content1;determine the fate of a <b>University</b> in town in the spot where the Traveling Caravan resides. 
// ---Hospital Visit Check---;
HospitalVisitCheck_Title;A Compulsory Visitation
HospitalVisitCheck_Content;The {{0=...|London|Dubai|Paris|...}} General Hospital was one of the first hospitals in the region. Established in 1865, it was instrumental in changing the public perception of a hospital from a place you go to die to a place of healing with the most modern advances in medicine.<br /><br />On the day of the visit, several nurses bandied about, treating patients from nearby villages with symptoms of the Yellow Fever{{1=?| and using the innoculation techniques that the family had recently published}}.
HospitalVisitReject_Title;Kind Rejection
HospitalVisitReject_Content;Legal proceedings were still ongoing due to their previous visit to the Hospital grounds. Therefore, Dr. {{0=...|Oliver|James|Olivia|...}}'s repeated presence was not well-received by the staff nor by the other cousins who were forced to witness them debase themselves by raising their voice and trying to forcefully gain entry to the facility.<br /><br />Was it madness that drove them to it or a deep obsession that even this humble biographer cannot fathom? Whatever mental deficiency urged them onward, it certainly did not have the desired outcome.<br />
HospitalVisitCheck2_0_Title;Visitation Report: Dr. {{0=...|Oliver|James|Olivia|...}}
HospitalVisitCheck2_0_SubTitle;Notes submitted by Nurse Varga
HospitalVisitCheck2_0_Content1;Dr. {{0=...|Oliver|James|Olivia|...}} seemed in a hurry. Dismissed each area as sterile and uninspired. Until we arrived at the operating room. Immediately became enraptured, fixated, and I had to thrice repeat myself before they responded.<br /><br />{{1=?|"This is all wrong. What do they teach in these surgeon schools?" Dr. {{0=...|Oliver|James|Olivia|...}} asked, clearly not expecting an answer and brazenly entered the operating room to accost the surgeons on duty. They retrieved a scalpel and insisting on completing the operation themselves. I have never seen so much blood.|Their response was muffled and I was unable to stop them from entering the theater. Their face was etched in a hideous grin as they stood at the center with their hands raised into the air. At this point, they either refused to listen or entered a catatonic state which left them motionless for nearly an hour.}}<br /><br />At this point, {{0=...|Oliver|James|Olivia|...}} had to be escorted by security from the premises. They are barred from any further tours of the facilities.
HospitalVisitCheck2_0_Content2;Relatively uneventful visit, though unsettling. Dr. {{0=...|Oliver|James|Olivia|...}} requested a tour through the wards.<br /><br />{{1=?|Mostly disinterested and silent. However, our visit to the morgue was longer than to my liking. Dr. {{0=...|Oliver|James|Olivia|...}} kept insisting on inspecting the more extreme cases, excitedly asking questions while I unsuccessfully attempted to stop them from physically handling the deceased.|At one juncture, Dr. {{0=...|Oliver|James|Olivia|...}} approached a patient in the hallway that had been confined to a bath chair. Unprompted, they began a through examination of the individual, palpating their hairline and skull with their fingers. To my dismay, they were enraptured by a rash along the patients cheek which was covered in small protusions and red boils. They insisted on collecting several samples of the fluid they produced.}}<br /><br />After requesting access to more severe emergency cases, we walked the grounds. They kept stating that the facilities were "unimpressive compared to their own." I shudder to think on what that phrase means.
Gen1InsanityNoExtraAction_Title;More Time Than Ever
Gen1InsanityNoExtraAction_Content;{{0=...|Oliver|James|Olivia|...}} II's parent had instilled in them a strict work ethic. Their refusal to purchase a summer home at their colleague's insistence, while stressful, had allowed them time to engender this familial connection.<br /><br />And so this matter of administrative duties was handled with the utmost brevity, allowing them to focus on the monumental task at hand.<br />
// ---Hospital Define---;
HospitalDefine_Title;Hospital
// ---Yellow Fever Cure---;
YellowFeverCureSignin_Title;Yellow Fever Inoculation
YellowFeverCureSignin_Content;Through sheer perseverance and months of exposing both themselves, their spouse, all their servants, and several delivery persons to potential curing agents in different hues of yellow, a surprisingly effective solution was created that could be administered intravenously.<br /><br />
MethodUnicure_Title;Local Scientist Discovers Inoculation for Yellow Fever
MethodUnicure_0_Content;The local headlines were inevitable. While history may ascribe a later date to this monumental event due to the volatile nature of simply injecting oneself with the viscous black and yellow vomit of an infected individual, it was an unsettling leap forward in our understanding of antibodies and herd immunity.<br /><br />The scientific establishment{{0=?|, although pensive about my recent lecture,}} was thrilled by the discovery of a cure for the pervasive disease. Dr. {{1=...|Oliver|James|Olivia|...}} Jr. was urged to release their curious methodology in a series of published journal entries to offer peer review and additional critique. However, they were reticent to immediately share findings before obtaining a patent. This knowledge could provide a lucrative financial outlet.<br /><br />
Unicure1_Title;Published!
Unicure1_Content;While inevitably the findings were deemed underdeveloped by the prevailing medical institutions, the discussion they set forth resulted in the name {{0=...|Oliver|James|Olivia|...}} being bandied about for years to come. The release of this knowledge even had a minor sedative effect on the locals -  those poor, gullible wretches.
Unicure2_Title;Patented!
Unicure2_Content;{{0=...|Oliver|James|Olivia|...}} Jr. was known for their incisive wit and even more acute business dealings. Shirking the potential admiration of medical elites, {{0=...|Oliver|James|Olivia|...}} hastily submitted a patent for this breakthrough in disease prevention. While it ensured a hefty sum for royalties, the locals eyed this new development as yet another attempt by aloof eccentrics to toy with the lives of the poor and their wariness increased.
// ---Panacea---;
PanaceaIntro_Title;Eradication Forever
PanaceaIntro_Content;Were they still not satisfied? The family pondered this as they enjoyed their morning tea on the veranda, peering over the countryside from behind their gothic spires while their experimentations simmered in the laboratories deep in their manors. The people, the scientists, the church -  which institution would be the next to take exception to their important discoveries?<br /><br />A Cure-All, or Grecian Panacea, became the newest topic of considerable divisiveness. It was the logical next step. Some in the family dismissed it as a waste of energy, while others valued it as a sought-after proposition.
Panacea_Title;A Cure for All
Panacea_Content;It seemed that finally, after years of tireless dedication, a solution to the ails of all men had been formulated. The family was divided on the efficacy of this course of action, but one individual forged ahead recklessly, headless to their warnings.
PanaceaMessage_0_Title;Unintended Results
PanaceaMessage_0_Content;The dedication to the task was clear. My research unearthed several journals filled with line after line of a single mathematical formula, handwritten and repeated ad nauseam, followed by a chemical formula with slight alterations over time. The obsession literally spanned volumes and eventually paid large dividends.<br /><br />While technically the resulting solution did in fact "cure" all diseases, it also resulted in the death of the test subject, the liquification of their bones, dissolution of skin, and eventually five meters of solid ground in the affected area.<br /><br />A concoction such as this, despite its volatile nature, could offer legitimate scientific benefits upon publication. However, there were, of course, other options...<br />
PanaceaMessage_0_Content1;<b>Do you wish to publish your findings or would you like unleash your creation on your rivals?</b><br />
PanaceaMessage_0_Content2;Publish my findings for fame.
PanaceaMessage_0_Content3;Unleash my creation!
Panacea1_Title;A Weapon Published
Panacea1_Content;In a shocking display of altruism, the findings were published in a series of medical journals at the behest of the university's administration. The published work was controversial, but considered revolutionary, as the strength of the failed <b>Panacea</b> had several alternative applications.<br /><br />The local population, while grateful for the additional tourism, were less than consoled. As much as it was innovative, it was also a secretly manufactured chemical so devastating that all organic matter deteriorated within minutes of it's application.<br />
PanaceaTooOld_Title;Too Old
PanaceaTooOld_Content;With only a few years left in their existence, and hence the existence of their familial rivals, {{0=...|Oliver|James|Olivia|...}} realized that it was too late for their creation to have a critical effect on their endeavors.<br /><br />This crucial realization was certainly prompted by the entire reserves of the concoction being exhausted one evening when testing the local livestock. Ah, how the mind fades with old age!<br />
PanaceaUnleash_Title;"April Fools Day" - Journal Entry - 1882 {{0=...|Oliver|James|Olivia|...}} Jr.
PanaceaUnleash_Content;It was a fine summer morning when I heard a piercing scream from the garden. While I had grown relatively accustomed to this cry of distress in my experimentations, it was decidedly peculiar to hear the sound over morning coffee and crepes.<br /><br />After sashing my robe about me, I exited the manor in time to witness the final moments of a servant tending to the trimming. With a quick lurch, they turned towards me, now beyond sound as their facial features collapsed inwardly. Sanguine chunks of flesh fell to the ground and sizzled like bacon grease on the grass. Within seconds, the human figure that once tended to our garden was a sloshy pile of pink and white froth on the lawn and whatever substance had caused it had seeped deep into the ground, creating a considerable hole in the landscaping.<br /><br />I took a sip of coffee and examined a nearby glass vial labeled as "vital elixir for use in the prevention of disease." I recognized our dear cousin's penmanship instantly -  the prankster!<br /><br />However, unfortunately, another servant stood slack-jawed near the gate, having witnessed the entire spectacle. It would be difficult to replace this worker.<br /><br />
// ---Trigger 3 Experiments---;
Trigger3Experiments_Title;<b>Advancements in {{0=| |Chemistry|Engineering|Biology}}</b>
ThreeExperimentsRes_Title;<b>Advancements in {{0=| |Chemistry|Engineering|Biology}}</b>
ThreeExperimentsRes_Content;As the years ambled onward and the peculiarities of their experimentations became more complex, it was not unheard of for the family to submit discoveries to scientific and medical journals. While most were summarily rejected, this constant stream of inquiries sometimes resulted in visits from interested parties.<br /><br />One such visitation occurred at the laboratory of {{0=...|Oliver|James|Olivia|...}}. While frightening to behold at first, they were intrigued by the exceedingly complex {{1=| |labyrinthine weaving of rubber tubing, chemicals, and simmering beakers of various shapes and sizes along the walls.|vestibule filled with electrical coils, switches, dials, and several large metal cabinets with blinking red lights (a dazzling rarity in that age).|display of colorful Chemicals and unique specimens collected (and created) over time.}} Certainly immense strides forward had been made in {{2=| |chemistry|engineering|biology}}.<br /><br />It was only natural that they provided encouragement and financial resources to help preserve this unique arrangement. Especially after being informed that it was the only way they would leave the premises unaltered.
// ---Trigger 35 Points---;
Trigger35Points_A_Title;<b>"Nasty Rumors" - Journal Entry, 1878</b>
Trigger35Points_A_Content;To reach the pinnacle of understanding, only to feel the cruel hand of treachery. The rest of the family was noticeably not distraught when a recent article in the regional newspaper spread an uncomfortable rumor about my personal hygiene.<br /><br />I do not have time for this interruption! I do not smell like pickles! It is the formaldehyde solution for my most recent experiment. It is not the smell of pickles -  it is the smell of SCIENCE!
Trigger35Points_B_Title;<b>"Unfortunate Accident" - Journal Entry, 1876</b>
Trigger35Points_B_Content;My work! My property! Sabotaged.<br /><br />I awoke this evening to find my home on fire and the culprits nowhere to be found. But, I know who did it. I could still smell the chemical reaction as the fires raged. I would have never expected my cousins to stoop to such a base level. Direct and blatant sabotage? Absolutely unconscionable.<br /><br />It will take weeks for my spouse to manage the removal of the damaged piece of our Estate. They are all just jealous of my genius!
// ---Immortality---;
Immortality_Title;Overcoming Death
Immortality_Content;If not now, then when? The cousins pored over this question. How long would they remain relegated to an eccentric footnote murmured amongst the townspeople? Why must they toil in their most important labors under the cover of darkness and stone like vermin? A deep restlessness had set into the minds of each, and even on the cusp of approval from the academic community, they could not quell these thoughts.<br /><br />It was trivial to discuss meager experimentations when the solidification of such a poignant legacy repeated fruitlessly generation upon generation. If only time was no longer an obstacle.<br /><br />They vowed to accumulate a wealth of knowledge in their fields of expertise that far surpassed the pitiable ruminations of ancient scholars. Perhaps if they pushed forward into the unknown they would harness new and untold powers. Their evening conversations spurred them to devise a way to cheat the most sacred and inevitable truth of existence.<br /><br />For if life can be taken and altered by humanity into its most cruel and twisted form, surely that same spark could be endlessly preserved!<br /><br />
Gen1CreepyRefuseBonus_0_Title;A Strange Visit
Gen1CreepyRefuseBonus_0_Content;Consumed by the immense scientific enterprise they have undertaken, the cousins rarely allowed moments to indulge visitation. However, after they had ignored several missives from a strange organization, a group of individuals arrived at {{0=...|Oliver|James|Olivia|...}}'s estate with an un-sprung cart full of building materials.<br /><br />It appeared that they were aware of {{0=...|Oliver|James|Olivia|...}}'s <b>parent's refusal</b> to accept a suspicious gift, a refusal that avoided catastrophic consequences too horrible to describe. Without further explanation though, they had procured the necessary materials to construct a gift and were set upon the task immediately. <br /><br />
Gen1CreepyAgreedReturn_0_Title;Order of St. Hubertus
Gen1CreepyAgreedReturn_0_Content;On an unseasonably warm evening with a thick fog obscuring their arrival, an operative from the Order of St. Hubertus knocked upon the estate door. There, at the entranceway with no intent to venture further, the man addressed {{0=...|Oliver|James|Olivia|...}} II in an authoritative tone.<br /><br />The man peered out from under his cloth hood, his eyes glowing with unnatural light. "Though we no longer have claims to this region, our assistance is not given without cost. And your family's debt has come due," the man stated while several other cloaked individuals emerged from their carriage, small blades visibly clutched between their fingers.<br /><br /><br /><br />It seemed that decision of their parent had finally come to fruition. The gentlemen were kind enough to offer {{0=...|Oliver|James|Olivia|...}} II a choice of debt repayment.<br /><br />
Gen1CreepyAgreedReturn_1_Title;Fraternity of Hunters
Gen1CreepyAgreedReturn_1_Content;On an unseasonably warm evening with a thick fog obscuring their arrival, an operative from the Fraternity of Hunters knocked upon the estate door. There, at the entranceway with no intent to venture further, the man addressed {{0=...|Oliver|James|Olivia|...}} II in an authoritative tone.<br /><br />"Though we no longer have claims to this region, our assistance is not given without cost. And your family's debt has come due. We kindly ask for immediate remuneration," the man stated while several other burly individuals emerged from their carriage, tapping various gleaming bludgeoning instruments against their palms.<br /><br /><br /><br />The gentlemen were kind enough to offer {{0=...|Oliver|James|Olivia|...}} II a choice of debt repayment.<br /><br />
InfinityClick1_Title;Research Completed
InfinityClick1_Content;It seemed unimaginable -  not simply a cure for all disease, but a mysterious contrivance to extend life indefinitely. Perhaps, those that pursued this heretical course of action should not have postulated, "could it be done?" Instead, they might have asked themselves, "but at what cost?"<br /><br />
InfinityClick2_Title;<b>The {{0=|Secret to|Marvelous|Discovering|Forward to}} Infinity Journal Entry {{1=...|Oliver|James|Olivia|...}} </b>
InfinityClick2_Content;There is no doubt in my {{0=|immaculate brain|inestimable mind}}. With this research completed, {{1=|I have surely unlocked a most flawless scheme to extend my existence indefinitely!|the world will tremble at the mere utterance of my name.}} The ravages of time will no longer have an effect on my work and I will be free to face the {{2=|infinite|future}} unimpeded by this mortal coil!
ImmortalityMwUpdate_Title;The True Secret
ImmortalityMwUpdate_Content;The family's pursuit of everlasting life brought new and inspirational concepts to the forefront. These ideas could verify the seemingly untenable Masterwork blueprints created by their Grandfather.<br /><br />
ImmortalityMwUpdate2_Title;The Possibility Exists
ImmortalityMwUpdate2_Content;The thoughts consumed their waking hours, compelling them to action. Surely if a form of <b>Immortality</b> can be so readily created by the family, then a more perfected version was just on the horizon. It would need to be done. It had to be done, or the shame they felt would weigh heavily on everything their exceptional lineage had created thus far.<br />
// ---Symposium Event---;
SymposiumEvent1_Title;A Collection of Esteemed Colleagues
SymposiumEvent1_Content;The journey to the newly created city of Budapest for the {{0=| |Chemistry|Engineering|Biology}} Symposium was uncharacteristically dour. However, this dreadful murkiness could not dampen the spirits of the {{1=|two|three|four}} -  nor could the sojourn in the marginal accommodations prepared for their arrival. For the cousins, this recognition for their efforts to advance science at all costs was considerably well-deserved and long-overdue.<br /><br />The University was abuzz with activity as they attended various events and offered their prescribed greetings.<br />
SymposiumEvent2_Title;For the Advancement of {{0=| |Chemistry|Engineering|Biology}}
SymposiumEvent2_Content;The symposium began with a series of lectures from various noted {{0=| |chemists|engineers|biologists}} from Eastern Europe. When it was their time to present, each cousin in turn rolled in a large cart covered with a velvet blanket to conceal their work until the appropriate moment during the lecture.<br /><br />As noted by several critics, each family member went well over their allotted time, providing eye-opening live demonstrations during the peak of their lectures that required many in the first rows of the operating theater to change into a clean outfit after the end of the exhibition.<br /><br />The spirited presentations stunned the community to abject silence.<br />
SymposiumEvent3_Title;The Fate of the Lecture Series
SymposiumEvent3_Content;If it amounted to anything, those in attendance were certainly astonished by the eccentricities witnessed that day. Some weaker-willed individuals were prone to nausea and fainting spells during the speeches, clearly in deference to the astounding breadth of visionary experimentation.<br /><br />But, were their efforts enough to sway the most notable scientific minds of the time?<br /><br /><b>SYMPOSIUM RESULT</b><br />
SymposiumFail_Title;Symposium Failure
SymposiumFail_Content;"Preposterous. A vaudevillian side-show." The scathing negative reviews were most predominant. {{0=|Then, we were treated to a ghastly vivisection of a wailing goat while an electrical device stimulated the nervous reflexes. Had I known, I would have brought an umbrella.|Steam shot from the abominable contraption's eye sockets as the speaker mumbled a rhythmic incantation that, if it had any effect at all, was to cause a ringing in my ears for hours afterward.}}<br /><br />A professional scolding soon followed from notable experts in the {{1=| |chemistry|engineering|biology}} field. Accused of peddling contentious pseudo-science, the cousins were informed that they would not be receiving any invitations for lecture opportunities in the future.<br /><br />The family returned home, each writing scathing remarks within their respective journals. They concluded that while they were no longer welcome at the University, "they were also never planning to return anyway."<br /><br />
SymposiumMiddle_Title;A Cure for Yellow Fever
SymposiumMiddle_Content;"Vague, tawdry." The notes from the lectures created a tableau of mixed reactions. {{0=|"All angst and ambition without respect for traditional ethics or the scientific method. Unsupported hypotheses, and rapid-fire homeopathic conjecture."|"Of note, however, was one intriguing if not juvenile statement. I jotted the quote down for posterity and so that others at the state may enjoy it when I plaster the message all across the lavatories. The quote:<br /><br />'It's simple. Wash your hands after you touch your butt.'"|"Delightfully crude, but potentially insightful. Overall though, the lectures were amusing for what they lacked in substance."}}<br /><br />At first they seemed intrigued, but the presentations, while exciting, proved to have only minimal scientific value in their eyes. It was decided by the majority to research any other notable discoveries in their portfolio before making their recommendations.<br /><br />
SymposiumMiddle_Content1;And it was the <b>publication</b> of a <b>Yellow Fever</b> inoculation from an otherwise unknown town in Hungary that made their decision to build a University in the region much easier.<br /><br />
SymposiumMiddle_Content2;And without the publication of a proposed <b>Yellow Fever</b> inoculation, their decision on the value of a university in a small town in Hungary was easy to make.<br /><br />
SymposiumSuccess_Title;Symposium Success
SymposiumSuccess_Content;"Eccentric, but certainly well-documented," the succinct, blood-stained note stated. "I expected the worst when Dr. {{0=...|Oliver|James|Olivia|...}} II began their presentation by {{1=|strumming a popular tune on the vocal chords of an otter.|winding up the gear mechanism of an automaton with sharpened blades for hands.|creating a salt circle with a sack-doll at the center and then asking for a blood sample from someone in the audience.|exploding a vial of acid using another, stronger vial of acid to 'get our attention'.}} But, by the hour mark, the speech really hit its stride."<br /><br />A mixture of befuddled excitement and intrigue swept through the halls of academia. Yet, the professors all agreed that despite a lack of traditional form, it was the inexorably excitable demeanor of the cousins that so enamored them.<br /><br />The Symposium had been a rousing success. Finally their work was becoming noted!<br />
// ---Hospital End of Generation---;
HospitalNegative_Title;Lack of Hospitality
HospitalNegative_Content;Unfortunately, the lack of participation in the Hospital Board of Trustees needed to be reckoned and any who chose to forgo their obligations felt their business dealings in the local area become even further strained.<br />
NoHospitalCons_Title;A Steady Focus
NoHospitalCons_Content1;For members of this ignoble family, it was not uncommon for personal labors to consume an individual's waking thoughts and cause them to forget even the most simplistic of instructions. But for those that toiled endlessly on their infernal schemes, their reward - aside from obesity and appalling hygiene - was one of a deeper understanding.<br />
HospA1Yes_Title;Immortality Advances
HospA1Yes_Content;<br />The <b>{{0=...|2|3|4|...}}</b> scientists reveled in the suspicious glances of the townsfolk whenever they strolled through town, their visages spotless and unaging. Surely, the indefinite extension of their lives was a true marvel.<br /><br />They remained in the village, tending their estates into advanced ages unheard of in this Victorian era, seemingly untouched by time. The additional scientific advances made possible by this remarkable vitality guided the town towards a more modern direction.<br /><br />
HospA1No_Title;Death Becomes Us
HospA1No_Content;<br />As their bodies withered with time, the failures of their equally outdated scientific pursuits weighed heavily on their deteriorating minds. With only <b>{{0=...|2|3|4|...}}</b> of them discovering the way towards <b>immortality</b>, the cousins wallowed in their own ineptitude.<br /><br />{{1=?|With no further push from its energetic benefactors, the university was shunned, abandoned, and refitted. }}With no sounds of screams and explosions echoing down from the hillsides, the townsfolk lost their sense of purpose. A thick fog of ignorance fell across the populace as they returned to the old ways with a righteous fervor.<br />
S5HospA2_A_Title;A Foundation for Science
S5HospA2_A_Content;<b>With the University built,</b> the town slowly embraced the advances of modern science. But, while progress certainly had its benefits, it was unclear if these surprisingly mediocre "mad" scientists were prepared for the changes that lay just ahead in a world of fairness and social change.<br />
S5HospA2_B_Title;The Foundation Crumbles
S5HospA2_B_Content;<b>With the University unbuilt,</b> the townsfolk were swayed by the local diocese to shun the sciences and cling to their faith. A swathe of ignorance encompassed the small town, as they moved towards a simpler time with simpler solutions.<br />
S5HospA3_A_Title;Relentless Opposition
S5HospA3_A_Content;The church's distrust of science has riled up the populace. Contributions to the Hospital's original construction notwithstanding, without the hope provided by a <b>Panacea</b> to remove ailments en masse, the townsfolk became determined to return to the old ways.<br /><br />A most pitiful display that led to stagnation and the return of the pestilence that once was eliminated from the land.<br />
S5HospA3_B_Title;Relentless Opposition
S5HospA3_B_Content;The church's distrust of science has riled up the populace. Contributions to the Hospital's original construction notwithstanding, the nonsensical decision to <b>unleash</b> the proposed Panacea resulted in a loss of the original formula. Without the hope provided by a <b>Panacea</b> to remove ailments en masse, the townsfolk became determined to return to the old ways.<br /><br />A most pitiful display that led to stagnation and the return of the pestilence that once was eliminated from the land.<br />
S5HospA3_C_Title;The Allure of Discovery
S5HospA3_C_Content;While the Panacea proposed may not have approached the problem in an ethical nor fiscally responsible way, the simple gesture garnered much attention from the academic community. Along with the famed discovery of a "cure" for Yellow Fever, this potential for scientific advancement was too strong to ignore.<br /><br />The family soon found a rapt audience for their unconventional experimentations, despite all logic running counter to this development, and the city entered into a golden age of progress.<br />
RippedMasterwork_Title;Escaping The Curse
RippedMasterwork_Content;In their late years, watching the town forsake science and wary colleagues abandon them, the weight of the injustice was all too much to bear. With fists raised to the sky, cursing the gods, they ended the generation in desperation!<br /><br />The records of this time do not mention any notes of collaboration, yet each individual experienced their own bout of isolation and self-destructive mania. In a rage, they stormed their laboratories and each shattered retort, each biological anomaly encased in formaldehyde, each rusted contraption that met its end against the concrete floor was a new moment of catharsis.<br /><br />They held in their hands the feeble-minded schematic passed down from generation to generation, haunting them with its unattainable scientific pursuits, and unceremoniously scattered the torn pages across the floor.<br /><br />Finally, they we were free from this cursed legacy!<br /><br />
//====== Gen2 - Devastation ======;
// ---Devastation Intro---;
DevastationIntro_SubTitle;The Epidemic Strikes
DevastationIntro_Content;Following a bitter winter in 1862, a second epidemic descended upon the village in all its visceral and bloody force. This time, however, the town was unable to recover. Buildings were left to rot as the sick fled into the countryside. Some escaped to shelter in camps near Bucharest, while the less fortunate collapsed on the icy pathways along the journey, their frozen flesh left to thaw along muddy roadsides with the change of seasons. Lost and hopeless without aid, the town dwindled until only the barest of amenities remained.<br /><br />The desolation to which the family returned was unlike anything they had experienced in their short lifetime and the joys of youthful marriage were swiftly eclipsed by the reality of disease. Those who had stubbornly refused to join the others in mass exodus burned incense in their homes to prevent miasmatic transference of the fever -  a practice quickly adopted within the family's estates. For years, the ominous tintinnabulation echoed across the stricken valley each night to ward off the disease even as the cemetery was inundated with new bodies.<br /><br />For most, this environment of sullen quiet and isolation would cause one to question their sanity, but for the scientists, this time was marked by a signature productivity. Perhaps the thought of redemption drove them forward or the constant reminder of their own mortality with each passing moment. Either way, they each toiled away in their studies, confident that through tragedy their family's legacy would finally be secured forever in the annals of science!<br /><br />And the country began to take notice of their activities -  though not in the academic manner which they anticipated. Shadowy figures kept their watchful eye on the region with mysterious intentions. Unaware of the sinister machinations afoot, the scientists blindly immersed themselves in their work. They would soon find themselves confronted by a choice that would rock the very foundations of scientific (and rational) thought as they understood it.<br />
DiseaseConsequence_Title;Inescapable Plague
DiseaseConsequence_Content;While their parents may have escaped the harshness of the Yellow Fever epidemic thanks to their aristocratic distance from the populace, the young scientists were unable to avoid the effects of such dismal environs. As the years passed, they found themselves stricken with a chronic illness that would remain with them for their entire lives. The enfeeblement haunted their work, insomuch that many weeks at a time were spent in isolation and bed rest.<br /><br />In their individual ways, the group set to work on something to alleviate or cure these symptoms, knowing that if they were unsuccessful, <b>the disease would carry over to their progeny.</b><br />
LetterCode_Title;Surprising Correspondence
LetterCode_Content;As the welcome from the townspeople was considerably icy, the cousins were amused to receive a plain letter of correspondence sealed with wax. No return address was provided and no watermarks offered evidence as to their origin. Perhaps this mystery, they surmised, would afford them more than simple seclusion in this dreary countryside.<br /><br />Little did they realize how instrumental this stealthful exchange would prove over the next several decades.<br />
Gen1InsanityYes_Title;Absent Parent
Gen1InsanityYes_0_Content;An investment in a summer home meant time away from the estate, and these increasingly frequent visits to rekindle sanity meant {{0=...|Oliver|James|Olivia|...}} II's childhood guidance came more from the servants around the home than from their parental figures. This left an unfortunate void in their psychological development, one that affected their actions for the remainder of their life.
// ---Hub---;
Devastation_Title;Devastation
Devastation_Envelopes_Title;<icon=StorybookToken><b> Clandestine Meetings</b>
Devastation_HereditaryDisease_Title;<icon=StorybookToken><b> Relief from Disease</b>
Devastation_StableHand_Title;<icon=Storybook> <b> Stable Hand</b>
Devastation_Suspicion_Title;<icon=Storybook> <b> Suspicion</b>
// ---Envelopes---;
Envelopes_0_Title;Secret Meeting
Envelopes_0_Content;When I arrived at the location, I went about my business as normal. As I was leaving, I felt a gentle tap on my shoulder. A woman dressed in traditional garb tipped her wool cap and bid me follow her to a wooden bench nearby.<br />
FailedMeeting_Title;Failed Meeting
FailedMeeting_Content;The family's eccentricities were well known in the local area, but generally these were for reasons that at least appeared to have a sinister logic behind them. However, during this time, one of the family members was seen around town (for a period of several weeks) wearing a thinly veiled disguise about them and saying the phrase, {{0=...|password|...}}, in a conspiratorial tone to anyone who should pass by.<br /><br />Their presence was more harshly scrutinized by the local residents after this bout of what could only be deemed mental instability.<br />
HubertusWolves_Title;Upon a Secret Meeting - Letter - {{0=|April|August|October}} {{1=...|2|3|4|...}}, 1865
HubertusWolves_Content;I, {{0=...|Oliver|James|Olivia|...}}, am writing this letter to you after my meeting with an associate of the International Order of St. Hubertus. Our conversation was brief, but the resulting knowledge has piqued my curiosities.<br /><br />It has been revealed to me that your intentions are {{1=?|nefarious. The malevolent Order is consumed with greed, seeking to unearth the ancient secrets in this area and use this power to alter humanity and spread a plague of monstrous entities across the world. You only asked for your work to remain <b>concealed</b>.|demonstrably positive. The Order is only concerned with establishing a safe haven for those afflicted by disease. Your representative even revealed a physical peculiarity that had elongated her cuspids into sharp points. She left swiftly before nightfall, ignoring my pleas for her to remain, but she urged me to <b>investigate</b> the secret workings soon to become apparent.}}<br /><br />Being intimately familiar with matters of the occult, this admission is unsurprising. My apprehensions are only related to how your actions will impact my ability to advance my scientific studies most generously.<br /><br /><b>It is with sincerity that I:</b><br /><br />...have decided to 
HubertusWolves_Content1;<link=0>join and pledge my service to your cause.</link><br /><br />...have decided to <link=1>refuse this ridiculous offer.</link>
HubertusHunters_Title;Upon a Secret Meeting - Letter - {{0=|April|August|October}} {{1=...|2|3|4|...}}, 1865
HubertusHunters_Content;I, {{0=...|Oliver|James|Olivia|...}}, am writing this letter to you after my meeting with an associate of the International Fraternity of Hunters. Our secret conversation over brunch was quite revealing, and the resulting knowledge has piqued my interests.<br /><br />It has been revealed to me that your intentions are {{1=?|amusingly exploitative. The Fraternity hopes to use the recent epidemic as a cover for their activities to unearth ancient supernatural secrets in the region and use them for monetary and political gain. Although I remain skeptical, if these labors are successful, I will be deeply interested in the results. You only asked for your work to remain <b>concealed</b>.|good. It was astute for you to note how oddly silent the town has remained over the last few years. Keeping a watchful eye over the proceedings, the Fraternity appears only concerned with rooting out who or what is behind this veil of secrecy. You've urged me to <b>investigate</b> the secret workings soon to become apparent.}}<br /><br />Being an entrepreneur myself, in a fashion, these goals are not so misaligned with my own. My apprehensions are only related to how your actions will impact my ability to advance my scientific studies most generously.<br /><br /><b>It is with sincerity that I:</b><br /><br />...have decided to 
HubertusHunters_Content1;<link=0>join and pledge my service to your cause.</link><br /><br />...have decided to <link=1>refuse this ridiculous offer.</link>
HubertusConfirmation_Title;A Message of Confirmation
HubertusConfirmation_Content;<b>Continue to not allow other players to see the screen.</b><br /><br />{{1=?|Several weeks hence, {{0=...|Oliver|James|Olivia|...}} received a small package with a rough, handwritten letter containing small bits of gray hairs stuck to the adhesive. It instructed them to keep their pledge to <b>expose</b> the suspicious activities to themselves. In the coming years, it would become clear what was required of them.|Several weeks hence, {{0=...|Oliver|James|Olivia|...}} received a small package with a rough, handwritten letter containing small bits of gray hairs stuck to the adhesive. It instructed them to keep their pledge to <b>conceal</b> the suspicious activities to themselves. In the coming years, it would become clear what was required of them.}}
HuntersConfirmation_Title;A Message of Confirmation
HuntersConfirmation_Content;<b>Continue to not allow other players to see the screen.</b><br /><br />{{1=?|<b>A Message of Confirmation</b><br />Several weeks hence, {{0=...|Oliver|James|Olivia|...}} received a small missive with a watermark in the shape of a crossbow. It instructed them to keep their pledge to <b>expose</b> the suspicious activities to themselves. In the coming years, it would become clear what was required of them.|<b>A Message of Confirmation</b><br />Several weeks hence, {{0=...|Oliver|James|Olivia|...}} received a small missive with a watermark in the shape of a crossbow. It instructed them to keep their pledge to <b>conceal</b> the suspicious activities to themselves. In the coming years, it would become clear what was required of them.}}
RefusalWolvesOrHunters_Title;Exercising Caution
RefusalWolvesOrHunters_Content;There was no formal response to any letters expressing doubt. However, an individual at the Stables who could observe the comings and goings of travelers would later provide ways to contact them if the need arose.
// ---Hereditary Disease---;
HereditaryDiseaseComplete_Title;Successful Treatment
HereditaryDiseaseComplete_Content;While they could never fully cure the psychologic disorders that plagued them throughout their lives, they were able to pinpoint effective countermeasures to provide relief. The continued treatment of their afflictions allowed the scientists to overcome the especially ravaging effects of their diseases.
// ---Changes---;
Changes_Title;A Return to Civility
Changes_Content;Though the decayed trails that led to the village caused a carriage to jostle and creak most violently, a brisk, morning ride allowed the aging aristocrats a chance to escape the stale air of their stone manors and ruminate on the melancholic, dour beauty of the region.<br /><br />It was upon these morning rides that they were able to observe a sudden and peculiar transformation occurring within the town. Crews of hired laborers arrived to clear several of the empty lots in the village and construct new foundations. Within weeks, these vacant lots were filled by nondescript buildings of various purposes.<br /><br />Armed with an inimitable curiosity and thirst for knowledge, the cousins could not resist further investigation.<br />
Diseases1A_Title;A Year of Sickness
Diseases1A_Content;Even the most agile mind cannot willingly escape the frailness of the human form. As such, the foul plague upon the household syphoned a considerable energy from their work and left them bed-ridden for months on end. <br />
Diseases1B_Title;Rest and Time
Diseases1B_Content;It seemed that the cousins were fortunate in their early years. Even the most agile mind cannot willingly escape the frailness of the human form. However, with a strict regimen of rest, diet, and bloodletting, these deficiencies could mostly be nullified.<br />
// ---Gen 1 Insanity No Action---;
Gen1InsanityNoAction_0_Title;More Time Than Ever
Gen1InsanityNoAction_0_Content;{{0=...|Oliver|James|Olivia|...}} II's parent had instilled in them a strict work ethic. Their refusal to purchase a summer home at their colleague's insistence, while stressful, had allowed them time to engender this familial connection.<br /><br />And so this matter of written refusal was handled with the utmost brevity, allowing them to focus on the monumental task at hand.<br /><br />
// ---Gen1 Creepy Refusal Build---;
Gen1CreepyRefusalBuildA_Title;Order of St. Hubertus
Gen1CreepyRefusalBuildA_Content;Consumed by the immense scientific enterprise they have undertaken, the cousins rarely allowed moments to indulge visitation. However, after they had ignored several missives from the Order, a group of individuals arrived at {{0=...|Oliver|James|Olivia|...}}'s estate with an un-sprung cart full of building materials.<br /><br />It appeared that they were aware of their <b>parent's refusal</b> to accept a gift from the Fraternity of Hunters. So, regardless of {{0=...|Oliver|James|Olivia|...}}'s current allegiances, they had procured the necessary materials to construct a gift and were set upon the task immediately. <br /><br />
Gen1CreepyRefusalBuildB_Title;Fraternity of Hunters
Gen1CreepyRefusalBuildB_Content;Consumed by the immense scientific enterprise they have undertaken, the cousins rarely allowed moments to indulge visitation. However, after they had ignored several missives from the Fraternity, a group of individuals arrived at {{0=...|Oliver|James|Olivia|...}}'s estate with an un-sprung cart full of building materials.<br /><br />It appeared that they were aware of their <b>parent's refusal</b> to assist the evil schemes of the Order of St. Hubertus. So, regardless of {{0=...|Oliver|James|Olivia|...}}'s current allegiances, they had procured the necessary materials to construct a gift and were set upon the task immediately. <br /><br />
// ---Refusal Event---;
RefusalEvent_Title;An Illuminating Conversation
RefusalEvent_Content;As the black carriage approached, the young man paused in his duties and lit a small pipe. In these dark times, a stablehand knew more about the comings and goings of the townsfolk than most anyone in the region. A few conspiratorial words and he was generous with information.<br /><br /><b>I introduced myself as:</b><br />
RefusalReveal_0_Content;"You do well to proceed with caution," The stable hand stated. "The situation, as I understand it, is simple. The Order of St. Hubertus is {{0=|good|evil}}. Fraternity of Hunters is {{1=|good|evil}}. It doesn't get much simpler than that, to me at least."<br /><br />{{2=?|"The Order wants the village to become a haven for outcasts. They're set to <b>expose</b> the evils in the region and if they do, you can be sure they'll build a University with <b>skilled workers</b>."|"The Order - not sure what they really want per se. Something about unleashing a horrible vengeance on mankind. It isn't very specific. They want to keep their work <b>concealed</b> and are even now setting up a way to perform their <b>Experiments</b>."}}<br /><br />{{3=?|" The Fraternity -  the usual good guy routine. <b>Expose</b> injustice in the village today and hunt down the demons that roam the countryside. If you want to <b>regain your sanity</b> in this messed up world, they'll be the ones to aid."|" <b>Money</b>, power, influence. If the Fraternity can use these dark secrets to their advantage, they will. They want to <b>conceal</b> their work in the village. They prey on the weak-willed and gullible."}} He punctuated his final statement with a puff of acrid tobacco.<br /><br />{{4=...|Oliver|James|Olivia|...}} was fascinated by the idea of not one, but two secret societies hiding in this very village. The stable hand, after an exchange of some coin, was even willing to give instructions on how to contact the factions for membership. {{4=...|Oliver|James|Olivia|...}} was presented with a curious dilemma indeed.<br /><br /><b>You may choose to:</b><br /><br />
RefusalReveal_0_Content1;<link=0>Join the Order of St. Hubertus.</link><br /><br /><link=1>Join the Fraternity of Hunters.</link><br /><br />OR<br /><br /><link=2>Leave and do Nothing.</link>
WolfJoin_Title;Order of St. Hubertus
WolfJoin_Content;A messenger in a gray cloak marked with the insignia of a wolf's head arrived at the estate one evening. They smiled and the gleam of their white teeth shone in the moonlight.<br /><br />
WolfJoin_Content1;<link=0>Pledge your service to the Order of St. Hubertus.</link><br /><br /><link=1>Decide to do nothing instead.</link>
HunterJoin_Title;Fraternity of Hunters
HunterJoin_Content;A messenger arrives at sunset wearing a pendant around their neck with a golden bow and arrow insignia upon it. They wait expectantly for your correspondence.<br /><br />
HunterJoin_Content1;<link=0>Pledge your service to the Fraternity of Hunters.</link><br /><br /><link=1>Decide to do nothing instead.</link>
JoinedAlready_Title;A Busy Day
JoinedAlready_Content;The man looked at {{0=...|Oliver|James|Olivia|...}} quizzically for a moment before shaking his head and returning to work. {{0=...|Oliver|James|Olivia|...}} had already joined a faction and continued on their way after the fog cleared from their mind.<br /><br />
// ---Building Signin---;
BuildingSignin0_Title;Investigation
BuildingSignin0_Content;After visiting the establishment, the peculiar attitude of the workers and the pristine furnishings further piqued their curiosity. Several days later, they decided to forgo their scientific obligations for one evening and investigate the {{0=| |Hardware Store|Wire Service|Book Store|Warehouse|Pet Store}}.<br />
BuildPlay_Title;Continuing Investigation - Compiled Journal Entries of {{0=...|Oliver|James|Olivia|...}}
BuildPlay_Content;{{2=|I arrived at the {{0=| |Hardware Store|Wire Service|Book Store|Warehouse|Pet Store}} under cover of darkness. I was ill-suited for such stealthy missions, but I kept my cloak and collar about my neck to conceal my identity in case I was discovered.|A thick fog shrouded my approach on the cool night that I chose to investigate the {{0=| |Hardware Store|Wire Service|Book Store|Warehouse|Pet Store}}. I asked the carriage driver to await my return on the outskirts of town, while I stole away into the empty streets. Nary a soul was about on this evening, and I was soon inside without arousing suspicion.|To my chagrin, a {{1=?|gentleman|gentlewoman}} stood near the front door of the building. At this late hour, I could only assume that they were standing guard. Not to be thwarted so easily, I tilted my hat to obscure my face and stalked into the alley behind. The lock on the rear door was a trifle for my tools, and I entered without a sound.}}<br /><br />I could either provide evidence to help <b>expose</b> the secret inner workings of the building or I could <b>conceal</b> the truth and allow the work to continue. <b>The decision was clear to me:</b><br /><br />
BuildPlay_Content1;<link=0>I exposed the truth.</link><br /><br /><link=1>I concealed the true purpose.</link>
ExposeConfirmation_Title;Exposed
ExposeConfirmation_Content;I knew it was the correct decision. To allow this terrible work to continue unabated would not align with my own crucial endeavors. But, would my cousins feel the same way?
ConcealConfirmation_Title;Concealed
ConcealConfirmation_Content;Knowledge may have been my main pursuit when investigating the suspicious building, but now with a complete understanding of the devious machinations inside, I decided to err on the side of secrecy. But would this be enough?
// ---Dev Event Cure---;
DevEventCure_Title;An Alternative Cure
DevEventCure_Content;An envoy from the {{0=?|<b>Order of St. Hubertus</b>|<b>Fraternity of Hunters</b>}} arrived bearing an interesting narrative and a shimmering tincture of liquid. She visited each of the manors in turn unable to conceal her wicked grin and laughter as she did so.<br /><br />"The brotherhood has heard of your suffering and we wish to offer an exchange. For a meager bit of knowledge, we present a cure. Drink of this liquid and your dreaded affliction will cease," she said as a bolt of lightning arced across the sky above.<br /><br />
Diseases2A_Title;A Cleansing
Diseases2A_Content;When the symptoms grew too fierce, they locked themselves away inside one of the myriad rooms of their estate. This resulted in an unfortunate loss of productivity and an odiferous contamination. When chemicals would not suffice for cleansing, it was deemed necessary to burn the entire room and start again.<br />
Diseases2B_Title;Wasted Potential
Diseases2B_Content;While the disease that plagued the scientists was manageable, the effects were still tiresome. Time spent advancing what they considered "true science" was instead squandered upon practical medical applications to assuage their own afflictions.<br />
// ---Gen 1 Creepy Conceal Expose---;
Gen1CreepyConcealExpose_0_Title;Under Cover of Darkness
Gen1CreepyConcealExpose_0_Content;On an unseasonably warm evening with a thick fog obscuring their arrival, an operative from the {{0=?|Order of St. Hubertus|Fraternity of Hunters}} knocked upon the estate door. There, at the entranceway with no intent to venture further, the man addressed {{1=...|Oliver|James|Olivia|...}} II in an authoritative tone.<br /><br />{{2=|"We have decided to forgive your family's debt to us due to your recent pledge of loyalty. I was sent to offer this word of salutation and reminder that we are pleased. Consider this canceled debt as our gift to you." The man, with a ceremonial air, then lifted a piece of parchment before him and, with a quick slice, let the cleaved paper fall to the stone steps.<br /><br />After {{1=...|Oliver|James|Olivia|...}} and the man exchanged their secret handshake, the meeting was over and the carriage was once again swallowed by the mists.|The man peered out from under his cloth hood, his eyes glowing with unnatural light. "We are displeased with your decision to forgo aligning yourself with our numbers. Fortunately for yourself, we will assume this is merely ignorance on your part and kindly ask for immediate remuneration," the man stated while several other cloaked individuals emerged from their carriage, small blades visibly clutched between their fingers.<br /><br />The gentlemen were kind enough to offer {{1=...|Oliver|James|Olivia|...}} II a choice of debt repayment.|"We have decided to forgive your family's debt to us due to your recent pledge of loyalty. I was sent to offer this word of salutation and reminder that we are pleased. Consider this canceled debt as our gift to you." The man, with a ceremonial air, then lifted a piece of parchment before him and, with a quick slice, let the cleaved paper fall to the stone steps.<br /><br />After {{1=...|Oliver|James|Olivia|...}} and the man exchanged their secret handshake, the meeting was over and the carriage was once again swallowed by the mists.|"We are displeased with your decision to forgo aligning yourself with our numbers. Fortunately for yourself, we will assume this is merely ignorance on your part and kindly ask for immediate remuneration," the man stated while several other burly individuals emerged from their carriage, tapping various gleaming bludgeoning instruments against their palms.<br /><br />The gentlemen were kind enough to offer {{1=...|Oliver|James|Olivia|...}} II a choice of debt repayment.}}<br /><br />
/// ---Buildings End---;
BuildingsEnd_Title;Good or Evil Intent
BuildingsEnd_Content;As they entered their twilight years, the results of the family's investigative efforts became known. The town, no longer in complete poverty, began to attract new interest from those with both genuine and nefarious motivations. The true intent of the family members was revealed.<br />
BuildingsEnd_Content1;The evil activities of the {{0=| |Hardware Store|Wire Service|Book Store|Warehouse|Pet Store}} were <b>thwarted</b> by our efforts. 
BuildingsEnd_Content4;The evil activities of the {{0=| |Hardware Store|Wire Service|Book Store|Warehouse|Pet Store}} were <b>successful</b> because of our collective efforts to obscure and conceal. 
MostInvestigated_Title;Most Investigations
MostInvestigated_Content;{{0=...|Oliver|James|Olivia|...}} performed the most investigative actions. This did not go unnoticed by the {{1=| |Fraternity of Hunters|Order of St. Hubertus}}, and despite their allegiances, they felt this exploratory spirit worthy of reward.<br /><br />
DiseaseEnd_Title;Longevity and Clarity
DiseaseEnd_Content;Notes from this time period detail potential blueprints for a special room -  a sanguine coagulant encased in a glass bubble and fed with an electrical current. Although there are no further mentions of the device, peculiarities in historical accounts suggest that some in the next generation received advice and assistance from an unknown source.<br />
DiseaseEffectA_Title;A Continuing Malady
DiseaseEffectA_Content;It appeared that the effects of the disease had been inherited by the next Generation. Without a cure, symptoms of this ailment began to surface at an early age and would carry on through the remainder of their lives.<br />
DiseaseEffectB_Title;Not Passed Down
DiseaseEffectB_Content;Twenty years passed without incident. As they were known to state, the only true science was that which one could observe plainly to a most dizzying effect. Surely, there would have been signs of the disease resurfacing in the next generation by then if it were truly a hereditary disease.<br /><br />Family curse? They dismissed it as simple superstition.<br />
DevastationFate1_Title;Strong Alliance
DevastationFate1_Content1;The ties that bound the family to these secret warring factions changed the course of history.<br /><br />
DevastationFate1_Content2;{{1=|While secrets could not forever be kept, the silent assistance of {{0=|two|three|four}} influential members of the upper crust ensured that the <b>Hunters</b> could progress in their endeavors long enough to make their presence integral to the town. For a price, they swore to protect all citizens from the disease and darkness that had enveloped the countryside.<br /><br />|By exposing the nefarious work of the <b>Order of St. Hubertus,</b> the additional attention forced them to leave the region. Motivated by the promise of swift justice, the <b>Fraternity of Hunters</b> created a stronghold in the town. They swore at all costs to protect the town from the evils that roamed the land.<br /><br />|While secrets could not forever be kept, the silent assistance of {{0=|two|three|four}} influential members of the upper crust ensured that the <b>Order</b> could progress in their endeavors long enough to make their presence integral to the town. They immediately began to advance their schemes.<br /><br />|By exposing the insidious deeds of the <b>Fraternity of Hunters,</b> the additional attention forced them to quit the region. Motivated by the promise of swift justice, the <b>Order of St. Hubertus</b> created a stronghold in the town. They swore to provide a haven for all outcasts.<br /><br />}}
HelpingEvil_Title;A Reward for Service
HelpingEvil_Content;Upon receipt of their inheritance, the newest Generation of scientists were surprised to find a generous addendum attached by the {{0=| |Fraternity of Hunters|Order of St. Hubertus}}. Aside from the notoriety afforded by this gift, as promised, a permanent structure was to be erected on their properties to aid in their experimental pursuits.<br /><br />
//====== Shared - Immortality Deterioration ======;
DetEffect1_Title;<b>Immortality Deterioration</b>
DetEffect1_Content;With increased life also came the unfortunate reality that the human brain was not equipped to process the sheer quantity of trauma and memories over multiple generations. And although the body could remain healthy, the mind was still susceptible to the ravages of time.
DetEffect2_Title;<b>Immortality Deterioration</b>
DetEffect2_Content;Living multiple lifetimes caused those with the gift of immortality to grow weary of human interaction. Over time, they became increasingly callous and detached from the mortal world, viewing their servants and neighbors as mere fleeting tools in a grand, eternal design.
DetEffect3_Title;<b>Immortality Deterioration</b>
DetEffect3_Content;Though the cellular degradation of aging had been halted, the physical vessel still demanded sustenance far beyond that of an ordinary mortal. Their veins burned with a ravenous, unending hunger for fresh vitality to sustain their unnatural longevity.
DetEffect4_Title;<b>Immortality Deterioration</b>
DetEffect4_Content;Eternal life was a fragile miracle. A single miscalculation in the dosage of the serum or a sudden, violent shock to the nervous system could trigger catastrophic cellular collapse—turning an immortal into a prized specimen for their rivals.
DeteriorationHub_Title;<b>Active Immortality Deterioration Effects</b>
DeteriorationHub_Content;{{0=?|<b>Mental Fragility:</b> Players with an Immortality Token move 1 additional space whenever they move forward on the <icon=Insanity_Icon> Track.<br /><br />|}}{{1=?|<b>Emotional Detachment:</b> Players with an Immortality Token move 1 additional space whenever they move forward on the <icon=Creepy_Icon> Track.<br /><br />|}}{{2=?|<b>Unending Hunger:</b> At the start of each round, players with an Immortality Token must pay $2 or move 1 of their Servants to Lost.<br /><br />|}}{{3=?|<b>Cellular Collapse:</b> If a player with an Immortality Token ever reaches the final space of the <icon=Insanity_Icon> Track or is overtaken by the <icon=AngryMob_Icon>, they suffer a fatal cellular collapse.|}}
//====== Shared - Final Scoring & Endings ======;
Scoring_Title;<b>Final Scoring</b>
Scoring_Content;The Third Generation has come to an end. Complete all normal End of Game scoring as described in the rulebook.<br /><br />{{0=?|<b>Lycanthropic Strength Check:</b> Check to make sure the player with <b>Lycanthropic Strength</b> completed their Masterwork. If they did not, they <b>lose 5VP</b>.<br /><br />|}}{{1=?|<b>Immortality Check:</b> Check to make sure the player with <b>Immortality</b> completed their Masterwork. If they did not, they <b>lose 5VP</b>.<br /><br />|}}Once all players have tallied their final scores, click below to record them for posterity.
ScoreEntryP1_Content;Please enter the final score for <b>{{0=...}}</b>:
ScoreEntryP1Confirm_Content;Thank you for recording this important historical information, <b>{{0=...}}</b>.
ScoreEntryP2_Content;Please enter the final score for <b>{{0=...}}</b>:
ScoreEntryP2Confirm_Content;Thank you for recording this important historical information, <b>{{0=...}}</b>.
ScoreEntryP3_Content;Please enter the final score for <b>{{0=...}}</b>:
ScoreEntryP3Confirm_Content;Thank you for recording this important historical information, <b>{{0=...}}</b>.
ScoreEntryP4_Content;Please enter the final score for <b>{{0=...}}</b>:
ScoreEntryP4Confirm_Content;Thank you for recording this important historical information, <b>{{0=...}}</b>.
TieBreakerMasterwork_Title;<b>First Tie-Breaker: Masterwork Completion</b>
TieBreakerMasterwork_Content;There is a tie for first place between: <b>{{0=...}}</b>.<br /><br />Did all tied players complete their Masterwork?
TieBreakerMasterworkSelect_Title;<b>First Tie-Breaker: Select Completed Masterworks</b>
TieBreakerMasterworkSelect_Content;Select the tied players who <b>completed</b> their Masterwork:
TieBreakerUpgrades_Title;<b>Second Tie-Breaker: Estate Upgrades</b>
TieBreakerUpgrades_Content;Which of the remaining tied players built the most <b>Estate Upgrades</b>?
WinnerDisplay_Title;<b>Final Standings</b>
WinnerDisplay_Content;{{0=...}}<br /><br /><b>{{1=...}}</b> is the winner!<br /><br />Click below to reveal the conclusion of your family's story.
END_WolvesEvil1_Title;<b>A Monstrous Legacy</b>
END_WolvesEvil1_Content;In the decades that followed the culmination of <b>{{0=...}}</b>'s grand work, the shadow of the Order of St. Hubertus never truly lifted from the valley of <b>{{1=...}}</b>. Though the worst of the feral curse had been tempered, the alliance forged between scientific ambition and bestial power reshaped the hierarchy of the region forever.<br /><br />Travelers who ventured through the Carpathian foothills spoke in hushed tones of the grand estates overlooking the village, where silver-eyed guardians patrolled the iron gates and strange, howling cries echoed alongside the hum of electrical apparatus.<br /><br /><b>THE END?</b>
END_WolvesEvil2_Title;<b>The Spread of Evil</b>
END_WolvesEvil2_Content;I write these final words under candle-light, from a shelter I have fashioned in the crawl-space beneath the manor. For a desk, a dusty plank of cedar. I try to keep my utensils above the floor which can become musty and dank during my frequent overnight stays: a dull quill, ink, several lengths of charcoal, a ream of parchment. It is no longer safe to sleep in my bed when night falls. The creatures emerge from the shadows to feed on the few souls that still remain, or to irreversibly change them into shambling horrors most unimaginable.<br /><br />To think that my work to uncover the genealogy of a mildly successful scientific family would cause me to become consumed by a maelstrom of spreading evil! It is my hope that when I complete this writing (if I complete this writing), that these words will offer a history to condemn these fools and their complicity with demons. The world must know who is responsible. It must condemn the group who coddled darkness and made a mockery of science!<br /><br />O God, I hear the creatures again! Their malformed claw-tips scratching at the floorboards! Damn them for what they have done! Damn this infernal work. For it has unleashed a plague upon the land of which there can be no end in sight.<br /><br /><b>THE END?</b>
END_HuntersEvil1_Title;<b>Triumph Over the Fraternity</b>
END_HuntersEvil1_Content;With the Fraternity of Hunters exposed and cast down from their seat of power, the village of <b>{{1=...}}</b> breathed a collective sigh of relief—unaware that they had merely traded the tyranny of superstitious zealots for the quiet dominion of <b>{{0=...}}</b>.<br /><br />Unfettered by the Fraternity's extortion and interference, the family's laboratories operated at full capacity. History would remember the exposure of the Hunters' charlatanry as a triumph of rationalism, even as the true nature of the experiments conducted behind the manor walls remained locked in the family archives.<br /><br /><b>THE END?</b>
END_HuntersEvil2_Title;<b>Overshadowed and Exploited</b>
END_HuntersEvil2_Content;While this history may contain a modicum of inconceivable occurrences that stretch the limits of the imagination, it remains a peculiar story relegated to an obscure place and time. It is a mostly forgotten artifact of an era of pseudo-science and speculation that amounted to very little historical significance.<br /><br />For it was not the experimentations of {{0=|two|three|four}} ambitious and incredulous scientists that were remembered, it was the Hunters that amassed fame, wealth, and respect on the backs of the superstitious peasants. The disease that wreaked havoc on the countryside was ignored, recast as a demonic presence from folklore, one that could only be kept at bay through the continued vigilance of the Fraternity of Hunters, which of course came at a great financial cost.<br /><br />Over the next several years, the Fraternity and its members abandoned the town for more lucrative positions within the government. Soon the not-so-secret society became the affluent aristocrats controlling the entirety of the Hungarian political establishment from the shadows. And the family, who once commanded a measure of reverence, were assigned to obscure prefectures of their own across the country.<br /><br />If this story is to be believed, then their knowledge still remains trapped within the decaying walls of stone estates overlooking the forgotten village of <b>{{1=...}}</b>. The work was finally over.<br /><br /><b>THE END?</b>
END_WolvesGood1_Title;<b>Harmony in the Valley</b>
END_WolvesGood1_Content;Through restraint and an unlikely compact with the reformed Order of St. Hubertus, <b>{{0=...}}</b> and the family witnessed the transformation of <b>{{1=...}}</b> into a sanctuary unlike any other in Europe. The hybridized citizens and townsfolk lived side by side in industrious peace, their unique talents fostering an era of ecological and scholarly renewal.<br /><br />Though the family's macabre methods had often tested the patience of their neighbors, the final completion of their grand work cemented their legacy as eccentric visionaries who bridged the divide between humanity and the mysteries of nature.<br /><br /><b>THE END?</b>
END_HunterGood1_Title;<b>Guardians of the Night</b>
END_HunterGood1_Content;Having stood shoulder to shoulder with the Fraternity of Hunters during the blood-moon hunts, <b>{{0=...}}</b> emerged not only as a preeminent scientific mind, but as a celebrated protector of <b>{{1=...}}</b>. With the nocturnal horrors vanquished from the surrounding forests and moors, prosperity returned in full measure to the valley.<br /><br />The fusion of the Fraternity's vigilance and the family's engineering and scientific breakthroughs turned the once-plagued village into a bastion of security and progress.<br /><br /><b>THE END?</b>
END_NoUniGood_Title;<b>A Self-Made Legacy</b>
END_NoUniGood_Content;Denied the prestige of a formal University, <b>{{0=...}}</b> and their cousins proved that true genius requires no institutional validation. Working from their hilltop estates and drawing inspiration from the lively, eccentric spirits of <b>{{1=...}}</b>, the family forged their own path to scientific immortality.<br /><br />The bespoke Masterworks born in those final years defied every convention of the academy, leaving historians to marvel at how such a small Hungarian town became the cradle of wonders that reshaped the modern world.<br /><br /><b>THE END?</b>
END_UniGood_Title;<b>Editor's note - August 1923</b>
END_UniGood_Content;Hello Ensign,<br />I've looked over the manuscript you submitted and I have to admit that it is not what I would have expected. The foreword promises a harrowing and potentially supernatural series of events that test the limits of imagination. However, the story tells a cohesive and somewhat uplifting tale of a family of reformed scientists making the world a better place. I admit that in some cases the means to which this is accomplished is morosely detailed and quite unorthodox, but overall the story seems incomplete.<br /><br />If I may paraphrase: A scientific family enters into the political theater and then assists the Church with charitable donations towards building a hospital. This decision results in prosperity in the region {{0=?|"which is further improved by the generous creation of an unprecedented cure for Yellow Fever." |}}{{1=?|After which, they put on an excellent Symposium that attracts a University to the area. |}}{{2=?|They even create an unintentional vaccine that essentially eliminates all disease from the region. |}}Ultimately, their work is instrumental in catapulting Hungary and <b>{{3=...}}</b> into the international spotlight. It is very uplifting and has a good potential to sell well to the burgeoning educational market in London.<br /><br />Recommendation - alter descriptions in early chapters to reflect a more uplifting tale. Omit horror and supernatural elements. Offer happy ending.<br /><br />I look forward to seeing your revisions.<br /><br /><b>THE END?</b>
//====== Gen 3 - GloomyGothic ======;
GloomyGothic_Title;<b>Darkness Over the Valley</b>
GloomyGothic_SafeAndProtected_Title;<b>Safe and Protected</b>
GloomyGothic_TheHuntersRest_Title;<b>The Hunter's Rest</b>
GloomyGothic_Taxation_Title;<b>Taxation</b>
GloomyGothic_TheHuntIsOn_Title;<b>The Hunt is On!</b>
GloomyGothic_TheHuntersHaven_Title;<b>The Hunter's Haven</b>
GloomyGothic_FinalTaxation_Title;<b>Final Taxation</b>
GloomyGothic_MasterworkCompletion_Title;<b>Masterwork Completion</b>
GloomyGothic_MonsterSpawn_Title;<b>Monster Spawn</b>
GloomyGothic_HybridSchool_Title;<b>School for Hybridized Individuals</b>
GloomyGothic_GiftOfSpawning_Title;<b>Gift of Spawning</b>
GloomyHunterIntro_SubTitle;<b>The Fraternity's Iron Grip</b>
GloomyHunterIntro_Content;Decades after a bloody revolution led by the zealots of the Fraternity of Hunters, your grand estate is a crumbling shadow of its former glory. Now even the name of the town is an unmentionable blasphemy, a vestige of an idyllic past that was consumed by flame along with the witches and heretics the Fraternity executed after its ascent to power.<br /><br />The old traditions are forgotten now, replaced by fear and blind obedience. And while some whisper of a brave group of scientists whose studies have persisted in the dark for generations, most speak only words of the Fraternity's righteous dogma.<br /><br />Through all this, your estate still hovers upon the distant peak and continues in its work - an unwelcome symbol of the persistent nature of knowledge.
GloomyWolvesIntro_SubTitle;<b>Reign of the Order</b>
GloomyWolvesIntro_Content;Since the uprising led by the Order of St. Hubertus during the last generation, the once cozy and idyllic town has changed into a brooding, gothic city. Now even the former name of the town is a distant memory, forgotten after the bloody and primal battle between the Order and the Fraternity of Hunters.<br /><br />Once vibrant traditions have now been replaced by reverence and superstition. Most of the townsfolk keep to themselves behind barred doors while the local scientists continue their dark studies freely. And why would anyone interfere with your experiments when there are beasts lurking in the mist?<br /><br />After all these years, your estate still stands prominently at the peak - an unwelcome reminder of the cost of curiosity.
EvilConsequences_Title;<b>Reaping What Was Sown</b>
EvilConsequences_Content;One crisp morning early in the year, there is a loud knocking upon your laboratory door. An authoritative voice shouts to be let in. The moment your servant opens the door a crack, a tall member of the {{0=?|Fraternity of Hunters|Order of St. Hubertus}} barges in, flanked by two heavily armed associates.<br /><br />"Our group does not remember those who opposed us fondly," the emissary says coldly. Though their faction rose to absolute power in the town, they have not forgotten those members of the family who failed to pledge their loyalty during the secret war of the previous generation.
EvilMayor_Title;<b>Darkness Overtakes the Town</b>
EvilMayor_Content;A dark mood has settled upon the town ever since the bloody conflict ended. Where thriving commerce once surrounded the municipal Bank founded by <b>{{0=...}}</b>, now members of the {{1=| |Fraternity of Hunters|Order of St. Hubertus}} extort steep tariffs from the townsfolk and seize the Bank's reserves to finance their iron rule.<br /><br />Naturally, the family of <b>{{0=...}} III</b> is forced to bear the brunt of this confiscation.
MayorLibraryEvil_Title;<b>The Purge of Reason</b>
MayorLibraryEvil_Content;Before the smoke of the revolution had fully cleared, members of the {{2=?|Fraternity of Hunters|Order of St. Hubertus}} marched down the streets of <b>{{1=...}}</b> with lit torches in hand. Their dark procession ended on the steps of the public Library constructed during the term of <b>{{0=...}}</b>, the former mayor. From the windows, the distinct glow of firelight soon danced in the night.<br /><br />Keenly aware of the threat posed by independent education, the new rulers purged the volumes within, reducing the once great repository of learning to a smoldering ruin and singling out the heir of <b>{{0=...}} III</b> for public humiliation.
LosingOrderAid_Title;{{0=?|<b>The Hunters Cast Out</b>|<b>The Order Cast Out</b>}}
LosingOrderAid_Content;With the {{0=?|Order of St. Hubertus|Fraternity of Hunters}} holding absolute sway over the valley, those cousins who had secretly allied with the rival faction in the previous generation received one last clandestine visit from their defeated benefactors before they fled the region forever.
TaxesEventStart_Title;<b>Oppressive Taxation</b>
TaxesEventStart_Content;With the Fraternity of Hunters firmly in control of the town, their inquisitors waste no time imposing harsh new decrees. A detachment of armed guards arrives at the estate gates, nailing a heavy parchment to the wooden door.<br /><br />By order of the High Inquisitor, all landowners must pay a recurring tithe to fund the Fraternity's ongoing campaigns.
CharityNegCons_Title;<b>Misplaced Charity</b>
CharityNegCons_Content;The Fraternity of Hunters sneered at the charitable legacy of <b>{{0=...}}</b>. In their eyes, coddling the weak and funding public relief had only prolonged the pestilence—and they ensured <b>{{0=...}} III</b> paid dearly for their ancestor's soft heart.
EvilWolvesEventStart_Title;<b>The Order's Demands</b>
EvilWolvesEventStart_Content;Having seized control of the town, the Order of St. Hubertus now operates openly from the shadows of the gothic cathedral. Their emissaries soon pay a visit to the estate on the hill.<br /><br />"Our brothers shed much blood to secure the peace you now enjoy," the pale envoy says with a faint, predatory smile. "The Order requires a steady supply of scientific breakthroughs to maintain our strength. We trust your laboratories will prove... cooperative."
VialCharity_Title;<b>A Token of Gratitude</b>
VialCharity_0_Content;Because the family of <b>{{0=...}}</b> generously donated to charity in the previous generation, a small underground resistance managed to survive the purge. One night, a hooded figure slips through the estate gates of <b>{{0=...}} III</b> and leaves a small wooden box on the doorstep.<br /><br />Inside, resting on a bed of velvet, is a mysterious glowing vial accompanied by a brief note: <i>"Your family's past kindness has not been forgotten. Keep this secret from the others until the time is right."</i>
LycanthropicMessage_Title;<b>A Howl in the Night</b>
LycanthropicMessage_Content;As the full moon rises over the jagged rooftops of the town, an eerie chorus of howls echoes through the mist-shrouded valley. Among the papers left behind by your predecessors, a series of frantic journal entries details a terrifying curse that began taking root in the bloodlines of the town years ago.
LycanthropicMessage_Content1;<br /><br />Does any player have the <b>Lycanthropic Strength</b> Masterwork Experiment?
LycanEvil_Title;<b>The Beast Within</b>
LycanEvil_Content;The journal entries prove all too prophetic. The catalyst for this terrifying transformation now courses through the very streets below the estate, offering unprecedented power to the cousin bold enough to harness it.
MWTokenResolve_Title;<b>The Order's Inspection</b>
MWTokenResolve_Content;Word of your monumental achievement quickly reaches the ears of the Order of St. Hubertus. Before you can even celebrate the completion of your Masterwork, a cadre of dark-robed elders arrives at your laboratory to inspect your stockpiles, suspicious that you have been withholding valuable research from them.
GloomyPenalty1_Title;<b>The Tithe Collector</b>
GloomyPenalty1_Content;As the year draws to a close, the heavy boots of the Fraternity's tax collectors once again echo up the winding path to your estate. With cold efficiency, they tally the value of your holdings and demand an exorbitant sum in gold and research materials to fund their endless inquisitions.
Preposterous_Title;<b>Preposterous!</b>
Preposterous_Content;Watching the inquisitors haul away another crate of hard-earned supplies, the {{0=|two|three|four}} cousins gather in fury. How is the family supposed to complete its great work while these superstitious zealots bleed the estates dry?
EvilHunter1Event_Title;<b>Whispers of Rebellion</b>
EvilHunter1Event_Content;Later that week, in the dimly lit back alleys of <b>{{0=...}}</b>, the cousins are approached by a scarred resistance leader wearing a tattered cloak. Keeping his voice to a hushed whisper, he reveals that a secret cell of townsfolk and scholars is planning to ambush the Fraternity's high command—and they need the family's scientific arsenal to succeed.
EvilHunter1Event2_Title;<b>Weighing the Risks</b>
EvilHunter1Event2_Content;The cousins gather behind locked doors to debate the stranger's dangerous proposal. Supporting an assault against the Fraternity of Hunters could free the town—and your laboratories—from their oppressive taxes once and for all, and allow you to loot their occult vaults. However, it will require a collective sacrifice of experiments during the next round.<br /><br /><b>Do the players agree to confront the Fraternity of Hunters?</b>
EvilHunter1Event2_Content1;<link=0>Yes! We will prepare to confront the Fraternity of Hunters.</link><br /><br /><link=1>No. It is too dangerous to oppose them.</link>
EvilHunter1EventYes_Title;<b>A Pact in the Shadows</b>
EvilHunter1EventYes_Content;Under the cover of darkness, the cousins send word to the resistance cell that they will stand together against the Fraternity. Over the coming years, secret shipments of experimental weapons and compounds must be prepared at the Hunter's Rest for the coming confrontation.
WolvesEvil1_Title;<b>The Order's Tribute</b>
WolvesEvil1_Content;As the winter frost settles over the gothic spires of the town, an emissary of the Order of St. Hubertus arrives at the estate in a black carriage. Stepping into the foyer, he extends a gloved hand and demands that each cousin present a completed experiment to bolster the Order's dark designs.
TieredRewards1_Title;<b>Tribute to the Order</b>
TieredRewards1_Content;"Those who contribute generously to our cause will find the Order most appreciative," the emissary purrs. "Those who refuse... will find that accidents happen all too easily in the night."
HunterConfrontation_Title;<b>The Night of Fire</b>
HunterConfrontation_Content;The appointed night has finally arrived in <b>{{0=...}}</b>. Rain lashes against the cobblestones as the resistance fighters gather in the shadows outside the Fraternity's fortified headquarters. Signal lanterns flash from the bell tower, calling upon the cousins to bring forth the experimental arsenal they pledged to the uprising.
CannotParticipate_Title;<b>Gathering the Arsenal</b>
CannotParticipate_Content;Before the assault begins, any cousin who stored completed Experiments on their Hunter token may now contribute them to the rebellion's war effort—and claim the spoils seized from the Fraternity's vaults.
HunterConf2_Title;<b>Storming the Bastion</b>
HunterConf2_Content;With explosive vials shattering the heavy oak doors, the rebels surge into the courtyard of the Fraternity's bastion! Musket fire illuminates the pouring rain as the inquisitors rally to defend their stronghold.<br /><br />To break through the Fraternity's elite guard, the totalVictory Point value of all Experiments contributed by the family must equal or exceed <b>{{0=...}} VP</b>!
HunterConf3_Title;<b>Clashing in the Courtyard</b>
HunterConf3_Content;Steel rings against steel amidst the mud and smoke as the family's experimental weapons are unleashed upon the bastion.<br /><br /><b>Did the total Victory Point value of the contributed Experiments equal or exceed {{0=...}} VP?</b>
HunterConf3_Content1;<link=0>Yes! Our combined arsenal reached or exceeded {{0=...}} VP.</link><br /><br /><link=1>No. Our forces fell short of {{0=...}} VP.</link>
OhYesTheyDead_Title;<b>The Tyrants Overthrown</b>
OhYesTheyDead_Content;With a final, thunderous blast from your alchemical charges, the inner sanctum breaches! The High Inquisitor and his lieutenants are overwhelmed before they can escape into the catacombs. As dawn breaks over <b>{{0=...}}</b>, the banners of the Fraternity are torn down and burned in the town square.<br /><br />Freed from the suffocating grip of the zealots and their crippling taxes, the cousins return to their laboratories in triumph.
ConfrontationFail_Title;<b>Crushed by the Inquisition</b>
ConfrontationFail_Content;Despite the fierce assault, the Fraternity's defenses hold firm. Reinforcements pour from the barracks, surrounding the rebels in the courtyard. Barely managing to escape through the smoke and chaos, the cousins flee back to their estates as the uprising is ruthlessly crushed—though those who contributed their research still managed to pilfer <b>{{0=...}} VP</b> per donated Experiment from the outer vaults.
TaxesEventNoConfrontation_Title;<b>Unchecked Tyranny</b>
TaxesEventNoConfrontation_Content;Without the support of the estates on the hill, the fledgling resistance movement withered before it could ever strike a blow. Emboldened by the town's complete submission, the Fraternity of Hunters tightened its iron grip.
TaxesEventNoConfrontation2_Title;<b>Bowing to the Inquisitors</b>
TaxesEventNoConfrontation2_Content;The inquisitors march freely through the streets of <b>{{0=...}}</b>, expanding their tithes and patrols across every corner of the valley as the Fraternity's rule remains unchallenged.
WolvesVote_Title;<b>A Secret Conclave</b>
WolvesVote_Content;With the mysterious glowing vial still hidden within the family's reach, the cousins convene a midnight meeting. Preliminary tests confirm that the substance within is a potent alchemical catalyst capable of cleansing the lycanthropic affliction from the valley—or fetching a king's ransom if kept away from the water supply.
WolvesVote2_Title;<b>The Fate of the Vial</b>
WolvesVote2_Content;All players take their Voting tokens into their hands and secretly choose a side:<br /><br />A <b>Yay</b> vote is a vote to <b>use the Vial</b> to cleanse the town.<br />A <b>Nay</b> vote is a vote to <b>withhold the Vial</b> and let the holder sell it.<br /><br />Reveal all votes simultaneously. Did <b>Yay</b> win the vote (at least half of the votes)?
WolvesVote2_Content1;<link=0>Yes, the vote passed to cleanse the town.</link><br /><br /><link=1>No, the vote failed.</link>
WolvesVoteCheck_Title;<b>The Vial Holder's Prerogative</b>
WolvesVoteCheck_Content;Although the family voted to cleanse the town, the cousin who actually holds the Vial Token has the final opportunity to swap the vessel with a harmless decoy before it is poured into the reservoir.<br /><br />Did all players vote unanimously to use the Vial, OR did the holder of the Vial Token vote against it?
WolvesVoteCheck_Content1;<link=0>The Vial holder swapped it or sold it behind the others' backs!</link><br /><br /><link=1>The Vial holder agreed to unleash the cure!</link>
WolvesVoteChange_Title;<b>A Sudden Betrayal</b>
WolvesVoteChange_Content;Under the cover of mist, the true vial was quietly compromised before the waters of <b>{{0=...}}</b> could be fully purified, leaving only a diluted tincture to wash through the town's aqueducts while the remnant was peddled in the shadows.
VialSoldforLess_Title;<b>A Botched Transaction</b>
VialSoldforLess_Content;When the prospective buyer inspected the remaining contents of the vial and realized part of its potency had already been spent cleansing the town, they paid only a fraction of the promised sum before vanishing into the night.
TheVialUse_Title;<b>The Final Decision</b>
TheVialUse_Content;The fate of the glowing vial now rests squarely in the hands of <b>{{0=...}} III</b>.<br /><br /><b>{{0=...}} III</b>, will you pour the Vial into the town's water supply to cleanse the Order's curse, or sell it to the shadows for personal profit?
TheVialUse_Content1;<link=0>Pour the Vial into the aqueducts to cleanse the town.</link><br /><br /><link=1>Sell the Vial for profit and let the Order reign.</link>
VialChanged_Title;<b>Purifying Waters</b>
VialChanged_Content;The alchemical elixir courses through the fountains and wells of <b>{{0=...}}</b>. Over the following weeks, the terrifying howls that once haunted the night sky subside as the feral curse is tempered into a stable, civilized hybridization.
VialSold_Title;<b>Sold to the Shadows</b>
VialSold_Content;Choosing profit and self-preservation over mercy, <b>{{0=...}} III</b> secretly auctions the ancient vial to a wealthy collector. With the only threat to their feral curse removed, the Order of St. Hubertus grows bolder and more monstrous than ever.
WolvesEvil2_Title;<b>The Final Harvest</b>
WolvesEvil2_Content;Flushed with unchecked power, the elders of the Order return to the estates to demand another round of scientific tributes from the cousins.
GloomyPenalty3_Title;<b>The Final Tithe</b>
GloomyPenalty3_Content;Before the final chapter of your family's story concludes, the inquisitors of the Fraternity of Hunters make one last sweep through the estates, seizing a heavy toll in coin and research from every cousin.
AwardSpawningPods_Title;<b>Gifts of the Pack</b>
AwardSpawningPods_Content;{{0=?|Even with their feral curse tempered by the purified waters, the hybridized elders of the Order honor the scientific compact forged with the family, bestowing a final biological gift upon each estate.|In the final days of the era, the monstrous elders of the Order of St. Hubertus reward the family's complicity by granting each laboratory a living Spawning Pod from their cathedral depths.}}
//====== Gen 3 - Prosperity ======;
Prosperity_Title;<b>The Good Fight</b>
Prosperity_MonsterSpawn_Title;<b>MONSTER SPAWN</b>
Prosperity_Acceptance_Title;<b>Acceptance</b>
Prosperity_School_Title;<b>School for Hybridized Individuals</b>
Prosperity_ExperimentsAreFeared_Title;<b>Experiments are Feared</b>
Prosperity_FarmersMarket_Title;<b>Farmer's Market</b>
Prosperity_AngryMob_Title;<icon=StorybookToken> <b>Angry Mob</b>
Prosperity_HuntersHaven_Title;<b>Hunter's Haven</b>
Prosperity_EngineeringAchievement_Title;<b>Engineering Achievement</b>
Prosperity_EndlessHunt_Title;<b>Endless Hunt</b>
Prosperity_ScientificAchievement_Title;<b>Scientific Achievement</b>
ProsperityHunterIntro_SubTitle;<b>The Fraternity of Hunters</b>
ProsperityHunterIntro_Content;The disease had revealed a much deeper evil than the family could have ever expected: An evil ignorance that dwells within the minds of the people. It had not only left the previous generation in shambles, but imbued the townsfolk with a profound, insatiable fear, even as the town returned to relative stability. During the day, the people watched the forests, glimpsing dark shadows flitting between the trees. At night, they steeled themselves against the wailing howls of unseen terrors, dreading that their children would be stolen away from their beds.<br /><br />That was until the Fraternity of Hunters, emboldened by the success of their clandestine operations, emerged from the shadows on the night of a blood red moon. They wore long-tail coats of black, burgundy, and dark leather, a wooden cross hanging either from their necks or dangling from their sides. They clutched crossbows, whips, and daggers freshly glimmering with crimson fluid. Their blood-stained attire and steel-eyed gaze evoked the undaunted presence of ones who had peered into the void and returned forever changed.<br /><br />Their stated goal: to slay every last beast in the land and return those who had unleashed this foul plague back to the depths of hell from whence they came. The Fraternity turned the fear of the populace to their advantage. They fed the superstitions of the people, blaming the sickness and disease on fiendish creatures from the dark.<br /><br />While they did not require monetary compensation in return, what they did ask was much more severe. Their sanguine efforts could not be completed in isolation, so on nights when the blood moon rose high in the evening sky, a handful of townsfolk were chosen to assist the Hunters' party and venture into the unknown. The next morning, the surviving Hunters would return, their garments speckled in the blood of the beasts and holding aloft the severed trophies of monsters slain in the wilderness. It was only a matter of time before they would call upon the family.<br /><br />Perhaps driven by a sense of limited time or jealousy over the Hunters' ability to frighten the townsfolk even moreso than their own actions, the cousins continued their meticulous labors in earnest. However, they were deeply unaware of just how intertwined their fates would be to the Fraternity.
ProsperityWolvesIntro_SubTitle;<b>The Order Revealed</b>
ProsperityWolvesIntro_Content;I will attempt to relay the events as they were explained to me, though I fully understand the solemn repercussions of the unfathomable knowledge contained within this text.<br /><br />Could a period of prosperity emerge like a blooming lily in the shadow of a headstone? Could it thrive in soil so enriched by disease and death? With the evil machinations exposed and banished from the town, the Order of St. Hubertus was quick to answer these questions with reforms that cleared the smog and grayness from the streets. They tilled the fields till the beet flowers sprung from the earth, encouraged trade with nearby towns, and embraced modern conveniences, even so far as to negotiate an extension of the national electrical power grid. The youths, upon returning from university to claim their inheritance, could scarcely recognize the village from their childhood.<br /><br />But, it soon became clear why they were so determined to be accepted and improve their reputation. For one evening, when the blood moon crossed the evening sky, they transformed, revealing the monstrous beings they had kept secret for so many years as the unafflicted in the town looked on in horror.<br /><br />The beasts were real.<br /><br />But the beasts did not recognize their new forms as folly. Though their bodies shifted into monstrosities more animal than man - more wolven, with sharp features, claws, and steel-eyed gazes - they pleaded with the public for compassion. Should we not celebrate that which makes us different? Is it not these differences that allow us to grow stronger together?<br /><br />They believed that every creature was special in their own way and were convinced that reformation could tame the impulses of any creature be it man or beast. And with that hope in their hollow hearts, they endeavored to spread a message of love and acceptance to all humans.<br /><br />O poor, misguided wretches!<br /><br />Had the human inhabitants not suddenly found themselves outnumbered by a den of nightmarish beings, they may have voiced their opposition with violent reprisal. But, with no option to the contrary, the monsters retained their hellish visages and life returned to a semblance of normalcy.<br /><br />That is, until the scientists once again began their work in earnest and attracted the Order's attention.
GoodConsequences_Title;<b>The Consequences of Being Good</b>
GoodConsequences_Content;The sizzle of concentrated electricity, the sounds of agonized screams, the occasional plume of putrid smoke and teeth-rattling explosion, while these sounds were commonplace to hear emanating from the hilltop residences, they were nevertheless an increasing source of tension between the family's important research and the townsfolk. And while their etiquette would never allow them to directly address the issue, the lycanthropic citizens bristled at each frightening experiment all the same.<br /><br />The town was desperate to move forward and they could not stomach the cousins' ambitions, which only served to dredge up the weight of guilt over their tortured pasts.
Evilsforgive_Title;{{0=?|<b>Forgiveness</b>|<b>Still Wary</b>}}
Evilsforgive_Content;{{0=?|The scientists' doubts were put at ease when a werewolf in a brown sack suit took to the podium to preside over a town meeting. A mixture of lycanthropic beings, horned beasts, and those still holding onto their humanity were in attendance outside the school. The force of the wolf's words caused tears to stream down their cheeks.<br /><br />"We want to shatter those unfortunate stereotypes. We hold no grudges. We want to work with you all, not against you. The child should not be punished for the sins of the father. You are all welcome." The werewolf blew their cold nose into their handkerchief as a rumbling cheer rose from the crowd.<br /><br />As a token of this myth-shattering event, many handshakes were exchanged that day and a promise was made to press forward into a more modern era - an era where science could improve their lives ten-fold!|In the evenings, the Fraternity gathered in the former Town Hall and celebrated their political takeover of the small town. Observers could hear their loud revelry echo through the streets late into the night. The townsfolk had no reason to doubt their loyalty as it appeared that their activities kept both sickness and superstitions at bay.<br /><br />For the family members that had aided them in their efforts, they wore wide false-smiles and offered toasts to their continued partnership. But, for those who had plotted against them, they remained wary.}}
EquitableValues_Title;<b>Deplorable Equity</b>
EquitableValues_Content;For the first time in decades, the townsfolk expressed a sense of community, a singular and modern identity. {{0=?|The Order of St. Hubertus remained an official moniker, but a new, more democratic society emerged. The secrets that had remained hidden for so long had finally been exposed and the sense of freedom was finally something worth protecting.|While members of the Fraternity attended to their dark business, sharpening their skills and weapons on their own, the town remained resolute in their ability to rid the surrounding hills of evil.}}<br /><br />Unlike previous generations that were keen to allow an aloof eccentric to isolate themselves amongst the rocky crags at the valley's edge, the townsfolk became determined in their attempts to ingratiate the obstinate cousins into the fold. While the reception was always cold and the iron gates and foreboding wooden doorways were mostly closed to them, they never stopped trying.<br /><br />While they would never admit to it, the ones who were most desperate tended to accept the offers more readily.
MayoralAward_Title;<b>The Benefit of Knowledge</b>
MayoralAward_Content;The path to enlightenment is not without its humble beginnings, and the creatures that now embraced a gentler path could not have done so without an intense pursuit of knowledge. The deviant machinations of a cruel world may have doomed them to these egregious forms, but to find peace with one's self is a struggle all beings face.<br /><br />The townsfolk appreciated <b>{{0=...}} III</b>'s lineage as partly responsible for spearheading the gift of <b>knowledge</b> above all else in the generations past. They desire to repay this Librarian lineage with a contribution of their own.
WolvesBankMayorGood_Title;<b>The Stench of Man's Avarice</b>
WolvesBankMayorGood_Content;These beastly apparitions may have squashed their hirsute forms into makeshift suits and summer dresses - photographs of which degrade the very silver they were impressed upon - but when the subject of money was discussed, they sneered in disgust.<br /><br />For they abhorred all forms of numismatic pursuits, only abiding them as a necessity in their brief business dealings with the outside world. <b>{{0=...}} III</b>'s family lineage bore the golden mark of this shameful greed, and set their noses twitching every time they entered <b>{{1=...}}</b>'s limits.
ResolveCharityWolves_Title;<b>Passion and Empathy</b>
ResolveCharityWolves_Content;For the residents of <b>{{0=...}}</b>, though I shudder at the descriptions of their mongrel countenances, there was deep affection for those thrust into the epic struggle between wild passion and sympathy for the lesser among them. <b>{{1=...}} III</b>'s fiery ambitions inspired the beasts, while their familial legacy of humility and charity - begrudgingly or elsewise - garnered an even deeper admiration.<br /><br />There was not a day that went by without a friendly set of claws proudly patting their shoulder or a saliva-laden greeting at the local pub. As naive as they were, some even relished the opportunity to donate their labors inside the ominous iron gates upon the hillside.
LycanMessageGood_Title;<b>The Form of the Wolf</b>
LycanMessageGood_Content;Though the sight had now become commonplace, confirming the existence of persons with the ability to change into an animal form had remarkable consequences. It is possible that it even disrupted the studies of one of our kin.<br /><br />Does any player have the <b>Lycanthropic Strength</b> Masterwork Experiment?
LycanGood_Title;<b>Strength Can Be Mine</b>
LycanGood_Content;Their existence was proven. Now could the catalyst for this truly powerful transformation be replicated? And how could it be further strengthened?
AngryMobStorybook_Title;<b>A Frightful Day</b>
AngryMobStorybook_Content;{{0=?|There were moments when the rage amongst the townsfolk would well up and explode in uncontrollably violent outbursts. For the monsters of <b>{{1=...}}</b>, these were no longer represented by torches or pitchforks held high, but by a feverish bloodlust.<br /><br />As such, it was a calm Sunday afternoon when a local werewolf doffed his cap and interrupted tea time by holding up a blood-stained and torn piece of fabric.<br /><br />He placed the scrap onto the table. "We would return the body to you for proper burial if it were still possible," he shrugged, his ears flattening. "But, you know how it goes when bones are involved. Sorry."<br /><br />Another good servant gone. It was somewhat inevitable, yet still an unfortunate loss of life, time and money.|To be awakened early morning after a late night's work was agitating, but to awake to a shrill, blood-curdling scream was something else entirely.<br /><br />A woman in a modest blue dress crouched near the entrance to the estate, her blood-covered maw held within two clawed hands as she wailed in distress. A few feet away, two wolves clad in sharp business suits huddled over the dead body of a servant, tearing into the flesh with their teeth and claws as fresh blood flowed down the gravel drive.<br /><br />A monster stood nearby, clearly resisting the urge to join into the fray. He fixed his tie and wiped away saliva from his chin before speaking in a solemn voice. "Poor thing couldn't control herself. Took the first bite. Terrible tragedy. Awfully sorry."<br /><br />Perhaps it was unavoidable that the close proximity of humanity to the beasts would incite such an event.}}
WolvesEco_Friendly_Title;<b>A Message</b>
WolvesEco_Friendly_Content;As the new decade began, the motley parade of beastly horrors had turned their claws from weapons of destruction into instruments of cultivation. They embraced modern amenities and fashions, walking the streets with upright strides as the town continued to thrive.<br /><br />For most, however, this new sense of peace was tarnished by the persistence of past injustices. As newspaper pressings became even more accessible, pamphlets and signage began to circulate amongst the populace.<br /><br />"Our brethren, abused, slaughtered, and experimented upon. No more! We can bear this injustice no longer." One paper stated, "Meat is murder."<br /><br />Most had adopted a Pythagorean diet, developing a keen culinary taste for vegetable curries and rich, barley porridge. While it was not strictly forbidden to consume the cooked flesh of domestic animals, when the cousins' town business included a stop by the Farmer's Market, the townsfolk looked away in horror, mothers shielding their furred children's eyes as the implication was too much for them to bear.<br /><br />Yet still roiling beneath the thin veneer of prim etiquette, a baser nature threatened to reemerge anew.
CharityAwardGood_Title;<b>Consideration of Righteousness</b>
CharityAwardGood_Content;The Fraternity was correct to be cautious in their dealings with the eccentric family whose ominous visitings within the city carried a sinister air about them. However, their fears could not completely overshadow their righteous convictions.<br /><br /><b>{{0=...}} III</b>'s familial legacy of <b>charity</b> was instrumental in sharing the gift of knowledge. Modern weaponry had transformed the Hunters' ability to fight against the evil forces threatening to overtake the city. And it was this sentiment that forced their hand to offer a token of their appreciation.
CureMoonSick1_Title;<b>Moon Sickness</b>
CureMoonSick1_Content;{{0=?|What a horrible night to have a curse!<br /><br />They wrote of torn clothing, strange awakenings half-naked in the gardens at the edge of their Estate, of blood speckled about their boots and dried streaks from the corners of their lips. Lingering lucid memories of stalking prey in the woods haunted their dreams yet filled them with a terrible energy!<br /><br />When they discovered the eviscerated body of one of their servants skewered upon the metal fence that lined the grounds, the bestial teeth and claw marks told a new story. They steeled their mind against the distraction, recommitting themselves with deadly focus to the task at hand.|They could not dwell on the news of yet another victim within their household for long as more pressing matters of scientific import weighed upon their every waking hour.<br /><br />For theirs was a dismal, macabre occupation. They measured each moment in dark pen strokes, the incision of a sterilized blade, or the ebullition of glowing liquid in a graduated flask. The loss of a servant was unfortunate, not for the life it represented, but for the distinct lapse in efficiency procuring a new servant would cause.}}
Huntround1_Title;<b>In Preparation for the Hunt</b>
Huntround1_Content;As the full moon rose against a crimson sky, it was clear that the night of the Hunt had finally arrived. <b>{{0=...}} III</b> and <b>{{1=...}} III</b> were chosen. Naturally, the cousins declined to put themselves in potential harm's way, so it was decided that they would send representatives in their stead to assist the Hunters.
HuntersChoice1_Title;<b>The First Night of the Hunt</b>
HuntersChoice1_Content;The horses reared as a blinding vein of lightning arced across the tempestuous sky, followed by a thunderous rapport that shook the ground beneath their hooves. The anxious party stood at a crossing in the roadway, trembling as they surveyed their surroundings.<br /><br />To the north, a thick fog swallowed the moors, the gray mist obscuring the horrors hidden beneath. To the east, the road entered a dark forest of foreboding trees with limbs entangled. To the west, the sky burned a deep red above the rocky mountains, seething with demonic ferocity.<br /><br />It was also possible to return south to the village again and see what lurked amongst the cordoned streets and torchlight.<br /><br /><b>{{0=...}} III</b> has been selected to make the choice of directions for the Hunt. Once you have chosen a direction, the town will supply both players with the listed resources.
HuntersChoice1_Content1;<link=0>North to the moors. Both players gain 2 {{0=...}}.</link><br /><br /><link=1>East to the dark forest. Both players gain 2 {{1=...}}.</link><br /><br /><link=2>West to the mountains. Both players gain 2 {{2=...}}.</link><br /><br /><link=3>South, back to the town. Both players gain 2 {{3=...}}.</link>
Pricolici_Title;<b>A Monster Emerges from the Forest</b>
Pricolici_Content;The Hunting party explored the Dark Forest to the East.<br /><br />It was only when they were less than a meter away in that tangled mess of ancient undergrowth that the dark form revealed itself to <b>{{0=...}} III</b>. It rose from its crouched position on a fallen tree to tower over the hunters' party, half-man, half-beast.<br /><br />Its body was covered head to toe with matted fur, and the face exposed an elongated snout flanked by eyes that shone like feral gas lamps. A being from folklore made flesh - a Pricolici! And there it waited, and watched, hovering in a space between one breath and the next, poised to flee or charge at a moment's notice.<br /><br />The <b>Pricolici</b> required a sacrifice: <b>{{1=...}}.</b>
MoonPresence_Title;<b>The Pathway Was Blocked</b>
MoonPresence_Content;The Hunting party explored the foggy Moors to the North.<br /><br />The impenetrable haze swirled at its center like a small vortex, alive and billowing, before revealing a massive beast bathed in smoky luminescence. More than twice the size of any hunter in the group, it stood on reptilian hindquarters, scales speckled with moss and fungus oozing with a putrid sheen.<br /><br />And where a face should have been, only a dark, empty abyss could be seen, surrounded by a nest of thick, oily tentacles — a dark headdress of serpents floating in space, unnatural and unseeing, yet devilish to behold. And thus the <b>Moonlight Presence</b> made itself known.<br /><br />The <b>Moonlight Presence</b> required a sacrifice: <b>{{0=...}}.</b>
Wight_Title;<b>The Pathway Was Blocked</b>
Wight_Content;The Hunting party explored the foggy Moors to the North.<br /><br />The stifling mist dissolved before <b>{{0=...}} III</b> as the oily black eyes of a hideous visage glinted in the pale moonlight. Under the boughs of a dying black locust tree, a <b>shambling wight</b> appeared. The ground beneath his broken toes withered to ash with each of his belabored steps. Somehow, the hunting party would need to vanquish this foul terror before the night was over.<br /><br />The <b>Shambling Wight</b> required a sacrifice: <b>{{1=...}}.</b>
Troll_Title;<b>A Monster Emerges from the Forest</b>
Troll_Content;The Hunting party explored the Dark Forest to the East.<br /><br />As they approached a small stone bridgeway spanning a dried up creek bed, a foul odor hung heavy in the air, chokingly thick. It was not long before the source became apparent as an ancient Troll clambered out from under the bridge, taking up position in front of it as though to block the way.<br /><br />Its blue-gray hair reached its knees, rope-like and covered with mud and leaves. From the tangle of wild hair emerged two massive arms with two equally massive hammers clutched in each hand. Its pock-marked, asymmetrical face loomed with anger in their direction.<br /><br />The <b>Troll</b> required a sacrifice: <b>{{0=...}}.</b>
Golem_Title;<b>A Beast Amongst the Stony Crags</b>
Golem_Content;The Hunting party explored into the blood-tinged mountains to the West.<br /><br />A concussive pounding echoed down through the canyon. Upon a darkened ridge not a furlong away, stood a colossus of aggravated rock that could have been hewn from the mountain itself: a Stone Golem!<br /><br />Its massive fists smashed repeatedly into a crater of its own making, and so preoccupied was it in this endeavor, the danger in approaching was not in being seen but in avoiding the boulders it sent plummeting down in all directions.<br /><br />The <b>Golem</b> required a sacrifice: <b>{{0=...}}.</b>
Manticore_Title;<b>A Beast Amongst the Stony Crags</b>
Manticore_Content;The Hunting party explored into the blood-tinged mountains to the West.<br /><br />The ever-thinning air became filled with dust and smoke, followed by a terrifying roar that sent tremors of fear through all who heard it. A massive beast with a lion's frame and giant's head loomed above the path ahead, stirring up a cloud of debris in its wake.<br /><br />The Manticore landed heavily on the narrow path, folded back its leathery wings, and stood perched upon the stone expectantly. Smiling hungrily through a distorted human face that revealed countless needle-sharp teeth, it whipped its barbed tail in malevolent anticipation.<br /><br />The <b>Manticore</b> required a sacrifice: <b>{{0=...}}.</b>
Strigoi_Title;<b>A Town Encounter</b>
Strigoi_Content;The Hunting party explored the cobblestone streets of <b>{{0=...}}</b>.<br /><br />As they approached the darkened alley, they heard first the hideous sound of an animal hungrily feeding on a fresh kill. Peering down the alley, the sound immediately ceased as torchlight revealed a pale-skinned creature hovering over the eviscerated body of an unfortunate townsfolk.<br /><br />It spun to face them, baring long, white fangs and hissing like a cornered housecat. Its red, hateful eyes narrowed as it prepared to strike, its gangly torso covered neck to waist in a glistening liquid. There was no doubt that this abomination was a <b>Strigoi</b>. It would appear the tales were true.<br /><br />The <b>Strigoi</b> required a sacrifice: <b>{{1=...}}.</b>
Priest_Title;<b>A Town Encounter</b>
Priest_Content;The Hunting party explored the cobblestone streets of <b>{{0=...}}</b>.<br /><br />The doors to the church swung inward with great force as though pulled at the end by an unseen hand. A figure in dark robes stood at the pulpit, his unnatural voice echoing a solemn incantation.<br /><br />Positioned like sentinels, marble statues flanked the apse, their eyes leaking blood that pooled red and bright on the floor below. When <b>{{1=...}} III</b> looked again to the figure at the altar, the Priest had turned towards them, arms held high. His hood pulled back to reveal a disfigured face, hairless, lipless and smiling grotesquely, glossy with a sheen of fresh blood.<br /><br />The <b>Priest</b> required a sacrifice: <b>{{2=...}}.</b>
HuntNight1_Title;<b>VOTE</b>
HuntNight1_Content;Both players on the Hunt take their Voting tokens into their hand. They will secretly choose a side to place face up in their palm. Then they will close their fist and extend it to the center of the table.<br /><br />A <b>Yay</b> vote is a vote to <b>contribute</b> to the Hunt.<br />A <b>Nay</b> vote is a vote to <b>keep your resources</b>.<br /><br />If BOTH players choose to contribute, all Servants will survive and each player will <b>pay 1 {{0=...}}</b> to the supply.<br /><br />If 1 player chooses to contribute, all Servants will survive and the contributing player will <b>pay 2 {{0=...}}</b> to the supply.<br /><br />If neither player chooses to contribute, their Servants will go to Lost and the <b><icon=AngryMob_Icon> token will move 1 space to the left.</b><br /><br /><b>The Result of the Vote</b><br />Did at least one player vote to contribute to the Hunt?
HuntSuccess1_Title;<b>{{0=|Majestic|Stunning|Grand|Monumental|Extraordinary}} Success!</b>
HuntSuccess1_Content;The foul {{0=...}} emits a {{1=|loud shriek|low, rumbling growl|strained gasp for air}} before collapsing to the ground, defeated. In seconds, its corporeal form dissipates to ash and is carried away on the wind. For as long as tales are still told of this cursed night, the {{0=...}} was never to be seen again.
HuntFail1_Title;<b>{{0=|Miserable|Woeful|Dismal|Pathetic|Grim}} Failure!</b>
HuntFail1_Content;It had all occurred so quickly, and yet the devastation left in its wake was as violent as it was terrible. The foul {{0=...}} {{1=|seemed to cackle to itself|issued a triumphant wail|smiled with an unsettling grin}}, surveying the scene. Before them, strewn about in sanguine piles, were the wide-eyed corpses of those hunters whose weapons failed to conquer the monstrous being. In the blink of an eye, the {{0=...}} turned and quickly escaped into the shadows, but not before stealing away the family's trusted servants. Their tortured screams were heard throughout the valley.
GoodFrenzyEvent_Title;<b>A Reasoned Proposal</b>
GoodFrenzyEvent_Content;While the system of progressive monster reform was altruistic, it was not without its imperfections. Infractions ranging from minor maulings to severe interdental jugular removal were noted over the years, as were the manic episodes associated with these incidents.<br /><br />It was clear that humans were marginally upset about the lack of livestock and uptick in missing persons potentially consumed by wolves. It was also clear that each monster would experience near daily urges to indulge in profane behavior that they were forced to suppress.<br /><br />Perhaps, they suggested, if they could attempt to indulge their darker urges in a safe space where this expression was fully encouraged, then it would pacify those urges at other more domestic times.
Frenzy2pALT_Title;<b>Frenzy Decision</b>
Frenzy2pALT_Content;The Order suggested a single evening, once every few years, where the town becomes a place to unleash all their frustrations at once. They deemed it the night of "The Frenzy." Citing recent advances in the field of psychology, they suggested that controlled indulgence might alleviate the mania they experience.<br /><br />Given the scientific expertise of the cousins (and possibly with no other stable options), they consulted them in private on this matter, hoping to come to a consensus.<br /><br /><b>BID</b><br />All players take all of their money into their hands. They then secretly choose any amount to place into their right hand to bid on choosing the outcome.<br /><br /><b>Encouraging</b> the Frenzy will guarantee that experimentation will no longer be considered Creepy, but also introduces other problems.<br /><br /><b>Not encouraging</b> the Frenzy will maintain the Biology award.<br /><br />Once all players are ready, reveal the amount of money bid simultaneously. The player that bid the most wins the vote and also <b>gains 2VP</b>. <i>(If there is a tie, the player who went last in turn order the previous round wins the bid.)</i><br /><br />Only the player that wins the election must pay their bid to supply. All others return their money to their Estates.
Frenzy2pALTb_Title;<b>Bid Outcome</b>
Frenzy2pALTb_Content;The player that won the bid must pay their bid to supply.<br /><br /><b>The winning player immediately gains 2VP and chooses the option below:</b>
Frenzy2pALTb_Content1;<link=0>We encouraged this Frenzy behavior.</link><br /><br /><link=1>For God's sake, we did not encourage this behavior.</link>
GoodFrenzyEvent2_Title;<b>A Frenzied Decision</b>
GoodFrenzyEvent2_Content;The Order suggested a single evening, once every few years, where the town becomes a place to unleash all their frustrations at once. They deemed it the night of "The Frenzy." Citing recent advances in the field of psychology, they suggested that controlled indulgence might alleviate the mania they experience.<br /><br />Given the scientific expertise of the cousins (and possibly with no other stable options), they consulted them in private on this matter, hoping to come to a consensus.<br /><br /><b>VOTE</b><br />All players take their Voting tokens into their hands. The players will secretly choose a side to place face up in their palm. Then they will close their fist and extend it to the center of the table.<br /><br />A <b>Yay</b> vote is a vote to encourage the Frenzy. <i>This will guarantee that experimentation will no longer be considered Creepy, but creates other problems.</i><br />A <b>Nay</b> vote is a vote to <b>not</b> encourage the Frenzy. <i>This will maintain the Biology award.</i><br /><br />Once all players have chosen, they all reveal their votes. Tally the votes and the side with the most votes wins. <i>Ties are broken by the last player in turn order.</i>
GoodFrenzyEvent2b_Title;<b>VOTE OUTCOME</b>
GoodFrenzyEvent2b_Content;Once all players have chosen, they all reveal their votes. Tally the votes and the side with the most votes wins. <i>Ties are broken by the last player in turn order.</i><br /><br /><b>Click on the result of your vote:</b>
GoodFrenzyEvent2b_Content1;<link=0>We encouraged this frenzied behavior.</link><br /><br /><link=1>For God's sake, we did not encourage this behavior.</link>
YesFrenzy_Title;<b>The FRENZY</b>
YesFrenzy_Content;The townsfolk who chose not to participate locked their doors and boarded their windows, but the first howls of ghoulish delight sent those same individuals clawing at the walls to be released into the wild again. The Frenzy spared no person in <b>{{0=...}}</b>. The unhinged spectacle set the teeth gnashing and a passionate fire blazing both metaphorically and physically, plumes of hot embers erupting upwards from homes set ablaze with wild abandon. When a door burst open or a window shattered, barely a strangled cry could be heard before another victim's fresh blood spilled into the streets.<br /><br />Indulging in latent urges proved not to quell the dormant urges of the citizenry, but to stoke it. In the coming weeks, the logical faculties of the changed townsfolk were removed. And in its place, a well of anger and a bloodlust so acute it left the landscape to darken and the soil to sour!<br /><br />The thin line between civility and savagery had been severed. The monsters were set loose to prowl the region and invoke their hideous reign upon the unsuspecting masses.
NoFrenzy_Title;<b>A Reasoned Response</b>
NoFrenzy_Content;The recommendation was accepted with gravitas. While many remained wistful, the group's almost immediate adoption of the concept made it clearly a dangerous proposition.<br /><br />To further preoccupy their minds and to quell the bloodlust just beneath the surface, they offered further building assistance to reinforce a wider variety of scientific disciplines.
MayorResolveHunters_Title;<b>Recompense for Past Leadership</b>
MayorResolveHunters_Content;Though memories of the past may be harsh or serene, one cannot deny the significance of those distinctive few whose actions set the gears in motion. <b>{{0=...}}</b>'s namesake was still whispered amongst the townsfolk of <b>{{1=...}}</b>. <b>{{0=...}}</b>'s contribution to the wellbeing of all may have been acute, but it was noticeable nonetheless.<br /><br /><b>{{0=...}}</b>'s family legacy, whether through infamy or prestige, raged onward to press upon the boundaries of science and common decency.
Huntround2_Title;<b>In Preparation for the Hunt</b>
Huntround2_Content;As the full moon rose against a crimson sky, it was clear that the night of the Hunt had finally arrived. <b>{{0=...}} III</b> and <b>{{1=...}} III</b> were chosen. Naturally, the cousins declined to put themselves in potential harm's way, so it was decided that they would send representatives in their stead to assist the Hunters.
HuntersChoice2_Title;<b>The Second Night of the Hunt</b>
HuntersChoice2_Content;The horses reared as a blinding vein of lightning arced across the tempestuous sky, followed by a thunderous rapport that shook the ground beneath their hooves. The anxious party stood at a crossing in the roadway, trembling as they surveyed their surroundings.<br /><br />To the north, a thick fog swallowed the moors, the gray mist obscuring the horrors hidden beneath. To the east, the road entered a dark forest of foreboding trees with limbs entangled. To the west, the sky burned a deep red above the rocky mountains, seething with demonic ferocity.<br /><br />It was also possible to return south to the village again and see what lurked amongst the cordoned streets and torchlight.<br /><br /><b>{{0=...}} III</b> has been selected to make the choice of directions for the Hunt. Once you have chosen a direction, the town will supply both players with the listed resources.
HuntersChoice2_Content1;<link=0>North to the moors. Both players gain 2 {{0=...}}.</link><br /><br /><link=1>East to the dark forest. Both players gain 2 {{1=...}}.</link><br /><br /><link=2>West to the mountains. Both players gain 2 {{2=...}}.</link><br /><br /><link=3>South, back to the town. Both players gain 2 {{3=...}}.</link>
HuntNight2_Title;<b>VOTE</b>
HuntNight2_Content;Both players on the Hunt take their Voting tokens into their hands. They will secretly choose a side to place face up in their palm. Then they will close their fist and extend it to the center of the table.<br /><br />A <b>Yay</b> vote is a vote to <b>contribute</b> to the Hunt.<br />A <b>Nay</b> vote is a vote to <b>keep your resources</b>.<br /><br />If BOTH players choose to contribute, all Servants will survive and each player will <b>pay 1 {{0=...}}</b> to the supply.<br /><br />If 1 player chooses to contribute, all Servants will survive and the contributing player will <b>pay 2 {{0=...}}</b> to the supply.<br /><br />If neither player chooses to contribute, their Servants will go to Lost and the <b><icon=AngryMob_Icon> token will move 1 space to the left.</b><br /><br /><b>The Result of the Vote:</b><br />Did at least one player vote to contribute to the Hunt?
HuntSuccessCheck_Title;<b>{{0=|A Righteous Fate|A Wondrous Fate|Overrun By Demons|Overrun By Monsters}}</b>
HuntSuccessCheck_Content;{{0=?|One by one, the steel weapons were dropped into the wooden chest, the clang of glaives, daggers, and morningstars reverberating through the lodge. They wiped the blood from tri-cornered hats and hung their polished rifles on hooks upon the walls. Affecting a cool manner, they calmed their shaken nerves with pálinka, a brandy that burned like hot coals on the throat and anesthetized their thoughts.<br /><br />They would remain vigilant until the pestilence was wiped from the land, but with {{1=...}} successful hunts, the worst of it was over. The hunt has been a success.|The scud banked across the moon, enveloping the entire valley in a dismal, silvery cocoon.<br /><br />The townsfolk had placed the fate of <b>{{2=...}}</b> into the hands of a group of leather-clad cretins willing to engage in hand-to-hand combat with supernatural forces beyond their understanding. Ultimately, the scientists scoffed at their futile struggle.<br /><br />Embittered by what had been taken from them for this fool's errand, the cousins observed the chaos, protected from the wailing screams of a town overwhelmed by creatures. Perched upon their veranda, they sipped fresh coffee as the hellish minions descended upon the town to exert their terrible influence. The hunt had failed.}}
//====== Gen 3 - NoUniversity ======;
NoUniversity_Title;<b>THE CRAWL</b>
NoUniversity_Deterioration_Title;<icon=StorybookToken> <b>Immortality Deterioration</b>
NoUniversity_ImmortalitySecret_Title;<icon=StorybookToken> <b>Immortality</b>
NoUniversity_TheLocalPub_Title;<b>PUB</b>
NoUniversity_CompleteMasterwork_Title;<b>MASTERWORK</b>
NoUniversity_Knowledge_Title;<b>Knowledge</b>
NoUniversityIntro_SubTitle;<b>DROWN YOUR SORROWS</b>
NoUniversityIntro_Content;They arrived by coach on a cold day in autumn, summoned from studies abroad in order to claim an inheritance that, despite their reticence, carried with it an extraordinary wealth that they could not resist. The once bright village of <b>{{0=...}}</b> they remembered from their eccentric youth was mired in gray fog that clung to the ashen streets. Their carriage nearly unchained itself in the deep muddy ruts of the dilapidated roads nearby.<br /><br />Not much is written about this time aside from journal entries from the young scientists that all echo an immediate revulsion towards the circumstances in which they found themselves and the sense of despair among the townsfolk. Photographs show us some evidence that the hospital was still in operation but its facilities had fallen into disrepair. The university that had once represented a bastion of new science was reduced to rubble, and in its place a disreputable tavern emerged.<br /><br />In fact, several public houses had been built upon the main thoroughfare. When the government denied the town a university, the backlash from the peasantry was swift. The citizens developed a sharp distrust of modern advances in science and medicine and were wary of those who displayed signs of intelligence. The grudge they harbored even prevented the extension of the electrical grid to a town in most desperate need of modern updates.<br /><br />There was an emptiness in the dusty hallways and barren passageways of the ruined Estates and this hollowness pressed upon the cousins' minds most forcefully. For years, they would be forced into secrecy, listless and isolated from their colleagues, their sense of ambition cut short at the most crucial interval. And while a visit to one of the spirited establishments would help quell the masses, the indulgence only made the gravity of the situation wear more heavily upon their features.{{1=?|<br /><br /><b>Whispers Abate</b><br />With the passing of the generation, the hideous and well-founded rumors regarding the grisly demise and otherwise negative treatment of servants in the family's households faded into history. As considerably misguided as it was, the allure of steady employ once again attracted new applicants to the estates once more.|}}
TheBoard1_Title;<b>The State of the Hospital</b>
TheBoard1_Content;{{0=?|Despite the townsfolk's growing distrust of modern medicine, the families who had invested heavily in the Hospital's board of directors still retained access to its private medical reserves and archives.|The Hospital's board of directors had dissolved into obscurity, leaving its remaining wards neglected and underfunded.}}<br /><br />{{1=?|Meanwhile, the lingering medical breakthroughs of the previous generation continued to circulate quietly among those willing to look past the town's superstition.|Meanwhile, without a lasting cure from the previous generation, old ailments continued to fester in the damp alleys of the town.}}
NoUniBuildAward_Title;<b>Mayoral Inheritance</b>
NoUniBuildAward_Content;Although town governance had devolved into loud arguments at the local taverns, the prestige of the former Mayor still carried weight for <b>{{0=...}} III</b>.<br /><br />{{1=?|The municipal Bank established during their ancestor's tenure continued to pay dividends to the family estate.|The public Library established during their ancestor's tenure still held rare volumes sequestered for the family's private study.}}
LoveCharityNoUni_Title;<b>Charitable Legacy</b>
LoveCharityNoUni_Content;Even among the cynical patrons of the public houses, the past generosity of <b>{{0=...}}</b> was remembered fondly by the poorer families of the parish, granting their heir a measure of goodwill.
CreateAMasterwork_Title;<b>Masters of Their Own Destiny</b>
CreateAMasterwork_Content;It seemed the pervasive gloom of <b>{{0=...}}</b> had infected the halls of the great estates. For when the cousins explored the musty recesses of their inherited homes, they discovered great underground laboratories left in startling disarray. Volumetric flasks lay shattered amongst the rusted remains of mechanical devices misshapen and strewn across the floor. And most disconcerting, the tattered remains of a most exceptional experiment. Oh the folly of the depressed and aged mind!<br /><br />To those of lesser imagination, this may have been the death knell of their ambitions, but their youthful exuberance could not be shackled by the capricious whims of their progenitors! If their family could not continue the generations of hard work, they would create their own legacy!
CreateMwDiscipline_Title;<b>A Masterwork of My Own - {{0=...}} III</b>
CreateMwDiscipline_Content;I was no longer constrained by the fickle whims of my ancestors. I could allow my imagination to run wild with possibilities! Within moments, I set to creating something new and magnificent - something that would cause the scientific world to quiver in awestruck wonder.<br /><br />My creation is from which scientific discipline?
CreateMwType_Title;<b>What Type of Glorious Creation</b>
CreateMwType_Content;With my unique {{0=...}} skills, this creation was already more focused and impressive than ever before. But, what ingenious type of creation would I explore?<br /><br />My creation could be described as what type?
CreateMwConfirm_Title;<b>The Legendary {{0=...}}</b>
CreateMwConfirm_Content;{{0=|<b>{{1=...}} (Chemistry - Panacea)</b><br /><br /><b>Cost:</b> 2 Bottles, 4 Chemistry, 2 Biology<br /><b>Reward:</b> Gain 21 VP, Gain 2 <icon=Insanity_Icon>, Gain 2 <icon=Creepy_Icon>.|<b>{{1=...}} (Chemistry - Device)</b><br /><br /><b>Cost:</b> 1 Bottle, 1 Gear, 4 Chemistry, 2 Engineering<br /><b>Reward:</b> Gain 20 VP, Gain 1 <icon=Insanity_Icon>, Gain 2 <icon=Creepy_Icon>.|<b>{{1=...}} (Chemistry - Creature)</b><br /><br /><b>Cost:</b> 1 Bottle, 1 Animal, 4 Chemistry, 2 Biology<br /><b>Reward:</b> Gain 20 VP, Gain 1 <icon=Insanity_Icon>, Gain 2 <icon=Creepy_Icon>, Move the <icon=AngryMob_Icon>.|<b>{{1=...}} (Chemistry - Concoction)</b><br /><br /><b>Cost:</b> 1 Bottle, 1 Gear, 3 Chemistry, 3 Engineering<br /><b>Reward:</b> Gain 19 VP, Gain 1 <icon=Insanity_Icon>, Gain 2 <icon=Creepy_Icon>.|<b>{{1=...}} (Biology - Panacea)</b><br /><br /><b>Cost:</b> 1 Animal, 1 Bottle, 4 Biology, 2 Chemistry<br /><b>Reward:</b> Gain 20 VP, Gain 1 <icon=Insanity_Icon>, Gain 2 <icon=Creepy_Icon>.|<b>{{1=...}} (Biology - Device)</b><br /><br /><b>Cost:</b> 1 Animal, 1 Gear, 3 Biology, 3 Engineering<br /><b>Reward:</b> Gain 19 VP, Gain 1 <icon=Insanity_Icon>, Gain 2 <icon=Creepy_Icon>.|<b>{{1=...}} (Biology - Creature)</b><br /><br /><b>Cost:</b> 2 Animals, 5 Biology, 1 Chemistry<br /><b>Reward:</b> Gain 20 VP, Gain 1 <icon=Insanity_Icon>, Gain 2 <icon=Creepy_Icon>, Move the <icon=AngryMob_Icon>.|<b>{{1=...}} (Biology - Concoction)</b><br /><br /><b>Cost:</b> 1 Animal, 1 Bottle, 3 Biology, 3 Chemistry<br /><b>Reward:</b> Gain 19 VP, Gain 1 <icon=Insanity_Icon>, Gain 2 <icon=Creepy_Icon>.|<b>{{1=...}} (Engineering - Panacea)</b><br /><br /><b>Cost:</b> 1 Gear, 1 Bottle, 4 Engineering, 2 Chemistry<br /><b>Reward:</b> Gain 20 VP, Gain 1 <icon=Insanity_Icon>, Gain 2 <icon=Creepy_Icon>.|<b>{{1=...}} (Engineering - Device)</b><br /><br /><b>Cost:</b> 2 Gears, 5 Engineering, 1 Biology<br /><b>Reward:</b> Gain 20 VP, Gain 1 <icon=Insanity_Icon>, Gain 2 <icon=Creepy_Icon>.|<b>{{1=...}} (Engineering - Creature)</b><br /><br /><b>Cost:</b> 1 Gear, 1 Animal, 4 Engineering, 2 Biology<br /><b>Reward:</b> Gain 20 VP, Gain 1 <icon=Insanity_Icon>, Gain 2 <icon=Creepy_Icon>, Move the <icon=AngryMob_Icon>.|<b>{{1=...}} (Engineering - Concoction)</b><br /><br /><b>Cost:</b> 1 Gear, 1 Bottle, 4 Engineering, 2 Chemistry<br /><b>Reward:</b> Gain 19 VP, Gain 2 <icon=Insanity_Icon>, Gain 1 <icon=Creepy_Icon>.|<b>{{1=...}} (Occult - Panacea)</b><br /><br /><b>Cost:</b> 1 Body, 1 Bottle, 3 Occult, 3 Chemistry<br /><b>Reward:</b> Gain 20 VP, Gain 1 <icon=Insanity_Icon>, Gain 2 <icon=Creepy_Icon>.|<b>{{1=...}} (Occult - Device)</b><br /><br /><b>Cost:</b> 1 Body, 1 Gear, 3 Occult, 3 Engineering<br /><b>Reward:</b> Gain 20 VP, Gain 1 <icon=Insanity_Icon>, Gain 2 <icon=Creepy_Icon>.|<b>{{1=...}} (Occult - Creature)</b><br /><br /><b>Cost:</b> 2 Bodies, 4 Occult, 1 Biology<br /><b>Reward:</b> Gain 21 VP, Gain 2 <icon=Creepy_Icon>.|<b>{{1=...}} (Occult - Concoction)</b><br /><br /><b>Cost:</b> 1 Body, 1 Bottle, 3 Occult, 3 Biology<br /><b>Reward:</b> Gain 20 VP, Gain 1 <icon=Insanity_Icon>, Gain 2 <icon=Creepy_Icon>, Move the <icon=AngryMob_Icon>.}}<br /><br /><i>Note: This Masterwork still requires 1 A Experiment, 2 B Experiments, and 3 C Experiments to be completed.</i><br /><br />With my own destiny determined, I resolved to forge a new path into the future and create my Masterwork.
EnterBar_Title;<b>Bar-venture</b>
EnterBar_Content;<i>Local records from this time show a shocking number of legal depositions submitted on the behalf of the family due to minor incidents at one of the town's drinking establishments.</i><br /><br />Select the scientist visiting the Pub:
Bar1_Title;<b>SWORN STATEMENT - Case 104-HDG-382</b>
Bar1_Content;<b>Statement of {{0=...}} III:</b><br /><br />After a brief excursion to the local pub, I happened to engage in a spirited conversation with the <b>Blacksmith's</b> son. Being slightly out of my wits, his slightly improper offer to accompany him home to his chateau for further libations appealed. We engaged in a delightful conversation, so intriguing in fact, that I accepted his generous offer of temporary lodging for the evening. I will spare the details of our respectable and entirely benign conversation.<br /><br />We both decided to disrobe as any person would when making nightly preparations for sleep. Regrettably, though I cannot recollect how it occurred, the Blacksmith was unpleased to discover us similarly nude and entwined in this state the next morning, surrounded by several defiled tools from the forge. Our family's reputation was certainly sullied at the Blacksmith and I resolved to avoid it in the future.
Bar2_Title;<b>SWORN STATEMENT - Case 219-HDG-441</b>
Bar2_Content;<b>Statement of {{0=...}} III:</b><br /><br />While many first-hand accounts from the townsfolk may not corroborate my story, I cannot conceal my disgust with the insinuation. The stable hand and I were simply enjoying a midnight ride in the nearby beet fields in the spirit of the season. Due to my enhanced state of inebriation, I may have chosen the incorrect steed for our excursion.<br /><br />I awoke in the stables beside my porcine companion, who had been outfitted with a leather riding saddle. The gate to their pen had been left open and the entire pig population of the town was scattered throughout the streets.<br /><br />I would also like to note that the charges of public nudity against me are warrantless, as upon discovery of my predicament that morning, I hastily endeavored to hide my shame and purchase new clothing from a local tailor as would be customary in such a situation. Our family's reputation was certainly sullied at the <b>Farmer's Market</b> and I resolved to avoid it in the future.
Bar3_Title;<b>SWORN STATEMENT - Case 337-HDG-508</b>
Bar3_Content;<b>Statement of {{0=...}} III:</b><br /><br />It was very much in poor taste for a <b>fortune teller</b> to summarily dismiss my romantic advances given my current social status and level of wealth. However, I admit that my inebriated reaction to steal and destroy her Tarot deck was highly juvenile. And the public defiling of said Tarot cards afterwards was certainly not in keeping with the standards of my aristocratic upbringing.<br /><br />I have since reimbursed the Fortune Teller for her ruined Tarot cards, and apologized to the Sheriff for my display of public nudity. Our family's reputation was certainly sullied at the <b>Fortune Teller</b> and I resolved to avoid it in the future.
Bar4_Title;<b>SWORN STATEMENT - Case 412-HDG-619</b>
Bar4_Content;<b>Statement of {{0=...}} III:</b><br /><br />The celebration had been exceedingly rowdy. I could not recall whose birthday or anniversary was being celebrated, but I could remember my celebratory stilted walk to the <b>General Store</b> near midnight. In my admittedly intoxicated state, I required sustenance.<br /><br />Unfortunately, my hunger pangs may have overtaken my sensibilities. A rock may have been plunged through the front window, and I may have been discovered the next morning by the constabulary, passed out naked on the wooden floor, surrounded by several empty cartons of canned sardines, the contents of which may have been returned to the same general area in a more semi-digested form. Our family's reputation was certainly sullied at the <b>General Store</b> and I resolved to avoid it in the future.
Bar5_Title;<b>SWORN STATEMENT - Case 528-HDG-703</b>
Bar5_Content;<b>Statement of {{0=...}} III:</b><br /><br />I vaguely remember the phrase that began the argument, but the stitches above my left eye from a shattered glass mug jogged my recollection of the ensuing brawl. A quick nightcap turned into an extended stay of tumbled barstools, belligerence, and wild accusations. My injuries must have been extensive as my memory ceased soon after.<br /><br />My displeased spouse informed me that I was currently the height of gossip within the town. First-hand accounts - of which I cannot confirm given my state of awareness - described how I spat blood in a nurse's face, tore off my leggings (and undergarments), tried to punch the vicar thrice, and defiled myself in the lobby. Our family's reputation was certainly sullied at the <b>Hospital</b> and I resolved to avoid it in the future.
Bar6_Title;<b>SWORN STATEMENT - Case 645-HDG-814</b>
Bar6_Content;<b>Statement of {{0=...}} III:</b><br /><br />Although witnesses claim that I had carried a makeshift torch several blocks to the destination, my ignition of nearby gasoline reserves was entirely accidental. My intent, of course, was a comical reenactment of the wiles of recent angry mobs, clearly satirical in nature. A vaudevillian parody. However, the French performance art overtones due to my regrettable nudity were not considered with high regard. The resulting blaze that consumed over half of the Laborer's Union building that night was also not met with the warmest of receptions.<br /><br />Honestly, the Laborer's Union building had not been updated for years. It was overdue for renovations. However, our family's reputation was certainly sullied at the <b>Laborer's Union</b> and I resolved to avoid it in the future.
Bar7_Title;<b>SWORN STATEMENT - Case 751-HDG-920</b>
Bar7_Content;<b>Statement of {{0=...}} III:</b><br /><br />While the cemetery has certainly been a crucial source of ingredients for my experiments - acquired by pruning local flora and herbs - calling attention to this fact very loudly while inside the local pub was probably a mistake. Openly inviting all patrons to join me in the cemetery to kick over headstones and then running directly to said location to do so was a clear error of judgement. My alleged indecent exposure whilst doing so, also unfortunate.<br /><br />After being treated for a sprained ankle, I spent a night half-remembered in the local police station. Our family's reputation was certainly sullied at the <b>Cemetery</b> and I resolved to avoid it in the future.
Bar8_Title;<b>SWORN STATEMENT - Case 809-HDG-154</b>
Bar8_Content;<b>Statement of {{0=...}} III:</b><br /><br />After a brief excursion to the local pub, I happened to engage in a spirited conversation with the <b>Blacksmith's</b> daughter. While I am unable to discern the reasoning behind my actions, I have since apologized for my repeated comments besmirching her virtuous nature, comments which apparently resulted in a minor altercation with a gentleman or two at the fine establishment.<br /><br />It was around midnight that I decided to make a quiet exit, in order to properly avoid any further antagonism. My clothes, soiled and bloodied by the ensuing brawl, were found discarded along the muddy trek to the Blacksmith's forge. While I have no recollection of the ensuing events, multiple witnesses attest that I then proceeded to brand the blacksmith's dog and passed out naked in the slack tub. Our family's reputation was certainly sullied at the <b>Blacksmith</b> and I resolved to avoid it in the future.
Bar9_Title;<b>SWORN STATEMENT - Case 883-HDG-276</b>
Bar9_Content;<b>Statement of {{0=...}} III:</b><br /><br />I find the accusations toward my conduct and character most disturbing. To insinuate that I was openly consorting with individuals of ill-repute and offered compensation for illicit activities, why it is as absurd as the other charges against me from that evening.<br /><br />While I admit to having a few additional libations, it is most presumptuous to believe that just because I was found near the open door of my carriage in the buff, covered in tomato paste, with lipstick impressions across the entirety of my form, that I would be held responsible for the debasing of a bushel of cherry tomatoes and several other vegetable stocks.<br /><br />Despite my personal objections, I have summarily reimbursed the stall owner for their produce and discretion in the matter. Our family's reputation was certainly sullied at the <b>Farmer's Market</b> and I resolved to avoid it in the future.
Bar10_Title;<b>SWORN STATEMENT - Case 962-HDG-395</b>
Bar10_Content;<b>Statement of {{0=...}} III:</b><br /><br />I should not have attempted to perform a surgical procedure in my state. Nor should I have locked myself in the surgical arena with a patient, barred the door, and undressed, dousing myself in a carbolic acid solution for the purposes of sterilization. However, my honor had been questioned at the pub and I deemed it only necessary to demonstrate my surgical prowess.<br /><br />The demonstration of my experimentation capabilities - which are normally formidable, I might add - turned into a series of unfortunate mishaps and misunderstandings. The unfortunate patient has since made a full recovery and has already received a generous stipend in recompense and the hospital a donation with which to cleanse the arena of the admittedly large quantity of blood on the walls, seating, instruments, and ceiling. Our family's reputation was certainly sullied at the <b>Hospital</b> and I resolved to avoid it in the future.
CompleteMasterwork_Title;<b>Complete a Masterwork</b>
CompleteMasterwork_Content;Click on your name below to confirm that your Masterwork is complete and receive your rewards:
CompleteMasterworkStory_Title;<b>The Work is Done - {{0=...}} III - {{1=...}}</b>
CompleteMasterworkStory_Content;{{0=|I tapped the glass bottle, watching the liquid inside swirl and glow with the purity of the mixture. The <b>{{1=...}}</b> had been a stunning success and once mass production could be attained, my family's legacy would be secure. I laughed. Then, laughed again. My cacophonous laughter echoed off the stone walls of my estate for years to come.|I adjusted the valves of the chemical apparatus and watched the pressure gauge climb as <b>{{1=...}}</b> hummed to life. Through precise distillation and volatile catalysis, my device achieved what no academy in Europe dared to dream. My name, <b>{{2=...}} III</b>, would echo through the annals of science forever!|Within the glass gestation vat, the chemical nutrient bath bubbled violently before clearing to reveal <b>{{1=...}}</b> breathing on its own. Synthetic alchemical life, born not of nature's whim, but of pure chemical mastery! I had done the impossible!|I observed the effects as the syringe filled with <b>{{1=...}}</b> emptied its contents into the unwilling test subject. Just as I had expected, the reaction was immediate and effusive. For so many years, I had toiled away in the solitude of my estate, and now as I wiped the tears from my eyes, my beautiful creation was finally complete.|The living cultures fused seamlessly with the host tissue, proving that <b>{{1=...}}</b> could purge any cellular decay. To see my biological panacea realized in the flesh overwhelmed my senses. Disease and frailty would kneel before the genius of <b>{{2=...}} III</b>!|With the final neural graft connected, the bio-mechanical apparatus of <b>{{1=...}}</b> pulsed with a steady, living heartbeat. Flesh and mechanism beat in unison at my command. I shook my fist at all who had doubted my vision!|Upon the stroke of midnight, lightning struck metal, sending a terrible electrical current through the machinery. My creation, <b>{{1=...}}</b>, awoke, and with wild eyes gazed upon me, its creator. I had done it! I had created life!|To see my work in the flesh, to see <b>{{1=...}}</b> finally realized, the passion of the moment overwhelmed my senses. I had done it. I shook my fist at God and all who doubted me! You were wrong! I am invincible!|The brass injectors and pneumatic regulators of <b>{{1=...}}</b> hissed in perfect rhythm, sustaining vitality through pure mechanical precision. What the doctors could not mend with scalpel or prayer, my machine had conquered effortlessly!|A brief, blinding flash and the work was done. I threw my goggles to the floor to gaze upon my creation with my own eyes - <b>{{1=...}}</b>. The polished metal surface whirred with interior mechanisms churning - then, glorious motion! Oh wondrous automaton, with you by my side the scientific world will be humbled!|Gears meshed with sinew as the clockwork beast <b>{{1=...}}</b> rose from the operating table, steam venting from its iron jaws. Every piston fired with terrifying grace. The world would tremble before the marvel I had forged!|I seized the firing mechanism of <b>{{1=...}}</b> and squeezed the polished metal trigger. When the dust settled and my laboratory wall had been made to crumble into dust, I was unable to contain a sinister grin. The world would remember this day and the creation I had wrought. My fame would be legendary.|As the final incantation echoed through the laboratory, the crimson elixir of <b>{{1=...}}</b> shimmered with otherworldly radiance. A single drop could defy the reaper himself. Through forbidden lore, I had claimed dominion over mortality!|The etched runes along the frame of <b>{{1=...}}</b> flared with violet fire, drawing power from beyond the veil to drive its impossible mechanisms. Science and sorcery had become one in my hands!|The world darkened around me as <b>{{1=...}}</b> emerged from a void-like rift in time and space. I could feel the immense power of the insidious being, the air hot with the energy of their presence. They turned to me and with a deep growl, they stated, "Master." I had done it. I was now in control and the world would rue the day they doubted <b>{{2=...}} III</b>!|The preparations proved tedious, but the resulting wave of spiritual energy as the ritual brew of <b>{{1=...}}</b> was completed left me standing in awe of my creation. The <b>{{1=...}}</b> was a brilliant success. And the powers I now harnessed were unthinkable!}}
ImmortalityCheck_Title;<b>A Somber End & Hungarian Bright</b>
ImmortalityCheck_Content;{{0=?|<b>A Peculiar Biological Study</b><br />During this time, the cousins' journal entries became increasingly paranoid about the work of their remarkably hardy parental figures. Not only did they describe a feeling of anxiety from their constant negativity and criticism, but there was a growing fear that they were actively sabotaging the experiments. Several journal entries dated over the course of 1891 form a collective study on human anatomy, offering any cousin who wished to part with their immortal parent a grisly opportunity.<br /><br />|}}<b>A Somber End</b><br />"Fat lot of good your family's 'contribution to society' has done for us!" the patrons would sneer upon their approach. The townsfolk showed little respect for the family's past political and charitable stances under <b>{{1=...}}</b> and <b>{{2=...}}</b>, expressing their derision at every opportunity.<br /><br /><b>Hungarian Bright</b><br />One particularly chill evening in winter, a meeting was called at the Town Hall in which the topic of electricity and connection to the national grid was reintroduced. Fueled by alcohol and ignorant revelry, the meeting erupted into a fiery debate and a riotous mass tore through the central streets of the village, leaving the Hospital and Town Hall in smoldering ruins before the townsfolk begrudgingly accepted the march of time.
//====== Gen 3 - University ======;
University_Title;<b>A Bright Future</b>
UniversityIntro_SubTitle;<b>A University</b>
UniversityIntro_Content;The establishment of the University ushered in a golden age of enlightenment for <b>{{0=...}}</b>. Scholars, physicians, and ambitious students from across the continent flocked to the valley, transforming the once-somber village into a bustling hub of academic inquiry and modern medicine.{{1=?|<br /><br />Even the lingering scars of the epidemic that had swept the countryside only served to heighten the urgency and prestige of the University's medical faculties.|}}<br /><br />For the third generation of the family, the gleaming lecture halls and well-funded laboratories at the foot of their estates offered unprecedented opportunities—provided they could navigate the scrutiny of their new academic peers.
TheBoard2_Title;<b>The Board of Trustees</b>
TheBoard2_Content;{{0=?|As founding benefactors of the Hospital, the family held seats of honor on the University's newly formed Board of Trustees. Their past philanthropy was repaid with institutional influence and privileged access to the academy's stores.|Though the family had neglected the Hospital Board in the previous generation, the University faculty still extended a cautious professional courtesy to the heirs on the hill.}}{{1=?| Their celebrated medical breakthroughs in the previous generation further elevated their standing among the faculty.|}}
BuildAward_Title;<b>Mayoral Legacy</b>
BuildAward_Content;A delegation from the municipal council arrived at the estate of <b>{{0=...}}</b> III to honor the enduring civic legacy of their grandparent's term as Mayor.<br /><br />{{1=?|The town Bank had financed the rapid expansion of the University district, yielding handsome dividends for the former Mayor's lineage.|The public Library founded during their ancestor's administration had become the cornerstone of the University's archival collection, granting the family privileged scholarly access.}}
LoveCharity_Title;<b>A Charitable Heart</b>
LoveCharity_Content;The Order of Sisters from the Hospital visited <b>{{0=...}}</b> III in private, presenting a preserved reliquary of gratitude for the extraordinary generosity shown by their family during the dark days of the Yellow Fever. One of the Hospital's most devoted orderlies pledged their lifelong service to the estate as a Caretaker.
UniEvent1_Title;<b>A New Academic Department</b>
UniEvent1_Content;At the conclusion of the University's inaugural term in <b>{{0=...}}</b>, the Dean of Medicine convened a special symposium to address the psychological toll of cutting-edge scientific research. A new Department of Psychology was proposed to evaluate and treat the brightest minds of the valley.
UniEvent2_Title;<b>Department of Psychology</b>
UniEvent2_Content;The faculty must establish the diagnostic threshold on the <icon=Insanity_Icon> Track for admission into the University's psychiatric treatment program.<br /><br />Together, choose a number on the <icon=Insanity_Icon> Track:
ChooseSanity_Title;<b>Psychiatric Evaluation</b>
ChooseSanity_Content;The Department of Psychology established its diagnostic threshold at space <b>{{0=...}}</b> of the <icon=Insanity_Icon> Track. Those whose minds had been strained past that threshold received restorative therapy and academic commendation, while those of steadier temperament were invited to lecture and draw from the University's research reserves.
UniversityEventEnd_Title;<b>The Term Continues</b>
UniversityEventEnd_Content;With the new department integrated into the campus, the scholars returned to their respective laboratories as the Middle Years commenced.
VaccinationProgram1_Title;<b>Exemplary Composure & The Great Vaccination Program</b>
VaccinationProgram1_Content;Before launching the University's final grand initiative—the Great Vaccination Program—the Board of Trustees wished to recognize the family member who had maintained the clearest, most rational mind.<br /><br />Which player is currently furthest behind (lowest) on the <icon=Insanity_Icon> Track? <i>(If tied, choose among the tied players.)</i>
ResolveVaccination_Title;<b>The Great Vaccination Program</b>
ResolveVaccination_Content;The final bell of the University's third term tolled across the valley as the faculty gathered to evaluate the family's contributions to the Great Vaccination Program.<br /><br />How many players donated a B- or C-level Biology or Chemistry Experiment to the University during this round?
SubVaccine_Title;<b>A Modest Effort</b>
SubVaccine_Content;Though only a small number of experimental samples were contributed to the University's initiative, the faculty managed to synthesize a localized inoculation that protected the immediate township.
MedVaccine_Title;<b>A Regional Success</b>
MedVaccine_Content;Thanks to the substantial research donated by the family, the University successfully produced and distributed a potent vaccine across the surrounding counties, earning widespread acclaim.
UltimateVaccine_Title;<b>The Eradication of Disease!</b>
UltimateVaccine_Content;Through the unanimous and selfless scientific collaboration of the entire family, the University of <b>{{0=...}}</b> achieved the impossible: a universal vaccine that completely eradicated the plague and its variants from the entire region!